fid,tht_hg,bht_dm,wtrtb_bt,wdpt_nm,wdpt_cd,lng,lat
"1",5,15,4,느티나무,ZS,127.047322938,37.469035243
"2",11,27,6,양버즘나무,PTA,126.989927687,37.49385943
"3",11,25,10,양버즘나무,PTA,126.985955839,37.5039043
"4",7,28,5,양버즘나무,PTA,127.0126627,37.487870573
"5",10,32,8,칠엽수,AC,127.011875105,37.501014253
"6",7,27,8,양버즘나무,PTA,127.036547749,37.468577728
"7",11,26,7,양버즘나무,PTA,127.015161715,37.519235462
"8",12,41,11,양버즘나무,PTA,126.996839691,37.488609904
"9",8,17,6,양버즘나무,PTA,127.037593634,37.469357703
"10",12,43,6,양버즘나무,PTA,126.992158311,37.502300155
"11",13,45,7,양버즘나무,PTA,127.007275904,37.49309232
"12",7,24,6,양버즘나무,PTA,127.030389742,37.489071424
"13",14,32,7,양버즘나무,PTA,127.038662577,37.479496119
"14",12,35,8,양버즘나무,PTA,126.982581118,37.488726291
"15",13,26,3,양버즘나무,PTA,127.037107963,37.481894302
"16",6,20,4,메타세쿼이아,TB,127.025136441,37.464404711
"17",8,18,5,양버즘나무,PTA,127.021517402,37.502463507
"18",10,23,5,양버즘나무,PTA,126.987395455,37.490009141
"19",9,16,4,메타세쿼이아,TB,127.02010138,37.510627711
"20",11,36,8,양버즘나무,PTA,127.005300076,37.483001243
"21",0,17,5,느티나무,ZS,127.038896711,37.478546657
"22",0,9,0,느티나무,ZS,127.008602894,37.47858326
"23",5,17,3,느티나무,ZS,127.047019996,37.468839847
"24",8,29,7,양버즘나무,PTA,126.991480194,37.483472489
"25",12,24,10,양버즘나무,PTA,127.038370979,37.478256676
"26",7,20,5,은행나무,GB,127.047356723,37.473134556
"27",12,46,8,메타세쿼이아,TB,127.040980815,37.474765816
"28",0,9,0,느티나무,ZS,127.022271993,37.482770421
"29",11,23,6,양버즘나무,PTA,126.988984097,37.492208047
"30",6,20,7,회화나무,STJ,127.011142541,37.485128467
"31",3,10,4,단풍나무,MP,127.010892653,37.493291752
"32",6,20,6,은행나무,GB,127.050475553,37.454842012
"33",7,10,2,은행나무,GB,126.99711145,37.503925848
"34",13,29,6,양버즘나무,PTA,127.037366643,37.481562598
"35",3,10,2,꽃사과,PRS,126.985206738,37.485651485
"36",10,25,4,양버즘나무,PTA,127.039855932,37.478462568
"37",6,27,5,메타세쿼이아,TB,127.025738398,37.465164692
"38",9,24,7,은행나무,GB,127.010998801,37.509693328
"39",12,34,6,양버즘나무,PTA,126.983085321,37.496299709
"40",9,25,5,양버즘나무,PTA,127.027170979,37.490585805
"41",8,21,8,양버즘나무,PTA,127.024981422,37.497149829
"42",6,25,8,느티나무,ZS,127.003927477,37.49170555
"43",12,34,8,양버즘나무,PTA,127.008223682,37.491145379
"44",9,30,5,양버즘나무,PTA,127.026427704,37.491887321
"45",12,26,5,양버즘나무,PTA,127.004952365,37.490286406
"46",11,28,6,양버즘나무,PTA,127.01709991,37.500945338
"47",12,25,7,양버즘나무,PTA,126.99810427,37.489112614
"48",8,19,5,양버즘나무,PTA,127.026747651,37.491485048
"49",0,9,0,느티나무,ZS,127.038369262,37.485009092
"50",10,25,4,은행나무,GB,127.01503624,37.518464332
"51",12,36,10,양버즘나무,PTA,126.999753702,37.507405481
"52",14,32,6,양버즘나무,PTA,127.018316489,37.494990481
"53",13,24,3,양버즘나무,PTA,127.037581565,37.481343025
"54",6,31,8,느티나무,ZS,127.011711544,37.457189313
"55",5,10,2,메타세쿼이아,TB,126.988899034,37.474876961
"56",12,28,6,양버즘나무,PTA,127.023742404,37.49687587
"57",1,33,8,양버즘나무,PTA,127.036116862,37.477648128
"58",10,29,8,양버즘나무,PTA,127.037778084,37.47775681
"59",13,41,8,느티나무,ZS,127.029613257,37.484083453
"60",10,15,2,은행나무,GB,127.020741975,37.486117856
"61",9,18,4,양버즘나무,PTA,126.991490104,37.483638828
"62",7,16,3,메타세쿼이아,TB,127.028827645,37.468601527
"63",7,16,5,은행나무,GB,127.045441877,37.476716834
"64",8,15,3,은행나무,GB,127.011858519,37.513176501
"65",11,21,8,양버즘나무,PTA,126.993136893,37.488725814
"66",8,14,3,은행나무,GB,127.02575374,37.494039043
"67",6,20,7,회화나무,STJ,127.011371331,37.484652166
"68",10,26,4,양버즘나무,PTA,126.987198151,37.490675511
"69",12,29,10,양버즘나무,PTA,127.038366443,37.478334568
"70",6,16,3,은행나무,GB,126.988454857,37.464415658
"71",7,10,2,은행나무,GB,127.037562596,37.459635776
"72",7,26,6,양버즘나무,PTA,127.032340121,37.470236304
"73",13,36,10,가중나무,AA,127.005346727,37.511986087
"74",7,9,1,은행나무,GB,127.044545159,37.472861381
"75",5,10,2,메타세쿼이아,TB,127.004779604,37.476679741
"76",12,26,6,양버즘나무,PTA,127.005362426,37.490848225
"77",9,28,6,양버즘나무,PTA,127.013343886,37.511939254
"78",10,39,8,양버즘나무,PTA,127.036657956,37.4688202
"79",5,12,2,메타세쿼이아,TB,127.000188321,37.474504546
"80",11,32,6,양버즘나무,PTA,126.985963147,37.500835937
"81",8,13,4,은행나무,GB,127.038969177,37.462616618
"82",7,14,2,은행나무,GB,127.036903226,37.461600792
"83",13,31,6,양버즘나무,PTA,126.98876898,37.495657228
"84",5,10,2,메타세쿼이아,TB,126.999937705,37.474409563
"85",5,10,2,메타세쿼이아,TB,127.004224197,37.476417663
"86",15,22,8,양버즘나무,PTA,127.037518722,37.480705254
"87",0,15,5,느티나무,ZS,127.038931296,37.47866461
"88",0,9,0,느티나무,ZS,127.024770037,37.483427835
"89",13,14,3,은행나무,GB,127.044160306,37.478926546
"90",13,32,10,양버즘나무,PTA,126.98971629,37.498077065
"91",5,10,2,은행나무,GB,127.004993487,37.502567224
"92",8,42,10,느티나무,ZS,127.013864085,37.480521017
"93",10,15,2,양버즘나무,PTA,127.025653502,37.501613094
"94",7,16,5,은행나무,GB,127.026114283,37.470840683
"95",4,13,2,은행나무,GB,127.022605526,37.483126636
"96",14,24,12,느티나무,ZS,127.086529825,37.462323207
"97",6,27,3,느티나무,ZS,127.010909793,37.456799294
"98",9,30,6,양버즘나무,PTA,127.022843147,37.499645049
"99",10,30,10,양버즘나무,PTA,127.040253506,37.468496763
"100",0,9,0,느티나무,ZS,127.024602893,37.48339639
"101",7,29,7,은행나무,GB,127.046386595,37.47419634
"102",6,10,2,양버즘나무,PTA,127.04017674,37.467918895
"103",7,31,5,양버즘나무,PTA,126.989149571,37.478414187
"104",6,22,6,느티나무,ZS,127.002825105,37.50312135
"105",12,23,5,양버즘나무,PTA,127.008794737,37.483470487
"106",10,24,10,양버즘나무,PTA,127.000172513,37.477454238
"107",6,14,3,은행나무,GB,127.057228302,37.445940669
"108",6,13,2,은행나무,GB,127.046930742,37.459499108
"109",11,32,5,양버즘나무,PTA,127.028731849,37.487720381
"110",11,30,8,양버즘나무,PTA,127.014484424,37.493930919
"111",5,19,4,느티나무,ZS,127.044248161,37.466811084
"112",12,39,8,양버즘나무,PTA,127.016172936,37.494585133
"113",12,25,6,양버즘나무,PTA,127.03779138,37.481025113
"114",6,32,4,느티나무,ZS,127.045607053,37.46362529
"115",13,27,5,양버즘나무,PTA,127.004568703,37.498744506
"116",5,10,2,메타세쿼이아,TB,127.003255479,37.475622254
"117",13,29,6,양버즘나무,PTA,126.990615293,37.484818256
"118",13,29,5,양버즘나무,PTA,127.004596249,37.49866412
"119",7,27,4,양버즘나무,PTA,127.032347476,37.474563927
"120",6,22,4,느티나무,ZS,127.039663167,37.46934937
"121",3,15,3,느티나무,ZS,127.015445006,37.484765367
"122",7,11,2,은행나무,GB,127.051310765,37.453253877
"123",5,12,3,은행나무,GB,127.024477272,37.469400128
"124",6,10,1,칠엽수,AC,127.013295882,37.496000173
"125",18,24,6,양버즘나무,PTA,127.037606797,37.480444498
"126",13,33,10,가중나무,AA,127.012239547,37.51895766
"127",3,15,3,느티나무,ZS,127.015325472,37.484742152
"128",12,38,7,양버즘나무,PTA,126.982806328,37.489850333
"129",5,8,3,왕벚나무,PS,127.049718876,37.455702711
"130",7,21,3,은행나무,GB,127.016633743,37.515260396
"131",10,30,10,양버즘나무,PTA,126.993356191,37.498121261
"132",10,29,5,은행나무,GB,127.000747208,37.481813541
"133",7,22,7,은행나무,GB,127.045459612,37.474963392
"134",5,19,4,메타세쿼이아,TB,127.023944557,37.463548426
"135",9,17,3,느티나무,ZS,127.079349406,37.45963771
"136",7,21,4,은행나무,GB,127.025531298,37.47040496
"137",6,30,6,메타세쿼이아,TB,127.024432269,37.463763829
"138",6,28,5,메타세쿼이아,TB,127.021662052,37.461790172
"139",5,13,2,메타세쿼이아,TB,126.990351811,37.474469445
"140",6,25,6,느티나무,ZS,126.984998862,37.476247244
"141",7,28,3,은행나무,GB,127.040723735,37.469260295
"142",7,28,6,칠엽수,AC,127.010955766,37.503941392
"143",5,18,4,느티나무,ZS,127.047520958,37.469194435
"144",6,29,7,메타세쿼이아,TB,127.043029509,37.477023076
"145",9,29,6,느티나무,ZS,127.075793639,37.458434002
"146",12,25,10,양버즘나무,PTA,126.985827073,37.504281298
"147",14,28,8,양버즘나무,PTA,126.981992374,37.478725212
"148",10,23,6,양버즘나무,PTA,127.014375873,37.5091567
"149",6,16,3,은행나무,GB,127.011105271,37.509125488
"150",11,20,7,양버즘나무,PTA,127.004950243,37.491008677
"151",5,10,2,메타세쿼이아,TB,127.000391978,37.474269944
"152",8,21,4,메타세쿼이아,TB,127.036144868,37.462711109
"153",6,14,3,은행나무,GB,127.04774405,37.45739172
"154",11,30,4,양버즘나무,PTA,127.006062057,37.491479035
"155",8,12,2,메타세쿼이아,TB,127.03082263,37.470996983
"156",5,16,3,느티나무,ZS,126.994571894,37.48781251
"157",8,31,8,느티나무,ZS,127.030734231,37.490830089
"158",8,38,9,느티나무,ZS,127.011655563,37.479737195
"159",11,27,6,메타세쿼이아,TB,127.041745958,37.475644585
"160",6,23,4,은행나무,GB,127.046343852,37.460681251
"161",4,14,3,은행나무,GB,127.024474334,37.47130551
"162",5,10,2,메타세쿼이아,TB,126.990511148,37.474715567
"163",9,21,4,은행나무,GB,127.01103311,37.509255991
"164",8,15,5,느티나무,ZS,127.077296979,37.459408438
"165",11,24,8,양버즘나무,PTA,127.008145979,37.483551412
"166",6,25,5,느티나무,ZS,127.047857865,37.462482132
"167",8,20,4,느티나무,ZS,127.039785061,37.468293839
"168",8,10,2,은행나무,GB,127.025187091,37.495216025
"169",9,23,4,느티나무,ZS,127.078571424,37.459414164
"170",9,18,5,양버즘나무,PTA,127.028860325,37.487447848
"171",7,27,7,은행나무,GB,127.044456595,37.474420144
"172",8,13,5,은행나무,GB,127.019087491,37.510538003
"173",6,21,6,양버즘나무,PTA,127.003844935,37.499594806
"174",12,15,5,양버즘나무,PTA,127.025247713,37.487711364
"175",5,16,2,느티나무,ZS,127.041957429,37.465193317
"176",6,17,4,은행나무,GB,127.04885698,37.4565039
"177",9,14,2,메타세쿼이아,TB,127.035751807,37.462863231
"178",6,12,2,은행나무,GB,127.050313355,37.455175614
"179",13,36,7,양버즘나무,PTA,127.007802616,37.491234121
"180",12,34,5,양버즘나무,PTA,126.988480042,37.501531462
"181",8,18,6,느티나무,ZS,127.077596296,37.459303887
"182",6,12,5,은행나무,GB,126.987619656,37.467084048
"183",4,26,3,느티나무,ZS,127.044758171,37.464333816
"184",0,9,0,느티나무,ZS,127.024719437,37.483419691
"185",7,26,6,은행나무,GB,127.046970974,37.47350751
"186",4,15,2,느티나무,ZS,126.992885292,37.487316599
"187",6,21,6,칠엽수,AC,127.012984086,37.496210348
"188",12,30,7,양버즘나무,PTA,127.024787591,37.49719464
"189",12,22,8,양버즘나무,PTA,127.008107012,37.511388451
"190",7,39,12,양버즘나무,PTA,126.995816631,37.484149485
"191",12,32,8,양버즘나무,PTA,126.997953679,37.488914273
"192",9,20,5,은행나무,GB,127.010318689,37.510584311
"193",8,28,3,양버즘나무,PTA,127.026441466,37.492507954
"194",0,25,5,느티나무,ZS,127.038921415,37.478626863
"195",11,19,7,양버즘나무,PTA,127.014899446,37.518508046
"196",7,14,5,은행나무,GB,127.043957162,37.47140324
"197",5,8,3,왕벚나무,PS,127.049196964,37.456060163
"198",6,21,7,느티나무,ZS,127.05390294,37.459699937
"199",9,28,5,은행나무,GB,127.000863385,37.481839436
"200",4,25,5,느티나무,ZS,126.983384702,37.476152048
"201",14,27,5,양버즘나무,PTA,127.029527128,37.485046646
"202",10,20,5,양버즘나무,PTA,126.988261165,37.488669167
"203",8,14,3,메타세쿼이아,TB,127.012581203,37.508563144
"204",8,30,5,양버즘나무,PTA,127.02445202,37.491441635
"205",4,18,3,느티나무,ZS,126.991240444,37.486864496
"206",9,25,6,양버즘나무,PTA,126.991777955,37.483016338
"207",8,19,5,은행나무,GB,127.011030796,37.493380147
"208",8,30,5,양버즘나무,PTA,127.026218594,37.491968548
"209",8,21,3,느티나무,ZS,127.065386124,37.45556298
"210",10,34,6,양버즘나무,PTA,126.982028728,37.479697955
"211",4,16,3,메타세쿼이아,TB,127.028727387,37.468492199
"212",12,22,5,메타세쿼이아,TB,127.04179637,37.475704516
"213",12,33,7,메타세쿼이아,TB,127.040392383,37.47433059
"214",8,27,4,메타세쿼이아,TB,127.03571377,37.463101771
"215",6,22,5,은행나무,GB,127.050220524,37.455106512
"216",8,28,5,느티나무,ZS,127.060660292,37.456613314
"217",4,13,3,은행나무,GB,127.024195115,37.471543803
"218",6,14,2,은행나무,GB,127.045774629,37.467886123
"219",7,22,6,칠엽수,AC,127.013052666,37.495920285
"220",10,32,12,양버즘나무,PTA,126.996935894,37.48135131
"221",5,18,4,느티나무,ZS,127.045483335,37.463144332
"222",4,15,4,은행나무,GB,127.012203767,37.482919385
"223",0,9,0,느티나무,ZS,127.02153097,37.482970354
"224",9,31,5,양버즘나무,PTA,127.025982478,37.493469244
"225",6,12,4,느티나무,ZS,127.048414004,37.462245714
"226",9,13,3,메타세쿼이아,TB,127.020898785,37.511078218
"227",9,18,4,감나무,DIK,127.010481182,37.479535874
"228",8,24,3,메타세쿼이아,TB,127.028688112,37.468437707
"229",9,22,6,양버즘나무,PTA,127.013288103,37.512371363
"230",7,14,3,은행나무,GB,127.010214798,37.512376987
"231",7,16,4,메타세쿼이아,TB,127.034893869,37.47380876
"232",0,8,0,느티나무,ZS,127.037009122,37.48481957
"233",7,6,4,회화나무,STJ,127.009870473,37.504311053
"234",0,9,0,느티나무,ZS,127.021858116,37.482709964
"235",8,19,5,양버즘나무,PTA,127.011732284,37.487585139
"236",5,18,4,느티나무,ZS,127.041766597,37.466512908
"237",0,20,4,양버즘나무,PTA,127.035121689,37.483120603
"238",8,24,5,양버즘나무,PTA,127.027440327,37.490019315
"239",13,9,3,은행나무,GB,127.041645215,37.484499666
"240",4,6,2,왕벚나무,PS,127.052641159,37.450524773
"241",6,10,1,은행나무,GB,127.048237133,37.457064692
"242",8,17,5,은행나무,GB,126.99465246,37.493940199
"243",11,43,12,느티나무,ZS,127.084224274,37.461572755
"244",7,20,6,은행나무,GB,127.041327007,37.472460896
"245",10,16,6,양버즘나무,PTA,126.986220085,37.476705129
"246",7,15,3,은행나무,GB,127.014065805,37.490813318
"247",9,31,10,양버즘나무,PTA,126.98627845,37.498461638
"248",5,12,2,메타세쿼이아,TB,127.004405324,37.47651779
"249",5,16,4,느티나무,ZS,127.047635798,37.469266918
"250",4,6,2,왕벚나무,PS,127.052907008,37.450318739
"251",7,24,6,은행나무,GB,127.043370707,37.473999838
"252",11,13,3,은행나무,GB,127.044602798,37.477943221
"253",7,21,5,은행나무,GB,127.026814469,37.471307824
"254",15,24,5,양버즘나무,PTA,127.004286443,37.498286154
"255",5,18,3,느티나무,ZS,127.045893343,37.468010804
"256",10,25,6,양버즘나무,PTA,127.036024736,37.482897609
"257",11,33,5,양버즘나무,PTA,127.028720135,37.487355289
"258",8,31,5,양버즘나무,PTA,126.993229119,37.480753751
"259",5,10,2,메타세쿼이아,TB,126.99905465,37.474113379
"260",13,36,10,양버즘나무,PTA,126.991940311,37.498036416
"261",7,15,5,칠엽수,AC,127.011901828,37.500906196
"262",8,22,6,느티나무,ZS,127.060951752,37.456861414
"263",8,16,4,은행나무,GB,127.011763506,37.513007289
"264",6,15,3,칠엽수,AC,127.012320481,37.500246034
"265",10,39,7,양버즘나무,PTA,127.010846184,37.484957076
"266",6,35,8,느티나무,ZS,127.082030091,37.462670751
"267",17,28,5,양버즘나무,PTA,127.035670654,37.482605116
"268",9,27,8,양버즘나무,PTA,127.038408152,37.477233968
"269",5,15,3,은행나무,GB,127.035646399,37.460195031
"270",11,31,4,양버즘나무,PTA,127.005417927,37.491279704
"271",7,26,7,느티나무,ZS,127.02772853,37.483859886
"272",8,20,6,은행나무,GB,126.994850184,37.493968531
"273",9,26,12,양버즘나무,PTA,127.000309432,37.481949566
"274",0,8,0,느티나무,ZS,127.040740695,37.485338954
"275",7,17,6,은행나무,GB,127.017437335,37.494970004
"276",11,30,6,양버즘나무,PTA,126.990008469,37.493738841
"277",7,16,5,은행나무,GB,127.043884134,37.471273147
"278",5,15,6,회화나무,STJ,127.010264784,37.504065877
"279",11,28,5,양버즘나무,PTA,127.029161857,37.486421202
"280",10,23,5,양버즘나무,PTA,127.002595681,37.482275358
"281",9,31,6,느티나무,ZS,127.083470844,37.461034339
"282",7,16,4,은행나무,GB,126.992225911,37.493481109
"283",9,12,2,은행나무,GB,127.002648912,37.482259719
"284",8,25,6,느티나무,ZS,127.054493478,37.459258649
"285",8,26,6,느티나무,ZS,127.062362817,37.455881779
"286",8,29,5,메타세쿼이아,TB,127.027920384,37.467307086
"287",11,27,6,양버즘나무,PTA,127.009473994,37.483602248
"288",5,15,2,느티나무,ZS,127.042289613,37.465449033
"289",7,24,5,느티나무,ZS,127.052368461,37.460548401
"290",6,32,5,느티나무,ZS,127.029049658,37.48400279
"291",15,33,6,양버즘나무,PTA,127.038919372,37.47834468
"292",5,13,4,은행나무,GB,127.049559293,37.455711298
"293",15,55,10,튤립나무,LT,126.993934279,37.503005259
"294",7,26,8,느티나무,ZS,127.032036815,37.484413667
"295",11,32,9,양버즘나무,PTA,127.013471387,37.514523513
"296",7,19,8,양버즘나무,PTA,127.032977124,37.469550182
"297",13,33,8,가중나무,AA,127.014959606,37.520487371
"298",7,17,3,칠엽수,AC,127.012857797,37.496733724
"299",5,28,7,느티나무,ZS,127.068083941,37.456014666
"300",5,16,4,느티나무,ZS,127.045127096,37.46745594
"301",7,16,6,회화나무,STJ,127.011107909,37.502813162
"302",20,25,5,양버즘나무,PTA,127.035763525,37.482520012
"303",6,19,4,은행나무,GB,127.010155202,37.494437394
"304",12,33,8,양버즘나무,PTA,126.98218045,37.482413349
"305",5,10,2,메타세쿼이아,TB,126.998116643,37.473856336
"306",8,12,3,은행나무,GB,127.025893796,37.493742548
"307",15,19,5,양버즘나무,PTA,127.035345603,37.482908536
"308",8,23,6,느티나무,ZS,127.039534576,37.468725156
"309",7,14,6,은행나무,GB,127.011761949,37.512949348
"310",7,28,6,은행나무,GB,126.994070928,37.480177839
"311",6,27,8,느티나무,ZS,127.025257406,37.460085002
"312",7,19,4,은행나무,GB,127.029754141,37.473042812
"313",12,39,9,메타세쿼이아,TB,127.030155892,37.470537826
"314",6,17,4,은행나무,GB,127.048229497,37.456946258
"315",9,22,6,양버즘나무,PTA,127.037543862,37.481347386
"316",10,23,12,양버즘나무,PTA,126.99800977,37.480745949
"317",7,25,6,양버즘나무,PTA,127.012866125,37.484283191
"318",11,28,6,튤립나무,LT,127.014008747,37.508996345
"319",10,31,5,양버즘나무,PTA,127.021776728,37.490627391
"320",13,34,10,양버즘나무,PTA,126.999393577,37.509105074
"321",6,35,8,느티나무,ZS,127.025981866,37.460055815
"322",7,11,2,은행나무,GB,127.01094934,37.512776871
"323",6,35,6,느티나무,ZS,127.021364148,37.460500555
"324",9,14,2,은행나무,GB,127.008124692,37.509212826
"325",4,19,5,느티나무,ZS,127.015781751,37.484825276
"326",12,26,7,양버즘나무,PTA,127.01311649,37.510487176
"327",12,32,10,양버즘나무,PTA,127.007536515,37.483430619
"328",7,15,4,은행나무,GB,127.045080602,37.475326963
"329",6,12,3,은행나무,GB,127.06791917,37.432811788
"330",6,18,4,느티나무,ZS,127.016377351,37.484678179
"331",7,24,6,은행나무,GB,127.045865916,37.474579875
"332",8,21,7,느티나무,ZS,127.058775418,37.457610239
"333",0,27,8,양버즘나무,PTA,127.038969734,37.478507268
"334",9,17,7,은행나무,GB,127.010621447,37.494214103
"335",11,19,8,양버즘나무,PTA,126.993282625,37.488482747
"336",4,12,1,은행나무,GB,126.99925267,37.479259037
"337",8,26,5,메타세쿼이아,TB,127.029592448,37.469483357
"338",10,27,8,양버즘나무,PTA,127.014404707,37.50224897
"339",7,27,5,양버즘나무,PTA,126.988466107,37.478317114
"340",11,53,8,양버즘나무,PTA,127.008095047,37.491413081
"341",9,17,5,은행나무,GB,126.998206078,37.496698512
"342",5,14,4,은행나무,GB,127.056245576,37.446731253
"343",8,22,5,양버즘나무,PTA,127.027878475,37.489102001
"344",6,32,6,느티나무,ZS,127.021479415,37.460498613
"345",0,9,0,느티나무,ZS,127.024307821,37.483360148
"346",7,19,4,은행나무,GB,127.051188471,37.453483857
"347",8,31,12,양버즘나무,PTA,126.996049017,37.483787523
"348",6,30,8,칠엽수,AC,127.012920098,37.496474109
"349",7,19,6,은행나무,GB,127.045370083,37.474980695
"350",18,27,8,양버즘나무,PTA,127.037071477,37.481309308
"351",11,44,10,양버즘나무,PTA,127.000497015,37.506745203
"352",4,10,1,은행나무,GB,126.995450542,37.480660117
"353",6,11,2,은행나무,GB,127.058103046,37.444118982
"354",5,16,3,은행나무,GB,127.024544408,37.469475395
"355",7,11,3,메타세쿼이아,TB,127.0424388,37.479112152
"356",6,16,5,은행나무,GB,126.990150678,37.479141267
"357",7,24,2,양버즘나무,PTA,127.03423988,37.475212807
"358",6,20,2,양버즘나무,PTA,127.01355607,37.511214513
"359",9,27,6,느티나무,ZS,127.075830992,37.458930892
"360",6,15,3,은행나무,GB,127.051587846,37.4529444
"361",3,29,6,느티나무,ZS,127.067720866,37.456252759
"362",7,13,2,은행나무,GB,127.035427846,37.460538754
"363",6,16,6,은행나무,GB,127.043980274,37.476488794
"364",7,12,5,칠엽수,AC,126.995111308,37.480527167
"365",5,31,8,느티나무,ZS,127.00364832,37.49198384
"366",6,13,4,은행나무,GB,126.987894998,37.46007972
"367",10,24,5,양버즘나무,PTA,127.00515822,37.482768633
"368",8,40,5,양버즘나무,PTA,127.01640045,37.488839841
"369",6,38,8,양버즘나무,PTA,127.010308437,37.486852822
"370",10,37,12,양버즘나무,PTA,126.995684298,37.498877649
"371",8,23,6,느티나무,ZS,127.07835793,37.459550474
"372",7,32,8,양버즘나무,PTA,127.024752089,37.497080958
"373",13,38,12,가중나무,AA,127.011053496,37.517884269
"374",15,53,10,양버즘나무,PTA,126.997089789,37.503630987
"375",12,34,7,양버즘나무,PTA,126.98290864,37.492405913
"376",8,24,6,메타세쿼이아,TB,127.022719843,37.499951619
"377",9,23,5,느티나무,ZS,127.074096883,37.458160565
"378",7,22,5,은행나무,GB,127.045564627,37.471871524
"379",7,13,4,은행나무,GB,126.9999967,37.506871212
"380",7,18,6,은행나무,GB,127.044094689,37.474276109
"381",0,9,0,느티나무,ZS,127.018576116,37.482155335
"382",8,24,10,양버즘나무,PTA,126.999439906,37.500374687
"383",6,16,4,은행나무,GB,126.988451026,37.4642794
"384",5,10,2,메타세쿼이아,TB,127.002195536,37.475442059
"385",6,19,6,은행나무,GB,127.050658056,37.454484427
"386",9,31,5,양버즘나무,PTA,127.024658877,37.495845999
"387",8,29,5,양버즘나무,PTA,127.003979049,37.482545787
"388",7,13,2,메타세쿼이아,TB,126.99489662,37.473739106
"389",7,20,4,은행나무,GB,127.050715166,37.454678274
"390",6,21,4,메타세쿼이아,TB,127.026988503,37.466093137
"391",8,23,10,양버즘나무,PTA,127.012252739,37.502841817
"392",5,8,2,단풍나무,MP,126.985819259,37.485935621
"393",0,9,0,느티나무,ZS,127.040134958,37.485262257
"394",0,23,5,양버즘나무,PTA,127.038926309,37.478510451
"395",9,24,7,양버즘나무,PTA,126.992686799,37.489446836
"396",9,14,2,메타세쿼이아,TB,127.002123576,37.505485945
"397",7,20,5,은행나무,GB,127.045157373,37.476964786
"421",8,21,4,메타세쿼이아,TB,127.036627547,37.462267742
"398",12,37,12,양버즘나무,PTA,126.986140562,37.502731334
"399",6,24,7,느티나무,ZS,127.052782483,37.460180423
"400",7,16,6,은행나무,GB,127.044021948,37.471427604
"401",11,23,8,양버즘나무,PTA,127.006234154,37.510324947
"402",6,42,6,느티나무,ZS,127.023634838,37.460417359
"403",10,31,8,양버즘나무,PTA,127.037290882,37.469229566
"404",10,27,10,양버즘나무,PTA,127.040383723,37.468366816
"405",0,9,0,느티나무,ZS,127.021154338,37.482918023
"406",5,19,4,느티나무,ZS,127.048638861,37.47000526
"407",12,34,10,양버즘나무,PTA,127.000921301,37.505853154
"408",11,30,6,양버즘나무,PTA,126.988272632,37.491924617
"409",11,30,4,은행나무,GB,126.998134751,37.495596208
"410",9,30,5,양버즘나무,PTA,127.003943891,37.506035825
"411",5,14,4,은행나무,GB,127.055730438,37.447208491
"412",6,14,2,은행나무,GB,127.044779989,37.471693794
"413",7,25,5,양버즘나무,PTA,126.989114745,37.47839592
"414",6,27,5,은행나무,GB,127.045776264,37.467427944
"415",9,24,5,메타세쿼이아,TB,127.030950192,37.471134322
"416",7,16,4,은행나무,GB,127.028708857,37.472506853
"417",4,21,5,느티나무,ZS,126.982436247,37.485117742
"418",5,10,2,메타세쿼이아,TB,126.990753413,37.474357157
"419",13,28,5,양버즘나무,PTA,127.004950837,37.496955847
"420",10,25,8,양버즘나무,PTA,126.982055076,37.480222165
"422",10,12,3,은행나무,GB,127.007268412,37.49197214
"423",6,25,8,느티나무,ZS,127.004246398,37.491181881
"424",8,17,5,양버즘나무,PTA,127.022265776,37.490773745
"425",5,25,7,느티나무,ZS,126.98850675,37.479321955
"426",14,21,4,양버즘나무,PTA,127.0224527,37.486639558
"427",10,29,7,느티나무,ZS,127.031402499,37.483443319
"428",7,19,5,은행나무,GB,126.982141301,37.480308621
"429",8,17,6,느티나무,ZS,127.07751411,37.459276141
"430",7,28,10,느티나무,ZS,127.030753388,37.49077499
"431",14,20,4,양버즘나무,PTA,127.023377095,37.48692765
"432",0,9,0,느티나무,ZS,127.016858949,37.481950801
"433",12,43,12,가중나무,AA,127.006324612,37.51326334
"434",6,30,8,양버즘나무,PTA,127.014688278,37.488747607
"435",11,47,8,양버즘나무,PTA,127.027109007,37.497503722
"436",9,22,8,양버즘나무,PTA,127.001612169,37.475675114
"437",6,25,6,느티나무,ZS,127.057754163,37.458048148
"438",6,16,3,은행나무,GB,127.046831427,37.459763802
"439",6,24,5,메타세쿼이아,TB,127.021397554,37.461590847
"440",11,43,10,양버즘나무,PTA,127.000781277,37.506145328
"441",8,18,6,회화나무,STJ,127.011023299,37.502866958
"442",6,27,5,메타세쿼이아,TB,127.02082723,37.461162752
"443",6,10,2,메타세쿼이아,TB,126.998150111,37.473563703
"444",10,16,4,메타세쿼이아,TB,127.030474556,37.472208526
"445",0,16,5,느티나무,ZS,127.038946051,37.4785183
"446",11,23,6,양버즘나무,PTA,126.988232082,37.488527618
"447",12,34,6,양버즘나무,PTA,126.9851278,37.490921051
"448",8,29,5,양버즘나무,PTA,127.025857431,37.493743946
"449",7,27,5,느티나무,ZS,127.05125378,37.460649655
"450",7,12,3,은행나무,GB,127.052334248,37.451155924
"451",4,21,5,느티나무,ZS,126.98738064,37.479891748
"452",6,22,4,은행나무,GB,127.040860126,37.469232023
"453",6,16,3,양버즘나무,PTA,126.993098439,37.480958825
"454",7,26,6,느티나무,ZS,127.041154668,37.464079447
"455",6,30,5,느티나무,ZS,127.010495859,37.456575095
"456",9,28,8,양버즘나무,PTA,127.0388717,37.473251657
"457",5,12,2,메타세쿼이아,TB,127.002424152,37.475554145
"458",14,32,7,느티나무,ZS,127.033243589,37.484579816
"459",11,22,6,양버즘나무,PTA,127.003742016,37.500165539
"460",3,8,2,단풍나무,MP,126.984805005,37.485817343
"461",5,12,3,은행나무,GB,127.024851391,37.469813929
"462",7,18,4,은행나무,GB,126.995014362,37.493906051
"463",9,17,5,은행나무,GB,127.010940776,37.509424904
"464",5,10,2,은행나무,GB,127.005117249,37.50261853
"465",10,26,5,양버즘나무,PTA,127.00128572,37.48197877
"466",7,17,4,은행나무,GB,127.049097239,37.473190042
"467",10,29,7,양버즘나무,PTA,126.998314629,37.481481585
"468",7,21,5,은행나무,GB,127.042931998,37.474282387
"469",9,26,5,양버즘나무,PTA,127.026181415,37.493052039
"470",13,18,10,양버즘나무,PTA,126.999759658,37.508351282
"471",7,18,4,은행나무,GB,127.049992102,37.455452703
"472",7,21,4,양버즘나무,PTA,127.018470454,37.485633536
"473",6,28,7,느티나무,ZS,127.017184334,37.458465828
"474",9,16,5,메타세쿼이아,TB,127.020048818,37.510828414
"475",13,37,10,가중나무,AA,127.004723961,37.511377818
"476",6,10,3,은행나무,GB,127.067841623,37.432883629
"477",7,13,3,메타세쿼이아,TB,127.04188696,37.478467739
"478",6,32,6,메타세쿼이아,TB,127.022414283,37.462161507
"479",13,47,12,가중나무,AA,127.007840801,37.509745818
"480",7,22,5,양버즘나무,PTA,127.014538681,37.488083313
"481",13,39,6,양버즘나무,PTA,127.004276106,37.499462157
"482",8,21,4,양버즘나무,PTA,127.033270534,37.475027112
"483",7,27,5,메타세쿼이아,TB,127.021406714,37.461403364
"484",12,47,12,가중나무,AA,127.009907492,37.516765996
"485",7,14,2,은행나무,GB,127.011377511,37.51297429
"486",4,21,4,느티나무,ZS,127.044369733,37.464685937
"487",5,8,2,메타세쿼이아,TB,127.00648141,37.47716204
"488",13,14,5,은행나무,GB,127.003832155,37.50182457
"489",6,24,6,칠엽수,AC,127.013017842,37.497193813
"490",16,16,5,양버즘나무,PTA,127.037240116,37.481010385
"491",9,21,5,양버즘나무,PTA,127.028047379,37.488356546
"492",5,26,8,느티나무,ZS,127.030132133,37.492088439
"493",13,29,4,양버즘나무,PTA,127.025824175,37.487675937
"494",11,31,8,양버즘나무,PTA,127.035072195,37.484492648
"495",4,13,4,은행나무,GB,127.011918561,37.482737972
"496",13,27,5,양버즘나무,PTA,127.005107736,37.490574619
"497",9,27,5,양버즘나무,PTA,127.022161548,37.490744384
"498",4,13,4,은행나무,GB,127.011947117,37.482680481
"499",16,13,2,은행나무,GB,127.041379041,37.485072365
"500",9,24,5,양버즘나무,PTA,127.027380607,37.490546674
"501",5,8,4,단풍나무,MP,126.992570295,37.487510915
"502",8,19,8,양버즘나무,PTA,127.038602628,37.470529878
"503",7,26,4,메타세쿼이아,TB,127.028489993,37.46810192
"504",7,26,6,느티나무,ZS,127.020906487,37.460490912
"505",7,27,5,양버즘나무,PTA,126.990266029,37.479185367
"506",8,15,4,은행나무,GB,127.011113716,37.512808515
"507",7,15,3,은행나무,GB,126.99017603,37.49347595
"508",5,8,3,왕벚나무,PS,127.048786852,37.456432866
"509",8,21,4,느티나무,ZS,127.06127156,37.456723369
"510",9,21,5,양버즘나무,PTA,127.038921295,37.47152136
"511",8,26,4,은행나무,GB,127.016967838,37.515365924
"512",8,40,9,메타세쿼이아,TB,127.027840763,37.467204461
"513",8,27,8,칠엽수,AC,127.012178449,37.50086796
"514",9,12,1,은행나무,GB,127.017833237,37.515498683
"515",5,23,5,느티나무,ZS,126.983431525,37.476144108
"516",8,19,5,양버즘나무,PTA,127.027566814,37.492238061
"517",6,14,3,은행나무,GB,127.052321216,37.45145437
"518",10,24,7,양버즘나무,PTA,127.015139977,37.519178433
"519",5,10,2,메타세쿼이아,TB,126.990993674,37.474582543
"520",9,35,6,느티나무,ZS,127.058925931,37.457355276
"521",7,12,5,은행나무,GB,127.010911239,37.512543764
"522",6,20,5,은행나무,GB,127.050875799,37.454112486
"523",7,31,6,은행나무,GB,127.043688435,37.473544481
"524",8,34,6,양버즘나무,PTA,127.014837301,37.49390528
"525",9,29,4,은행나무,GB,127.002099493,37.482150639
"526",4,15,4,은행나무,GB,127.024418763,37.471353261
"527",8,28,6,느티나무,ZS,127.082392161,37.46321899
"528",13,33,12,느티나무,ZS,127.087350373,37.462595308
"529",10,26,5,은행나무,GB,127.000979568,37.481872726
"530",8,15,3,느티나무,ZS,127.04652716,37.462598454
"531",10,30,8,느티나무,ZS,127.033111065,37.484229981
"532",4,11,2,은행나무,GB,127.012073143,37.513212414
"533",6,17,3,은행나무,GB,127.04668994,37.459770002
"534",12,29,10,양버즘나무,PTA,127.029304507,37.493957127
"535",8,17,3,메타세쿼이아,TB,127.029192521,37.469023216
"536",7,37,5,양버즘나무,PTA,127.013429018,37.487950577
"537",12,31,9,양버즘나무,PTA,126.996673207,37.488560791
"538",12,42,7,양버즘나무,PTA,127.010439376,37.492823013
"539",8,28,5,양버즘나무,PTA,126.994664536,37.480624281
"540",7,24,4,양버즘나무,PTA,127.03084682,37.473961573
"541",10,27,5,양버즘나무,PTA,127.027992982,37.488859616
"542",14,17,6,은행나무,GB,127.018014179,37.48252607
"543",7,29,8,양버즘나무,PTA,127.022111312,37.496267715
"544",8,30,8,칠엽수,AC,127.01179673,37.501371974
"545",5,14,4,느티나무,ZS,127.023546762,37.48325758
"546",10,33,8,양버즘나무,PTA,127.032771546,37.469537726
"547",13,15,3,은행나무,GB,127.043381202,37.480654118
"548",4,9,2,은행나무,GB,127.024484115,37.469248703
"549",11,25,6,양버즘나무,PTA,126.98858582,37.492048562
"550",5,15,4,은행나무,GB,127.055729929,37.447375656
"551",6,10,3,은행나무,GB,127.067202698,37.433517792
"552",8,30,7,느티나무,ZS,127.046648612,37.462570331
"553",5,20,5,메타세쿼이아,TB,127.028942519,37.468975504
"554",9,29,8,느티나무,ZS,127.068203325,37.456199473
"555",7,18,5,칠엽수,AC,127.013335736,37.494731199
"556",8,29,6,느티나무,ZS,127.019884051,37.460474014
"557",11,25,6,양버즘나무,PTA,127.008017636,37.491613661
"558",7,12,2,은행나무,GB,127.058204358,37.444002697
"559",6,23,7,느티나무,ZS,127.053189468,37.460006567
"560",12,10,2,은행나무,GB,127.004481974,37.502378279
"561",6,26,6,느티나무,ZS,127.055236345,37.45912498
"562",7,14,2,은행나무,GB,127.036720475,37.461457987
"563",4,6,2,왕벚나무,PS,127.052463274,37.451162821
"564",9,27,7,양버즘나무,PTA,127.01209171,37.509649183
"565",6,20,3,양버즘나무,PTA,126.993580159,37.480387011
"566",7,19,5,은행나무,GB,127.049279404,37.473015544
"567",9,23,7,양버즘나무,PTA,126.991473908,37.483478375
"568",10,16,4,은행나무,GB,127.013173983,37.50283352
"569",6,11,2,은행나무,GB,127.066061287,37.434647387
"570",6,13,2,은행나무,GB,127.042644371,37.470452464
"571",11,33,7,양버즘나무,PTA,127.013474278,37.511914248
"572",8,32,3,양버즘나무,PTA,127.02663343,37.492159375
"573",8,31,5,양버즘나무,PTA,127.017315945,37.509776211
"574",10,29,5,양버즘나무,PTA,127.004472959,37.482563905
"575",9,21,1,은행나무,GB,127.014334251,37.484728151
"576",8,21,4,양버즘나무,PTA,127.032412942,37.474736619
"577",6,14,4,은행나무,GB,126.987934535,37.461775839
"578",10,36,10,양버즘나무,PTA,126.996435539,37.49918254
"579",10,32,10,양버즘나무,PTA,127.012801722,37.502675095
"580",9,29,6,느티나무,ZS,127.073404895,37.458236949
"581",5,10,2,메타세쿼이아,TB,127.004169666,37.476060564
"582",7,18,4,양버즘나무,PTA,127.034399886,37.468025098
"583",9,30,12,느티나무,ZS,127.030521246,37.483870174
"584",6,24,6,은행나무,GB,127.041884068,37.469932611
"585",8,34,3,양버즘나무,PTA,127.038863022,37.47038978
"586",7,18,4,은행나무,GB,127.036437954,37.461205147
"587",12,26,8,가중나무,AA,127.007429082,37.510009071
"588",14,39,12,가중나무,AA,127.011574456,37.518392704
"589",9,24,5,양버즘나무,PTA,127.013450951,37.511074734
"590",8,14,5,메타세쿼이아,TB,127.034578256,37.473743129
"591",7,28,10,느티나무,ZS,127.012193355,37.457059735
"592",7,25,6,은행나무,GB,127.04475516,37.472517243
"593",5,10,2,메타세쿼이아,TB,126.989332464,37.474754145
"594",14,25,5,양버즘나무,PTA,127.035972481,37.482309107
"595",9,20,5,은행나무,GB,127.010353862,37.510517412
"596",12,36,7,양버즘나무,PTA,127.012780806,37.493543551
"597",8,21,4,양버즘나무,PTA,127.02966248,37.485255791
"598",9,34,8,양버즘나무,PTA,127.035224339,37.467696221
"599",7,18,7,양버즘나무,PTA,127.014001262,37.491195621
"600",11,38,8,양버즘나무,PTA,127.009250133,37.48825354
"601",0,8,0,느티나무,ZS,127.039253306,37.485138284
"602",11,20,6,양버즘나무,PTA,127.007403858,37.49160419
"603",6,12,2,은행나무,GB,127.057694488,37.444485549
"604",10,26,5,양버즘나무,PTA,127.011321131,37.487311894
"605",9,33,7,양버즘나무,PTA,126.982471146,37.487355865
"606",7,33,5,양버즘나무,PTA,127.017702602,37.489243792
"607",6,15,3,은행나무,GB,127.052568647,37.450941675
"608",10,36,4,양버즘나무,PTA,126.994524321,37.498418959
"609",6,21,5,양버즘나무,PTA,126.992820178,37.481569914
"610",6,13,4,은행나무,GB,127.05609015,37.446872383
"611",9,31,5,양버즘나무,PTA,127.028684402,37.487818647
"612",13,34,6,양버즘나무,PTA,126.98880609,37.49559968
"613",8,18,8,양버즘나무,PTA,127.010690951,37.498756673
"614",7,16,5,은행나무,GB,127.05099011,37.453857637
"615",9,27,8,느티나무,ZS,127.081419947,37.460753973
"616",7,25,7,은행나무,GB,127.044419685,37.474496192
"617",6,38,10,느티나무,ZS,127.011609423,37.456848277
"618",8,26,7,양버즘나무,PTA,127.038869089,37.472104972
"619",8,24,6,은행나무,GB,126.994863923,37.480442752
"620",8,37,8,양버즘나무,PTA,127.037910067,37.469310613
"621",0,9,0,느티나무,ZS,127.021284963,37.482628226
"622",7,22,3,양버즘나무,PTA,127.02186964,37.502104786
"623",7,30,5,양버즘나무,PTA,126.989052213,37.47837037
"624",5,14,4,은행나무,GB,127.024900536,37.470855929
"625",8,12,3,은행나무,GB,127.025698909,37.494146252
"626",8,22,5,양버즘나무,PTA,127.038766144,37.470044371
"627",6,20,8,느티나무,ZS,127.00274298,37.492813483
"628",6,14,3,은행나무,GB,127.051166702,37.453531064
"629",7,27,6,칠엽수,AC,127.013573884,37.494857416
"630",12,37,10,양버즘나무,PTA,127.007552317,37.511134802
"631",6,26,7,느티나무,ZS,127.051349232,37.460797721
"632",14,22,8,양버즘나무,PTA,127.037322401,37.480985293
"633",8,30,6,양버즘나무,PTA,127.027552368,37.488409023
"634",8,22,6,느티나무,ZS,127.079362242,37.45987753
"635",13,35,12,양버즘나무,PTA,127.020577489,37.512248944
"636",11,29,8,느티나무,ZS,127.032910556,37.484201446
"637",9,30,5,느티나무,ZS,127.040867402,37.464330539
"638",13,38,12,가중나무,AA,127.006458721,37.512325362
"639",10,29,4,양버즘나무,PTA,127.005240431,37.481352762
"640",10,28,4,메타세쿼이아,TB,127.044291065,37.478082214
"641",15,23,7,은행나무,GB,127.018041293,37.482479102
"642",11,26,6,메타세쿼이아,TB,127.042780735,37.477091406
"643",7,10,2,은행나무,GB,127.050002431,37.455305072
"644",5,15,3,느티나무,ZS,127.044976908,37.46355998
"645",8,19,6,은행나무,GB,126.992501502,37.493634282
"646",12,29,7,양버즘나무,PTA,127.00952142,37.492542869
"647",12,29,8,양버즘나무,PTA,127.011212302,37.492790696
"648",3,18,4,은행나무,GB,127.029258019,37.493924757
"649",8,30,5,양버즘나무,PTA,127.024510991,37.496570212
"650",8,36,10,느티나무,ZS,127.012520165,37.480109082
"651",8,29,7,은행나무,GB,127.017855647,37.482778414
"652",14,21,4,양버즘나무,PTA,127.023622684,37.481607457
"653",13,22,6,느티나무,ZS,127.029041846,37.483660505
"654",8,21,4,양버즘나무,PTA,127.036047672,37.477599844
"655",12,47,12,가중나무,AA,127.014524855,37.520018458
"656",9,26,6,은행나무,GB,127.016574704,37.515101093
"657",12,46,11,양버즘나무,PTA,126.985713447,37.504025528
"658",10,37,12,양버즘나무,PTA,127.019986009,37.513863007
"659",7,21,7,칠엽수,AC,127.011913989,37.500856573
"660",12,37,8,양버즘나무,PTA,126.98266874,37.489072715
"661",9,21,6,느티나무,ZS,127.074680747,37.458352147
"662",11,19,5,양버즘나무,PTA,127.013406466,37.512433724
"663",7,28,6,칠엽수,AC,127.012390873,37.499958788
"664",4,17,1,은행나무,GB,126.996250554,37.480917689
"665",9,24,5,양버즘나무,PTA,127.015968845,37.485771394
"666",10,17,3,은행나무,GB,127.001713794,37.482054264
"667",7,24,6,양버즘나무,PTA,127.014407283,37.48886351
"668",6,13,4,은행나무,GB,127.067463259,37.43327502
"669",10,29,8,양버즘나무,PTA,127.020306615,37.495712916
"670",7,33,8,양버즘나무,PTA,127.022302009,37.496326722
"671",10,33,5,양버즘나무,PTA,127.005484807,37.496729705
"672",6,13,2,은행나무,GB,127.051452614,37.453225101
"673",12,43,10,양버즘나무,PTA,126.999193301,37.508560428
"674",6,15,4,느티나무,ZS,127.051554788,37.460707363
"675",6,15,4,은행나무,GB,127.052815685,37.450233305
"676",7,19,5,양버즘나무,PTA,126.988462315,37.478071986
"677",12,30,6,양버즘나무,PTA,127.00758526,37.491493879
"678",7,23,6,은행나무,GB,127.047844401,37.474401777
"679",10,26,10,양버즘나무,PTA,127.037466581,37.477524395
"680",8,14,3,은행나무,GB,127.020274449,37.510679056
"681",17,41,10,양버즘나무,PTA,127.022546652,37.482794678
"682",6,16,4,은행나무,GB,127.042700608,37.470614763
"683",7,11,8,은행나무,GB,127.007491086,37.492655297
"684",7,25,5,양버즘나무,PTA,127.003655219,37.482690782
"685",5,15,4,은행나무,GB,127.04247006,37.470331792
"686",11,36,6,양버즘나무,PTA,126.987001565,37.490994953
"687",7,30,7,은행나무,GB,127.042476858,37.474861307
"688",9,10,1,은행나무,GB,127.013535642,37.511430479
"689",12,32,12,가중나무,AA,127.011369046,37.516684317
"690",9,34,6,양버즘나무,PTA,127.007261477,37.492078773
"691",5,10,2,메타세쿼이아,TB,127.002640795,37.475658422
"692",7,19,6,회화나무,STJ,127.010502403,37.503609338
"693",9,32,8,느티나무,ZS,127.031593532,37.48255645
"694",10,24,8,양버즘나무,PTA,127.001347992,37.476088274
"695",7,16,5,은행나무,GB,126.994193276,37.493788311
"696",8,16,1,은행나무,GB,126.994125998,37.480225969
"697",12,31,6,양버즘나무,PTA,126.990094453,37.485636098
"698",9,32,5,양버즘나무,PTA,127.006214282,37.482970669
"699",6,11,2,은행나무,GB,127.067612111,37.433114009
"700",13,19,8,은행나무,GB,127.043264133,37.480908687
"701",6,29,6,메타세쿼이아,TB,127.025933074,37.46534587
"702",6,18,5,느티나무,ZS,127.051041985,37.460926928
"703",9,15,3,느티나무,ZS,127.059359616,37.457358718
"704",8,24,6,메타세쿼이아,TB,127.022248091,37.500919536
"705",8,26,5,양버즘나무,PTA,126.989936938,37.479051286
"706",11,28,8,양버즘나무,PTA,127.011908022,37.493002177
"707",4,38,10,느티나무,ZS,127.087566503,37.46245186
"708",8,20,5,느티나무,ZS,127.065749711,37.455628176
"709",9,24,5,양버즘나무,PTA,127.011046557,37.498907604
"710",7,11,4,은행나무,GB,127.045078393,37.472345431
"711",10,26,8,양버즘나무,PTA,127.010587437,37.485483375
"712",6,17,4,은행나무,GB,126.987867395,37.461549136
"713",11,44,8,양버즘나무,PTA,127.014044657,37.493543449
"714",10,19,4,양버즘나무,PTA,127.035689843,37.476203511
"715",7,27,5,양버즘나무,PTA,126.988323916,37.478002432
"716",12,38,10,양버즘나무,PTA,126.999224142,37.508497525
"717",7,20,7,회화나무,STJ,127.011331521,37.484734872
"718",5,20,5,느티나무,ZS,127.047879355,37.469448161
"719",0,9,0,느티나무,ZS,127.010464323,37.479526456
"720",8,35,7,은행나무,GB,127.042641236,37.473320983
"721",9,21,7,느티나무,ZS,127.058183967,37.457620273
"722",10,13,3,은행나무,GB,127.003942544,37.499202393
"723",6,30,6,칠엽수,AC,127.013246625,37.49622719
"724",0,9,0,느티나무,ZS,127.008386978,37.478474076
"725",4,18,5,느티나무,ZS,126.982558819,37.48523597
"726",5,17,3,느티나무,ZS,127.04834149,37.469787919
"727",13,40,12,느티나무,ZS,127.086072239,37.462174114
"728",6,15,4,은행나무,GB,127.052779932,37.450542153
"729",7,21,6,은행나무,GB,127.044737234,37.474702109
"730",6,33,9,메타세쿼이아,TB,127.028268302,37.467886335
"731",12,47,12,가중나무,AA,127.007197932,37.510427226
"732",7,26,5,양버즘나무,PTA,127.02720439,37.492275966
"733",7,20,3,양버즘나무,PTA,127.013540523,37.484412906
"734",6,15,2,메타세쿼이아,TB,127.010666637,37.50799436
"735",9,21,6,가중나무,AA,127.014736619,37.515081653
"736",7,21,4,칠엽수,AC,127.01340609,37.495549475
"737",10,29,5,양버즘나무,PTA,127.010738027,37.484054056
"738",10,29,10,양버즘나무,PTA,127.008574678,37.511629756
"739",9,12,4,은행나무,GB,127.012064185,37.513111783
"740",8,23,5,느티나무,ZS,127.071506782,37.457035732
"741",7,12,2,은행나무,GB,127.037342006,37.461870376
"742",7,18,5,양버즘나무,PTA,127.014603654,37.487834779
"743",13,34,8,양버즘나무,PTA,126.982193452,37.482598927
"744",10,36,8,양버즘나무,PTA,126.994383666,37.498368716
"745",7,26,6,칠엽수,AC,127.012445602,37.499711289
"746",3,28,3,느티나무,ZS,127.026392272,37.499906157
"747",9,24,8,느티나무,ZS,127.031595097,37.483339659
"748",8,23,5,느티나무,ZS,127.07583109,37.458728237
"749",4,24,5,느티나무,ZS,127.044054441,37.466088213
"750",8,17,3,은행나무,GB,127.037811019,37.461761203
"751",6,34,10,느티나무,ZS,127.011387193,37.456734509
"752",15,24,6,양버즘나무,PTA,127.036019927,37.482338994
"753",8,33,6,느티나무,ZS,127.054743315,37.45915088
"754",10,31,6,은행나무,GB,126.987524726,37.491626405
"755",10,15,3,은행나무,GB,127.044585339,37.477979439
"756",6,31,8,느티나무,ZS,127.021813759,37.460223435
"757",11,26,8,양버즘나무,PTA,126.993051576,37.488853792
"758",10,21,4,양버즘나무,PTA,127.033967193,37.475267358
"759",5,17,3,은행나무,GB,126.992356905,37.493518768
"760",13,53,12,느티나무,ZS,127.091038429,37.463806997
"761",7,18,10,양버즘나무,PTA,127.008179602,37.503829798
"762",11,10,1,은행나무,GB,126.993910431,37.498243878
"763",6,31,3,느티나무,ZS,127.029880597,37.484225509
"764",6,11,4,은행나무,GB,126.987816069,37.461366601
"765",10,26,4,양버즘나무,PTA,127.006659645,37.478426114
"766",8,25,6,메타세쿼이아,TB,127.035161583,37.473852205
"767",9,21,6,은행나무,GB,126.998243788,37.497202539
"768",11,33,7,양버즘나무,PTA,127.007041325,37.491503116
"769",9,18,8,양버즘나무,PTA,127.012393499,37.513241252
"770",5,10,2,메타세쿼이아,TB,127.006033696,37.476946715
"771",7,19,10,회화나무,STJ,127.010152789,37.504283188
"772",8,24,5,양버즘나무,PTA,127.030373363,37.489266556
"773",5,14,3,느티나무,ZS,126.985176826,37.485677698
"774",8,11,4,은행나무,GB,127.044352247,37.478529644
"775",7,13,2,은행나무,GB,127.011450656,37.513047954
"776",6,20,4,은행나무,GB,127.048951101,37.469725478
"777",7,16,5,은행나무,GB,127.043623071,37.471239078
"778",8,26,7,양버즘나무,PTA,127.038396003,37.476421193
"779",7,19,5,은행나무,GB,127.044995424,37.47713536
"780",7,16,3,은행나무,GB,127.049740716,37.470527765
"781",12,35,10,가중나무,AA,127.006766439,37.511237627
"782",8,30,6,은행나무,GB,127.017492069,37.515531376
"783",8,30,8,양버즘나무,PTA,127.03845476,37.473223917
"784",8,11,2,은행나무,GB,127.012316589,37.513430655
"785",12,37,6,양버즘나무,PTA,126.983099671,37.496358279
"786",9,18,5,양버즘나무,PTA,127.010980146,37.498896444
"787",12,27,7,양버즘나무,PTA,127.007129111,37.491531489
"788",12,42,12,양버즘나무,PTA,126.985529722,37.498887708
"789",10,25,12,양버즘나무,PTA,126.998538569,37.481713771
"790",7,15,4,은행나무,GB,127.049499168,37.455764863
"791",5,10,2,메타세쿼이아,TB,127.001629142,37.474845018
"792",12,34,12,가중나무,AA,127.006151031,37.513094701
"793",9,26,12,양버즘나무,PTA,127.000246313,37.481933449
"794",6,10,3,은행나무,GB,126.999942421,37.500579023
"795",12,31,6,양버즘나무,PTA,126.989457694,37.494589557
"796",7,24,4,은행나무,GB,127.025900702,37.470697133
"797",6,14,4,은행나무,GB,127.049654168,37.455768143
"798",8,19,6,양버즘나무,PTA,127.038940318,37.476494422
"799",7,19,8,양버즘나무,PTA,127.033501174,37.468990676
"800",5,10,2,메타세쿼이아,TB,127.001364537,37.475050831
"801",9,18,4,은행나무,GB,127.01337169,37.508803648
"802",12,28,5,양버즘나무,PTA,126.98937133,37.50171592
"803",12,46,12,양버즘나무,PTA,126.986333031,37.502138025
"804",6,10,2,은행나무,GB,127.052954988,37.449990257
"805",6,13,4,은행나무,GB,127.067159282,37.433564857
"806",6,17,4,은행나무,GB,127.045866873,37.467492209
"807",6,15,2,은행나무,GB,127.031874028,37.470735749
"808",9,19,4,느티나무,ZS,127.078995638,37.459536788
"809",8,24,6,메타세쿼이아,TB,127.022514188,37.500360005
"810",8,20,8,양버즘나무,PTA,127.038459767,37.476399001
"811",16,25,8,양버즘나무,PTA,127.022979644,37.482744576
"812",10,18,3,양버즘나무,PTA,127.029749178,37.484856941
"813",6,22,6,은행나무,GB,127.042714101,37.470500711
"814",6,12,2,은행나무,GB,126.988440137,37.464071317
"815",6,33,8,느티나무,ZS,127.016361464,37.484637385
"816",0,9,0,느티나무,ZS,127.010947292,37.479770121
"817",8,31,5,양버즘나무,PTA,127.023088582,37.499514234
"818",14,37,6,양버즘나무,PTA,127.020369205,37.495596425
"819",7,31,7,은행나무,GB,127.042859959,37.47449358
"820",10,24,5,양버즘나무,PTA,127.028129124,37.488983196
"821",4,6,2,왕벚나무,PS,127.057234097,37.445715294
"822",10,36,8,양버즘나무,PTA,127.013381387,37.512634141
"823",10,30,8,양버즘나무,PTA,127.041156605,37.467021315
"824",10,31,6,메타세쿼이아,TB,127.029172203,37.469240243
"825",6,13,2,칠엽수,AC,127.013291494,37.494901443
"826",8,25,5,양버즘나무,PTA,127.028660595,37.487869424
"827",9,27,8,양버즘나무,PTA,126.997367271,37.482109498
"828",4,13,3,은행나무,GB,127.012963729,37.48136699
"829",10,39,13,양버즘나무,PTA,127.02362975,37.505824172
"830",5,10,3,왕벚나무,PS,127.035326016,37.478321899
"831",8,21,3,양버즘나무,PTA,127.024158363,37.504244276
"832",5,29,6,느티나무,ZS,127.022964638,37.507208734
"833",7,22,5,은행나무,GB,127.014787951,37.48821588
"834",10,38,11,양버즘나무,PTA,127.030953245,37.490506214
"835",13,33,8,양버즘나무,PTA,126.982028748,37.479192055
"836",7,29,7,은행나무,GB,127.042949446,37.474407376
"837",10,37,9,메타세쿼이아,TB,127.035994406,37.474158345
"838",6,15,4,은행나무,GB,127.04564363,37.476520653
"839",5,10,2,메타세쿼이아,TB,126.993418972,37.473679112
"840",6,20,4,메타세쿼이아,TB,127.025920888,37.465122583
"841",10,28,8,양버즘나무,PTA,127.010381163,37.483986543
"842",6,32,6,메타세쿼이아,TB,127.04060818,37.474334761
"843",7,22,7,느티나무,ZS,127.027552682,37.483834944
"844",6,15,3,메타세쿼이아,TB,127.010444229,37.507927787
"845",11,34,6,양버즘나무,PTA,126.983373764,37.4909609
"846",11,36,7,양버즘나무,PTA,127.010139568,37.492731104
"847",4,14,3,은행나무,GB,127.012569867,37.481384145
"848",11,33,12,양버즘나무,PTA,127.010756758,37.487140214
"849",6,11,3,은행나무,GB,127.06639939,37.434322872
"850",6,15,3,은행나무,GB,127.024577977,37.469512593
"851",9,20,5,양버즘나무,PTA,126.987915631,37.489205301
"852",4,6,2,왕벚나무,PS,127.056478462,37.446508159
"853",9,23,5,은행나무,GB,127.010577379,37.510105893
"854",8,21,5,느티나무,ZS,127.066233503,37.455411221
"855",9,23,6,은행나무,GB,127.010921698,37.509839164
"856",6,25,4,양버즘나무,PTA,126.993206782,37.480972397
"857",9,23,5,느티나무,ZS,127.076388817,37.458626083
"858",8,18,5,메타세쿼이아,TB,127.034484518,37.473799085
"859",12,44,8,양버즘나무,PTA,126.982791119,37.489647982
"860",10,24,10,양버즘나무,PTA,127.000856662,37.482088183
"861",9,28,8,느티나무,ZS,127.031884935,37.484059209
"862",10,28,10,양버즘나무,PTA,126.99693859,37.482777608
"863",9,26,7,느티나무,ZS,127.076055692,37.458516745
"864",6,19,6,은행나무,GB,127.04451769,37.475984573
"865",8,33,3,양버즘나무,PTA,127.038884293,37.470327223
"866",4,24,6,느티나무,ZS,127.068509683,37.456509113
"867",8,30,5,양버즘나무,PTA,127.02683153,37.49130729
"868",8,26,4,메타세쿼이아,TB,127.030431999,37.470597593
"869",9,25,8,양버즘나무,PTA,127.039442293,37.469576082
"870",8,38,4,양버즘나무,PTA,127.039242039,37.470107306
"871",0,9,0,느티나무,ZS,127.019587126,37.48239389
"872",10,34,12,양버즘나무,PTA,127.001097135,37.482149084
"873",7,20,8,양버즘나무,PTA,127.004349234,37.488067717
"874",9,16,4,메타세쿼이아,TB,127.042734426,37.477037568
"875",8,30,5,양버즘나무,PTA,127.027857124,37.489551027
"876",7,13,3,은행나무,GB,127.047308936,37.468534892
"877",12,42,9,메타세쿼이아,TB,127.040691684,37.474672157
"878",8,21,5,느티나무,ZS,127.063416777,37.455618085
"879",9,28,5,양버즘나무,PTA,127.02402757,37.491313682
"880",8,14,3,은행나무,GB,126.990308292,37.493311782
"881",6,15,3,느티나무,ZS,126.99391555,37.488001437
"882",7,21,3,은행나무,GB,127.046374696,37.472249145
"883",7,14,6,은행나무,GB,127.015222347,37.518974689
"884",7,10,2,은행나무,GB,127.050466703,37.45503203
"885",6,18,6,은행나무,GB,127.045840781,37.476330399
"886",7,19,5,양버즘나무,PTA,126.992448218,37.48214525
"887",9,10,1,은행나무,GB,127.014904826,37.509331143
"888",5,23,6,느티나무,ZS,126.98761189,37.480089402
"889",8,32,5,양버즘나무,PTA,127.02529979,37.494906485
"890",11,31,8,양버즘나무,PTA,126.982098426,37.481075213
"891",9,21,5,느티나무,ZS,127.064666975,37.455530154
"892",10,26,10,양버즘나무,PTA,127.040560434,37.468201518
"893",12,36,12,양버즘나무,PTA,127.009544112,37.498724359
"894",8,24,3,느티나무,ZS,127.061443223,37.456649206
"895",6,19,5,은행나무,GB,127.04756302,37.457641783
"896",6,23,4,은행나무,GB,127.048872537,37.456356794
"897",8,37,7,느티나무,ZS,127.046266914,37.462744812
"898",12,27,8,양버즘나무,PTA,126.990219401,37.501893286
"899",3,38,10,은행나무,GB,127.026167076,37.500529345
"900",10,33,8,양버즘나무,PTA,127.041199427,37.466979703
"901",8,19,4,은행나무,GB,127.014871647,37.502270156
"902",6,24,6,칠엽수,AC,127.012720993,37.497336355
"903",7,14,2,은행나무,GB,127.036829712,37.461547836
"904",6,12,2,메타세쿼이아,TB,126.995689819,37.473406087
"905",17,28,10,양버즘나무,PTA,127.037852754,37.48000781
"906",6,24,5,메타세쿼이아,TB,127.023426541,37.462934099
"907",5,12,4,느티나무,ZS,127.023474974,37.483244553
"908",14,40,8,양버즘나무,PTA,127.020532097,37.495919296
"909",9,29,5,양버즘나무,PTA,127.018721164,37.489701132
"910",8,30,5,양버즘나무,PTA,127.018514105,37.489490638
"911",9,18,4,양버즘나무,PTA,127.004162434,37.485679173
"912",11,23,8,느티나무,ZS,127.032638917,37.484494819
"913",10,23,5,양버즘나무,PTA,126.985709297,37.500303287
"914",5,25,8,느티나무,ZS,126.989647204,37.479040736
"915",12,25,6,양버즘나무,PTA,126.992275509,37.502324665
"916",12,22,6,양버즘나무,PTA,126.990262384,37.501902303
"917",5,10,2,메타세쿼이아,TB,127.004896681,37.476735053
"918",8,26,8,메타세쿼이아,TB,127.036226798,37.474203792
"919",4,24,5,느티나무,ZS,127.043863344,37.465957934
"920",6,36,10,메타세쿼이아,TB,127.028257169,37.467828344
"921",0,17,3,느티나무,ZS,127.036495079,37.48248306
"922",10,28,6,양버즘나무,PTA,127.023226028,37.498828611
"923",7,38,7,양버즘나무,PTA,127.010399454,37.486660507
"924",7,17,4,은행나무,GB,127.042567421,37.473181567
"925",9,26,12,양버즘나무,PTA,127.004284757,37.487635001
"926",0,9,0,느티나무,ZS,127.014841038,37.481355715
"927",6,29,6,느티나무,ZS,127.018546551,37.459547619
"928",10,27,10,가중나무,AA,127.015067641,37.515048761
"929",7,22,5,양버즘나무,PTA,127.014558895,37.488007461
"930",9,22,5,양버즘나무,PTA,127.015657157,37.486289156
"931",12,25,5,양버즘나무,PTA,127.029353975,37.486413501
"932",8,25,4,메타세쿼이아,TB,127.036769536,37.462140622
"933",6,12,3,은행나무,GB,127.065769751,37.434949594
"934",9,19,5,은행나무,GB,127.01092096,37.509460816
"935",12,31,10,양버즘나무,PTA,126.985615822,37.504316291
"936",13,28,8,양버즘나무,PTA,127.009055929,37.506895454
"937",0,9,0,느티나무,ZS,127.024555675,37.483108556
"938",8,18,3,양버즘나무,PTA,127.02197563,37.501877644
"939",12,38,12,양버즘나무,PTA,127.004462574,37.488925123
"940",8,24,8,양버즘나무,PTA,127.024909236,37.4971264
"941",7,15,6,느티나무,ZS,127.051633134,37.460858793
"942",8,13,2,은행나무,GB,127.011095348,37.512858358
"943",7,39,6,느티나무,ZS,127.020738401,37.460474118
"944",8,14,8,양버즘나무,PTA,127.034121838,37.464756413
"945",10,29,8,양버즘나무,PTA,127.001511251,37.475831741
"946",8,32,5,양버즘나무,PTA,127.011343525,37.487467236
"947",12,32,12,양버즘나무,PTA,127.011537375,37.498871442
"948",8,18,6,은행나무,GB,127.00891202,37.511695884
"949",7,24,8,은행나무,GB,126.998309981,37.499214547
"950",6,22,8,칠엽수,AC,127.012957475,37.496316825
"951",12,46,8,양버즘나무,PTA,127.008747948,37.489287878
"952",8,13,5,은행나무,GB,127.012022824,37.513092745
"953",5,22,6,느티나무,ZS,126.987328033,37.486075372
"954",7,30,6,은행나무,GB,127.043337138,37.474027192
"955",6,16,4,은행나무,GB,127.040966595,37.472124032
"956",5,21,5,느티나무,ZS,127.010329117,37.512226918
"957",9,11,4,은행나무,GB,127.00989375,37.512076344
"958",9,23,5,양버즘나무,PTA,127.024484461,37.496626626
"959",4,43,12,느티나무,ZS,127.088483794,37.462754748
"960",9,34,7,느티나무,ZS,127.058306522,37.457622206
"961",12,23,5,양버즘나무,PTA,127.004673773,37.488957926
"962",7,22,3,은행나무,GB,127.014461999,37.488545985
"963",5,15,4,느티나무,ZS,127.023216229,37.483201237
"964",7,15,3,은행나무,GB,127.01179431,37.513144508
"965",8,13,4,은행나무,GB,127.038677351,37.462401053
"966",16,18,5,양버즘나무,PTA,127.038023668,37.480757739
"967",7,30,6,느티나무,ZS,127.04109148,37.464029197
"968",10,22,3,양버즘나무,PTA,127.001965401,37.482151277
"969",8,30,8,느티나무,ZS,127.011238366,37.479525195
"970",7,25,7,은행나무,GB,127.046642978,37.473946514
"971",12,34,12,가중나무,AA,127.010938869,37.517772252
"972",13,35,7,양버즘나무,PTA,126.991136918,37.498331591
"973",15,39,5,양버즘나무,PTA,126.998181925,37.50420613
"974",7,29,6,칠엽수,AC,127.011253985,37.503382713
"975",12,37,8,양버즘나무,PTA,126.982736595,37.489366882
"976",9,28,5,양버즘나무,PTA,127.0238655,37.491265957
"977",10,24,7,양버즘나무,PTA,126.998397298,37.480169724
"978",5,10,2,메타세쿼이아,TB,126.989877388,37.474602218
"979",10,33,8,양버즘나무,PTA,126.982086485,37.480872449
"980",5,26,6,느티나무,ZS,127.014654767,37.480950474
"981",10,33,9,양버즘나무,PTA,127.006459626,37.478453297
"982",8,23,5,양버즘나무,PTA,127.011810147,37.48760845
"983",12,31,8,양버즘나무,PTA,127.015896177,37.494365276
"984",5,8,3,왕벚나무,PS,127.04862582,37.456715579
"985",8,33,7,느티나무,ZS,127.064580736,37.455195035
"986",7,14,2,은행나무,GB,127.039342386,37.463294435
"987",4,6,2,왕벚나무,PS,127.05679496,37.446382219
"988",5,11,4,메타세쿼이아,TB,126.984253988,37.476031713
"989",8,17,5,은행나무,GB,127.006029674,37.510299164
"990",13,27,7,양버즘나무,PTA,127.038314205,37.480117482
"991",4,26,7,양버즘나무,PTA,127.014277563,37.516432313
"992",5,20,3,양버즘나무,PTA,127.014671815,37.517519977
"993",8,24,4,메타세쿼이아,TB,127.036195606,37.462663716
"994",8,29,6,양버즘나무,PTA,127.03227951,37.474539354
"995",10,34,7,양버즘나무,PTA,127.038879534,37.475540034
"996",4,13,4,은행나무,GB,127.024529775,37.471394472
"997",6,16,5,은행나무,GB,126.988005773,37.466435355
"998",7,24,8,은행나무,GB,126.985973857,37.468802284
"999",8,24,6,양버즘나무,PTA,127.038883546,37.476474528
"1000",9,40,8,메타세쿼이아,TB,127.035020812,37.473898371
"1001",6,15,3,은행나무,GB,127.046967432,37.459404669
"1002",9,16,3,메타세쿼이아,TB,127.020322358,37.51069327
"1003",4,13,3,회화나무,STJ,127.017130336,37.520444947
"1004",10,34,5,양버즘나무,PTA,126.998832517,37.481736095
"1005",9,33,5,메타세쿼이아,TB,127.034514155,37.473727767
"1006",6,22,7,느티나무,ZS,127.014933181,37.457610558
"1007",6,16,4,은행나무,GB,126.987705564,37.460976465
"1008",12,33,6,가중나무,AA,127.008542675,37.515434347
"1009",7,15,4,은행나무,GB,126.995085922,37.493916485
"1010",11,39,8,양버즘나무,PTA,127.015947937,37.494517876
"1011",0,9,0,느티나무,ZS,127.009015413,37.478791485
"1012",12,35,6,양버즘나무,PTA,127.011220654,37.483871717
"1013",5,27,6,양버즘나무,PTA,127.01414206,37.516425128
"1014",7,13,4,은행나무,GB,127.044082538,37.471451097
"1015",5,30,5,메타세쿼이아,TB,127.024944599,37.464442049
"1016",8,27,8,양버즘나무,PTA,127.012631486,37.502703669
"1017",12,29,6,양버즘나무,PTA,126.987521397,37.497217633
"1018",10,37,10,양버즘나무,PTA,127.013732503,37.494187293
"1019",8,25,5,양버즘나무,PTA,127.034375104,37.466003076
"1020",8,30,6,느티나무,ZS,127.019998401,37.46056082
"1021",5,14,3,왕벚나무,PS,127.035371523,37.478283934
"1022",5,32,5,양버즘나무,PTA,127.014546884,37.48956249
"1023",9,41,8,양버즘나무,PTA,127.009678157,37.487366146
"1024",6,20,1,은행나무,GB,127.053321518,37.449492289
"1025",6,16,3,은행나무,GB,127.047472398,37.458022716
"1026",6,15,4,느티나무,ZS,127.041991837,37.464654732
"1027",12,30,7,양버즘나무,PTA,126.98702033,37.491570385
"1028",9,21,4,느티나무,ZS,127.067022076,37.455804315
"1029",11,35,8,양버즘나무,PTA,127.015645837,37.494424654
"1030",10,36,8,양버즘나무,PTA,127.03227665,37.470066787
"1031",10,23,5,양버즘나무,PTA,127.008352407,37.483383646
"1032",11,30,6,메타세쿼이아,TB,127.041513442,37.475624214
"1033",7,23,5,은행나무,GB,127.043866652,37.476472723
"1034",7,27,6,느티나무,ZS,127.082930698,37.461224136
"1035",6,16,4,은행나무,GB,127.047261911,37.458625377
"1036",10,31,12,양버즘나무,PTA,127.00071437,37.482051641
"1037",14,31,12,양버즘나무,PTA,127.03246154,37.487346001
"1038",7,13,3,은행나무,GB,127.049945058,37.455519246
"1039",8,25,4,느티나무,ZS,127.070998803,37.456913577
"1040",7,23,6,은행나무,GB,127.044014867,37.471320001
"1041",6,32,8,느티나무,ZS,127.017132894,37.458072682
"1042",9,14,4,양버즘나무,PTA,127.01073568,37.512425863
"1043",12,25,8,은행나무,GB,127.041622555,37.484544954
"1044",12,38,7,양버즘나무,PTA,126.982531244,37.488396811
"1045",6,34,7,메타세쿼이아,TB,127.025863949,37.465071315
"1046",15,38,5,양버즘나무,PTA,126.998170566,37.503956726
"1047",7,24,8,느티나무,ZS,127.004209913,37.49124915
"1048",12,32,6,메타세쿼이아,TB,127.013953255,37.515897465
"1049",11,35,6,메타세쿼이아,TB,127.042810205,37.476878771
"1050",12,29,10,양버즘나무,PTA,126.999393455,37.508158117
"1051",7,23,4,은행나무,GB,127.031563518,37.474214932
"1052",0,9,0,느티나무,ZS,127.020704661,37.482548456
"1053",8,15,3,은행나무,GB,127.025521472,37.494510201
"1054",10,41,8,은행나무,GB,126.998070346,37.495317537
"1055",11,34,8,양버즘나무,PTA,127.008322562,37.490944472
"1056",5,19,4,느티나무,ZS,126.982456357,37.485851379
"1057",3,14,3,느티나무,ZS,127.015004319,37.484682871
"1058",10,32,5,양버즘나무,PTA,127.004865292,37.482712001
"1059",8,16,6,느티나무,ZS,127.063952259,37.455458588
"1060",7,27,8,칠엽수,AC,127.012217336,37.500693825
"1061",7,33,8,느티나무,ZS,127.010960838,37.479366185
"1062",6,17,3,메타세쿼이아,TB,126.995024739,37.473451076
"1063",8,10,2,칠엽수,AC,127.011683374,37.501840135
"1064",10,21,7,양버즘나무,PTA,127.015430105,37.519545054
"1065",5,15,4,은행나무,GB,127.055826689,37.447281458
"1066",12,28,6,양버즘나무,PTA,126.990216121,37.485443859
"1067",6,13,4,은행나무,GB,126.988418452,37.46500868
"1068",6,25,7,느티나무,ZS,127.051858495,37.460577163
"1069",8,16,4,느티나무,ZS,127.047265898,37.46235251
"1070",7,24,5,은행나무,GB,127.0424071,37.474783377
"1071",6,21,6,은행나무,GB,127.047337575,37.473272886
"1072",0,9,0,느티나무,ZS,127.024639996,37.483401758
"1073",7,15,5,은행나무,GB,127.010892727,37.512707796
"1074",9,32,6,양버즘나무,PTA,127.039115614,37.470293003
"1075",4,46,8,느티나무,ZS,127.08953782,37.46310007
"1076",4,15,3,느티나무,ZS,127.000844164,37.474799974
"1077",8,15,3,은행나무,GB,127.0374916,37.461476624
"1078",10,29,5,양버즘나무,PTA,126.991199354,37.484087956
"1079",7,10,4,은행나무,GB,126.984578521,37.469977606
"1080",10,44,8,양버즘나무,PTA,127.0065686,37.494525863
"1081",4,17,3,느티나무,ZS,127.043788802,37.465965433
"1082",10,26,10,양버즘나무,PTA,127.03701371,37.477187672
"1083",7,16,3,은행나무,GB,127.051214275,37.453440911
"1084",7,20,5,은행나무,GB,127.044922244,37.471745164
"1085",8,16,4,느티나무,ZS,127.03903841,37.469373915
"1086",9,26,8,양버즘나무,PTA,127.039089608,37.470534686
"1087",6,14,3,메타세쿼이아,TB,127.017329677,37.510005637
"1088",6,10,2,은행나무,GB,127.067246122,37.433475679
"1089",6,15,4,은행나무,GB,127.048694238,37.469986344
"1090",4,42,10,느티나무,ZS,127.088777415,37.462843324
"1091",4,7,2,은행나무,GB,127.01824921,37.500752185
"1092",18,27,8,양버즘나무,PTA,127.036715354,37.481709068
"1093",6,12,4,은행나무,GB,127.067664852,37.433069414
"1094",8,21,8,양버즘나무,PTA,127.038447606,37.472028251
"1095",10,26,10,양버즘나무,PTA,126.996240211,37.483853845
"1096",5,20,5,느티나무,ZS,126.983669893,37.476483993
"1097",4,21,3,느티나무,ZS,126.983801169,37.476106231
"1098",15,37,6,양버즘나무,PTA,127.018028438,37.494901978
"1099",14,46,8,양버즘나무,PTA,127.018553294,37.495061547
"1100",8,28,5,양버즘나무,PTA,127.025626637,37.493825797
"1101",8,26,6,양버즘나무,PTA,127.034147772,37.465336526
"1102",4,35,12,느티나무,ZS,127.084377103,37.461406667
"1103",7,19,4,은행나무,GB,127.029257154,37.472836214
"1104",11,32,8,양버즘나무,PTA,126.992033215,37.502501513
"1105",12,37,6,양버즘나무,PTA,126.991083782,37.484091384
"1106",13,37,12,가중나무,AA,127.007867557,37.514454801
"1107",4,15,3,느티나무,ZS,126.984814724,37.485781911
"1108",6,27,6,느티나무,ZS,127.052369849,37.46035854
"1109",5,10,2,메타세쿼이아,TB,126.991960571,37.474326641
"1110",10,35,8,메타세쿼이아,TB,127.036726869,37.47451884
"1111",6,20,5,칠엽수,AC,127.013174393,37.496506957
"1112",8,20,4,느티나무,ZS,127.03971593,37.468378284
"1113",12,34,10,양버즘나무,PTA,127.007353548,37.511024196
"1114",0,9,0,느티나무,ZS,127.023047228,37.48317456
"1115",8,20,7,양버즘나무,PTA,127.038707985,37.470204849
"1116",5,17,4,느티나무,ZS,126.992127438,37.487309321
"1117",10,30,5,양버즘나무,PTA,126.987858928,37.489294116
"1118",11,41,6,양버즘나무,PTA,126.987660196,37.489408022
"1119",9,18,6,양버즘나무,PTA,127.013782421,37.492526585
"1120",7,16,5,은행나무,GB,126.987575047,37.46714904
"1121",8,20,6,느티나무,ZS,127.063635495,37.455542304
"1122",6,29,5,양버즘나무,PTA,127.014986204,37.488417035
"1123",0,9,0,느티나무,ZS,127.019041088,37.482286834
"1124",12,36,12,가중나무,AA,127.010830259,37.517353241
"1125",12,24,10,양버즘나무,PTA,127.007594135,37.511156657
"1126",15,37,8,튤립나무,LT,126.993162337,37.502789632
"1127",14,37,6,양버즘나무,PTA,127.002072715,37.503506384
"1128",6,14,4,양버즘나무,PTA,127.039724369,37.469285679
"1129",7,30,8,칠엽수,AC,127.012257585,37.500517612
"1130",12,28,8,양버즘나무,PTA,127.037992159,37.47982744
"1131",12,33,6,양버즘나무,PTA,126.990724243,37.484650114
"1132",8,23,2,은행나무,GB,127.011195518,37.508962716
"1133",9,32,6,메타세쿼이아,TB,127.03602066,37.474087261
"1134",12,14,6,은행나무,GB,127.044622859,37.477900231
"1135",7,23,6,양버즘나무,PTA,127.014361307,37.4891152
"1136",7,26,5,은행나무,GB,127.042342584,37.474981614
"1137",8,30,4,메타세쿼이아,TB,127.02909937,37.468911303
"1138",9,25,6,양버즘나무,PTA,126.995640377,37.484784821
"1139",8,24,4,은행나무,GB,127.037067399,37.461162503
"1140",4,13,3,은행나무,GB,127.012415709,37.482491093
"1141",4,48,12,느티나무,ZS,127.084148642,37.46133431
"1142",12,23,6,양버즘나무,PTA,126.986721776,37.505028855
"1143",8,12,1,메타세쿼이아,TB,127.012163756,37.508455263
"1144",10,25,8,양버즘나무,PTA,127.020379929,37.495733488
"1145",8,26,5,양버즘나무,PTA,127.025128213,37.494871839
"1146",9,23,5,은행나무,GB,127.010795766,37.510068229
"1147",10,30,4,양버즘나무,PTA,126.984822111,37.498401094
"1148",7,10,2,은행나무,GB,127.000731049,37.500894861
"1149",10,27,7,양버즘나무,PTA,127.036650437,37.48170595
"1150",13,35,4,양버즘나무,PTA,127.041534158,37.480510826
"1151",10,35,8,양버즘나무,PTA,127.001024783,37.476134277
"1152",12,41,9,메타세쿼이아,TB,127.041977427,37.476163807
"1153",7,24,8,은행나무,GB,127.046407506,37.474056577
"1154",10,28,8,양버즘나무,PTA,127.037666564,37.47767427
"1155",13,34,10,느티나무,ZS,127.091566743,37.463977305
"1156",8,24,5,느티나무,ZS,127.064207853,37.455579842
"1157",9,19,7,양버즘나무,PTA,127.038388905,37.471150899
"1158",7,20,5,은행나무,GB,127.049470049,37.470558566
"1159",7,31,7,칠엽수,AC,127.010191109,37.504467058
"1160",13,35,10,양버즘나무,PTA,126.986059633,37.498597367
"1161",9,27,5,양버즘나무,PTA,127.02747166,37.490350795
"1162",13,39,12,느티나무,ZS,127.087501186,37.462642025
"1163",6,20,4,양버즘나무,PTA,127.039844619,37.469039673
"1164",5,22,5,느티나무,ZS,126.986277116,37.485952009
"1165",6,31,10,느티나무,ZS,127.009664429,37.478688496
"1166",13,20,4,은행나무,GB,127.041822661,37.480865418
"1167",5,22,6,느티나무,ZS,126.982775742,37.476607276
"1168",4,13,3,은행나무,GB,127.024059939,37.471663538
"1169",6,20,6,은행나무,GB,127.046242779,37.468224112
"1170",8,13,2,은행나무,GB,126.983154047,37.472125527
"1171",12,26,6,양버즘나무,PTA,126.98656669,37.50499708
"1172",10,27,5,양버즘나무,PTA,127.023460294,37.498720751
"1173",10,17,4,양버즘나무,PTA,127.000163282,37.481696301
"1174",6,20,4,느티나무,ZS,127.039010267,37.472049636
"1175",7,33,5,메타세쿼이아,TB,127.02118925,37.461243332
"1176",9,29,9,양버즘나무,PTA,127.00029666,37.47770957
"1177",12,39,4,메타세쿼이아,TB,127.042353377,37.476357447
"1178",10,34,8,메타세쿼이아,TB,127.030227981,37.472530434
"1179",7,21,4,양버즘나무,PTA,127.033743494,37.475043024
"1180",5,10,2,메타세쿼이아,TB,127.003070107,37.47553267
"1181",8,19,3,은행나무,GB,127.01857741,37.51588596
"1182",7,33,5,양버즘나무,PTA,127.013513325,37.487975976
"1183",12,38,8,양버즘나무,PTA,127.016011624,37.494537866
"1184",12,35,12,가중나무,AA,127.005518485,37.512158505
"1185",6,16,2,은행나무,GB,126.987784635,37.46682803
"1186",8,28,4,양버즘나무,PTA,127.034340526,37.465619433
"1187",4,26,5,느티나무,ZS,126.987541583,37.480045077
"1188",10,44,9,메타세쿼이아,TB,127.035835199,37.47408618
"1189",11,29,6,양버즘나무,PTA,126.988379101,37.488298464
"1190",12,40,12,가중나무,AA,127.006859044,37.511579612
"1191",8,30,5,양버즘나무,PTA,127.025496245,37.491742919
"1192",8,18,4,양버즘나무,PTA,127.032608883,37.469945127
"1193",4,42,10,느티나무,ZS,127.085727305,37.461847588
"1194",5,10,2,은행나무,GB,127.057626833,37.444599318
"1195",8,32,7,칠엽수,AC,127.037396823,37.475049791
"1196",7,19,4,은행나무,GB,127.049579572,37.472722778
"1197",6,18,4,은행나무,GB,127.046391675,37.460562217
"1198",9,20,8,양버즘나무,PTA,127.039144725,37.470369463
"1199",7,27,10,회화나무,STJ,127.010168708,37.504251483
"1200",6,19,6,은행나무,GB,127.057428341,37.445586743
"1201",6,30,8,느티나무,ZS,127.014553065,37.457345378
"1202",8,24,6,양버즘나무,PTA,126.993414425,37.479996055
"1203",12,24,10,양버즘나무,PTA,127.000593849,37.505567842
"1204",4,6,2,왕벚나무,PS,127.053460949,37.449348225
"1205",8,20,4,느티나무,ZS,127.039213534,37.469083443
"1206",4,17,4,느티나무,ZS,127.015711212,37.484815309
"1207",11,34,7,양버즘나무,PTA,126.991445237,37.483525354
"1208",15,36,5,양버즘나무,PTA,126.998769099,37.504138243
"1209",13,17,7,느티나무,ZS,127.090611114,37.463665668
"1210",11,26,5,느티나무,ZS,127.082327836,37.461045271
"1211",8,18,4,은행나무,GB,127.03890846,37.462571
"1212",3,8,2,단풍나무,MP,126.992919083,37.487630209
"1213",9,22,5,양버즘나무,PTA,127.019102868,37.489815457
"1214",9,22,5,양버즘나무,PTA,127.01086474,37.498882951
"1215",4,13,3,은행나무,GB,127.012606382,37.481318632
"1216",7,8,2,은행나무,GB,127.037881068,37.459350504
"1217",8,18,2,은행나무,GB,127.016528804,37.51522749
"1218",8,29,5,느티나무,ZS,127.060166887,37.456826059
"1219",9,26,8,은행나무,GB,126.998322426,37.496701686
"1220",5,28,6,느티나무,ZS,127.044173533,37.464322283
"1221",11,21,7,은행나무,GB,127.042143176,37.483393005
"1222",4,40,8,느티나무,ZS,127.089624046,37.463113491
"1223",12,31,6,양버즘나무,PTA,126.987925357,37.496610275
"1224",7,29,5,양버즘나무,PTA,127.015970947,37.488718606
"1225",11,30,6,양버즘나무,PTA,126.98420957,37.490953292
"1226",8,23,5,양버즘나무,PTA,127.014820963,37.487224229
"1227",12,38,8,양버즘나무,PTA,127.008531409,37.489729423
"1228",5,15,4,은행나무,GB,127.053170472,37.449935014
"1229",9,19,5,메타세쿼이아,TB,127.029749538,37.47277516
"1230",8,30,6,느티나무,ZS,127.08067672,37.460545647
"1231",5,16,3,은행나무,GB,127.043350398,37.466121692
"1232",6,16,3,칠엽수,AC,127.012657113,37.497552859
"1233",5,10,2,메타세쿼이아,TB,126.999457762,37.474243595
"1234",12,43,13,은행나무,GB,127.022521125,37.50817541
"1235",12,37,12,양버즘나무,PTA,127.011859714,37.498914449
"1236",7,30,6,느티나무,ZS,127.052982068,37.459905355
"1237",6,17,4,느티나무,ZS,127.055134209,37.45916946
"1238",11,37,7,양버즘나무,PTA,126.991424647,37.483559397
"1239",6,26,12,양버즘나무,PTA,127.012151655,37.484148083
"1240",11,40,12,느티나무,ZS,127.031853416,37.48218191
"1241",10,29,10,양버즘나무,PTA,127.009673861,37.511755934
"1242",8,34,8,느티나무,ZS,127.011355982,37.479579708
"1243",19,27,6,양버즘나무,PTA,127.036107183,37.482224689
"1244",9,30,6,느티나무,ZS,127.082326467,37.460559082
"1245",12,41,13,은행나무,GB,127.022066873,37.509123172
"1246",10,30,5,양버즘나무,PTA,127.031751563,37.470621964
"1247",12,35,10,양버즘나무,PTA,126.98565112,37.504206502
"1248",9,20,6,양버즘나무,PTA,127.015446554,37.519999843
"1249",3,8,2,단풍나무,MP,126.984093586,37.485734135
"1250",11,14,5,은행나무,GB,127.015601127,37.501658145
"1251",8,29,7,은행나무,GB,127.044620373,37.472645391
"1252",7,17,6,은행나무,GB,127.044571967,37.471620954
"1253",0,9,0,느티나무,ZS,127.027649378,37.483498647
"1254",11,34,6,양버즘나무,PTA,127.023692524,37.504075802
"1255",13,39,8,양버즘나무,PTA,126.982186898,37.482558555
"1256",5,18,4,느티나무,ZS,126.982517685,37.485806565
"1257",5,23,6,느티나무,ZS,127.045037723,37.463552048
"1258",7,14,2,은행나무,GB,127.03907828,37.463107854
"1259",6,34,8,느티나무,ZS,127.048851759,37.461866523
"1260",7,20,4,은행나무,GB,127.036253751,37.461070004
"1261",0,9,0,느티나무,ZS,127.024643331,37.48312016
"1262",7,25,8,양버즘나무,PTA,127.033423838,37.46907404
"1263",9,30,6,은행나무,GB,127.016168591,37.514987364
"1264",11,25,3,양버즘나무,PTA,127.017227245,37.50089717
"1265",10,24,4,양버즘나무,PTA,127.00670962,37.478320503
"1266",12,31,7,양버즘나무,PTA,127.006785778,37.491426378
"1267",12,34,12,양버즘나무,PTA,127.010020204,37.498664484
"1268",4,18,1,은행나무,GB,126.996058245,37.480856624
"1269",5,14,3,은행나무,GB,127.028768166,37.472713811
"1270",8,28,5,양버즘나무,PTA,126.992946171,37.481197613
"1271",11,22,5,양버즘나무,PTA,127.037103897,37.481859186
"1272",13,37,10,느티나무,ZS,127.03299206,37.484541167
"1273",13,25,4,양버즘나무,PTA,127.040683315,37.479304344
"1274",5,17,6,느티나무,ZS,126.982593426,37.476633267
"1275",7,22,5,느티나무,ZS,127.078271811,37.459770592
"1276",6,15,4,은행나무,GB,127.049100279,37.456144068
"1277",14,27,4,양버즘나무,PTA,127.039843965,37.478712087
"1278",11,21,5,메타세쿼이아,TB,127.03955416,37.473817702
"1279",9,27,8,메타세쿼이아,TB,127.036529984,37.47439706
"1280",8,25,8,양버즘나무,PTA,127.038423254,37.470937404
"1281",9,31,6,양버즘나무,PTA,127.023607207,37.498067511
"1282",7,15,6,은행나무,GB,127.043815696,37.471347169
"1283",9,29,6,느티나무,ZS,127.014678687,37.484324734
"1284",11,31,6,양버즘나무,PTA,127.024808382,37.496955853
"1285",8,34,11,양버즘나무,PTA,127.034164488,37.465550378
"1286",8,17,5,느티나무,ZS,127.062984262,37.455801587
"1287",12,30,6,양버즘나무,PTA,126.986789438,37.505043051
"1288",8,24,6,메타세쿼이아,TB,127.022590806,37.50020887
"1289",12,31,7,양버즘나무,PTA,126.989584965,37.501758046
"1290",10,23,6,양버즘나무,PTA,127.038955216,37.477178041
"1291",6,27,4,느티나무,ZS,127.045974275,37.462181257
"1292",0,27,10,양버즘나무,PTA,127.036936685,37.481389473
"1293",10,29,10,양버즘나무,PTA,127.013572228,37.502759326
"1294",15,8,2,은행나무,GB,127.003760662,37.500284047
"1295",7,28,6,메타세쿼이아,TB,127.02091411,37.46103677
"1296",12,34,8,가중나무,AA,127.006941675,37.510910188
"1297",5,21,5,느티나무,ZS,126.99021567,37.486714794
"1298",8,14,6,가중나무,AA,127.013196916,37.519326141
"1299",11,32,7,양버즘나무,PTA,127.013523806,37.51154174
"1300",7,15,5,은행나무,GB,126.995991885,37.494136191
"1301",10,28,5,양버즘나무,PTA,126.988688363,37.488006239
"1302",11,38,8,양버즘나무,PTA,127.015781421,37.494467005
"1303",7,14,3,은행나무,GB,127.036684935,37.460393846
"1304",8,11,3,은행나무,GB,127.009869486,37.512258721
"1305",11,20,10,양버즘나무,PTA,126.998603386,37.479862797
"1306",6,13,3,은행나무,GB,127.048649404,37.45668895
"1307",7,13,3,은행나무,GB,127.050804347,37.454236353
"1308",6,25,3,느티나무,ZS,127.04905027,37.461971104
"1309",6,29,5,메타세쿼이아,TB,127.025254018,37.464517041
"1310",8,31,7,메타세쿼이아,TB,127.027643858,37.466978118
"1311",7,28,5,양버즘나무,PTA,126.98779927,37.477732117
"1312",8,30,7,은행나무,GB,127.045568128,37.474864595
"1313",11,19,6,양버즘나무,PTA,126.987058011,37.490789772
"1314",5,19,4,느티나무,ZS,126.982706781,37.48568027
"1315",13,41,12,가중나무,AA,127.010183536,37.516713375
"1316",12,29,8,메타세쿼이아,TB,127.041840495,37.476003234
"1317",8,30,5,양버즘나무,PTA,126.987105314,37.477376129
"1318",8,30,6,느티나무,ZS,127.059033278,37.457309276
"1319",5,8,2,메타세쿼이아,TB,126.996927472,37.473700076
"1320",9,35,5,양버즘나무,PTA,127.02692815,37.492191068
"1321",6,16,4,은행나무,GB,127.049226692,37.456167866
"1322",12,33,6,양버즘나무,PTA,126.989622091,37.494333963
"1323",7,20,6,은행나무,GB,127.044686275,37.474667118
"1324",6,22,7,느티나무,ZS,127.014802876,37.457607451
"1325",5,10,2,메타세쿼이아,TB,127.003897348,37.475929288
"1326",7,29,8,느티나무,ZS,127.003547789,37.492076993
"1327",9,28,6,은행나무,GB,127.018169442,37.515603274
"1328",8,33,6,메타세쿼이아,TB,127.027273595,37.466591055
"1329",9,18,5,느티나무,ZS,127.077933541,37.459412221
"1330",13,26,10,가중나무,AA,127.01243527,37.519101947
"1331",12,16,3,은행나무,GB,127.004735058,37.505962944
"1332",0,8,0,느티나무,ZS,127.038980919,37.485088457
"1333",9,18,3,양버즘나무,PTA,127.026840442,37.491682194
"1334",7,20,3,은행나무,GB,127.010184956,37.483942301
"1335",4,14,3,느티나무,ZS,127.044108393,37.464934253
"1336",13,16,4,양버즘나무,PTA,127.02205505,37.486742966
"1337",6,12,5,은행나무,GB,127.056018707,37.447102052
"1338",7,25,6,느티나무,ZS,127.041381163,37.464242814
"1339",5,13,2,메타세쿼이아,TB,127.003874793,37.476250987
"1340",6,14,4,은행나무,GB,127.015243368,37.502080833
"1341",6,14,3,은행나무,GB,127.051510746,37.453106097
"1342",0,9,0,느티나무,ZS,127.040958931,37.485376319
"1343",4,11,3,회화나무,STJ,127.016608937,37.520616494
"1344",8,15,4,은행나무,GB,126.993309194,37.493660975
"1345",9,34,5,양버즘나무,PTA,127.02500356,37.495126983
"1346",6,10,1,은행나무,GB,127.041920724,37.472751354
"1347",8,18,7,양버즘나무,PTA,127.038925574,37.472703998
"1348",7,45,10,느티나무,ZS,127.010718935,37.479244372
"1349",8,22,5,느티나무,ZS,127.069541858,37.456489686
"1350",6,30,7,느티나무,ZS,127.014577802,37.457598081
"1351",8,11,1,은행나무,GB,127.007905388,37.51480763
"1352",13,44,10,양버즘나무,PTA,126.991853863,37.498038086
"1353",10,26,10,양버즘나무,PTA,126.993276675,37.498105301
"1354",11,30,7,양버즘나무,PTA,126.982966044,37.494276574
"1355",4,11,4,회화나무,STJ,127.015648633,37.520135316
"1356",8,16,3,은행나무,GB,127.017929634,37.50996213
"1357",8,26,5,메타세쿼이아,TB,127.029782282,37.472734995
"1358",8,19,4,느티나무,ZS,127.059732157,37.457012582
"1359",7,22,5,은행나무,GB,127.046488069,37.467940826
"1360",14,22,4,양버즘나무,PTA,127.023161441,37.487083872
"1361",7,31,6,느티나무,ZS,127.044815023,37.477352403
"1362",4,18,5,느티나무,ZS,126.988938288,37.486162871
"1363",6,21,5,양버즘나무,PTA,127.013885416,37.484479951
"1364",10,28,4,양버즘나무,PTA,126.987336672,37.490167418
"1365",11,30,6,양버즘나무,PTA,126.988715946,37.487777598
"1366",5,16,3,은행나무,GB,127.027803557,37.472120966
"1367",5,10,2,메타세쿼이아,TB,126.986601404,37.475814072
"1368",4,21,4,양버즘나무,PTA,127.014146892,37.516067971
"1369",5,18,6,칠엽수,AC,127.012803942,37.496963626
"1370",4,14,3,은행나무,GB,127.012531759,37.482253229
"1371",12,40,5,양버즘나무,PTA,127.01576916,37.488806441
"1372",7,19,5,양버즘나무,PTA,127.027387648,37.492178746
"1373",4,35,4,메타세쿼이아,TB,127.028281563,37.467953621
"1374",8,28,6,은행나무,GB,127.014433705,37.488478048
"1375",11,33,12,양버즘나무,PTA,126.99487691,37.485606926
"1376",5,24,3,느티나무,ZS,126.987962808,37.485994435
"1377",0,9,0,느티나무,ZS,127.020463608,37.482798651
"1378",10,24,7,양버즘나무,PTA,127.009419638,37.512317809
"1379",8,40,8,메타세쿼이아,TB,127.027412331,37.466729555
"1380",8,20,7,느티나무,ZS,127.011394468,37.493155339
"1381",12,31,6,양버즘나무,PTA,126.989129004,37.487132618
"1382",6,15,1,은행나무,GB,127.026894999,37.49157009
"1383",8,27,6,느티나무,ZS,127.055463309,37.458841799
"1384",8,33,7,느티나무,ZS,127.055074101,37.459008216
"1385",8,12,1,은행나무,GB,127.010285079,37.51247576
"1386",7,17,5,은행나무,GB,127.045155351,37.475258074
"1387",8,19,2,양버즘나무,PTA,127.013100356,37.513825079
"1388",11,29,5,가중나무,AA,127.013386422,37.515369256
"1389",6,13,3,메타세쿼이아,TB,127.018252242,37.510284134
"1390",12,42,12,가중나무,AA,127.008050434,37.509353618
"1391",7,23,6,양버즘나무,PTA,127.029778946,37.488883828
"1392",11,36,8,양버즘나무,PTA,127.032654308,37.469663393
"1393",8,15,5,느티나무,ZS,127.078523692,37.459603356
"1394",14,43,12,가중나무,AA,127.008665174,37.508215607
"1395",11,30,10,양버즘나무,PTA,127.010980282,37.483893092
"1396",8,19,4,느티나무,ZS,127.060471542,37.456696643
"1397",10,26,4,양버즘나무,PTA,127.004784863,37.482296839
"1398",9,20,6,느티나무,ZS,127.073774564,37.458055825
"1399",7,12,4,양버즘나무,PTA,127.040826149,37.468003104
"1400",5,17,3,은행나무,GB,127.025114861,37.469947052
"1401",4,6,2,왕벚나무,PS,127.052766253,37.450318203
"1402",6,32,7,느티나무,ZS,127.018073078,37.459192287
"1403",9,43,12,느티나무,ZS,127.03064821,37.483886613
"1404",9,28,8,양버즘나무,PTA,127.0383874,37.47522236
"1405",7,20,6,은행나무,GB,127.041764882,37.472651957
"1406",12,40,10,양버즘나무,PTA,127.000622318,37.505506346
"1407",11,24,7,양버즘나무,PTA,126.992431725,37.481998534
"1408",6,32,8,느티나무,ZS,127.022424978,37.460201381
"1409",8,24,8,양버즘나무,PTA,127.03411672,37.464928585
"1410",9,27,7,양버즘나무,PTA,127.034342387,37.46715516
"1411",8,23,4,양버즘나무,PTA,127.036658443,37.476916429
"1412",7,11,2,메타세쿼이아,TB,126.994789223,37.473748123
"1413",9,26,6,느티나무,ZS,127.073357344,37.457916429
"1414",9,15,3,느티나무,ZS,127.076129915,37.458541974
"1415",7,13,2,메타세쿼이아,TB,126.994538358,37.473771027
"1416",0,9,0,느티나무,ZS,127.012495863,37.48055376
"1417",11,33,12,양버즘나무,PTA,127.027036648,37.498368342
"1418",8,10,2,은행나무,GB,126.982953436,37.493732969
"1419",10,33,7,양버즘나무,PTA,127.006927366,37.493025689
"1420",9,16,4,은행나무,GB,127.01110013,37.493239847
"1421",13,41,7,양버즘나무,PTA,127.008165091,37.490489767
"1422",9,25,5,양버즘나무,PTA,127.027723538,37.489829281
"1423",7,26,10,양버즘나무,PTA,126.996129492,37.483662304
"1424",12,18,4,양버즘나무,PTA,127.023468722,37.487177383
"1425",4,13,3,은행나무,GB,127.012082438,37.48239638
"1426",10,21,4,양버즘나무,PTA,127.036293299,37.477398886
"1427",6,28,5,메타세쿼이아,TB,127.025338346,37.464808403
"1428",5,10,2,메타세쿼이아,TB,126.999349338,37.473897406
"1429",5,10,2,메타세쿼이아,TB,127.005209696,37.476554455
"1430",5,10,2,메타세쿼이아,TB,127.006840533,37.477341037
"1431",6,20,3,메타세쿼이아,TB,127.027370741,37.466464416
"1432",8,20,3,양버즘나무,PTA,127.040139872,37.467959329
"1433",6,19,4,은행나무,GB,127.047136445,37.458961328
"1434",6,17,4,은행나무,GB,127.050078177,37.470988394
"1435",6,14,4,은행나무,GB,127.024984956,37.470860072
"1436",9,10,3,은행나무,GB,127.010474096,37.494513264
"1437",7,19,2,은행나무,GB,126.983459377,37.471529569
"1438",4,12,3,은행나무,GB,127.012470991,37.482385987
"1439",6,22,6,느티나무,ZS,127.057446193,37.458180419
"1440",9,26,9,양버즘나무,PTA,127.000696384,37.47709185
"1441",14,41,12,느티나무,ZS,127.085964541,37.462138923
"1442",4,10,2,은행나무,GB,127.024645827,37.469427919
"1443",5,33,5,메타세쿼이아,TB,127.023642983,37.463300567
"1444",7,16,4,은행나무,GB,127.012140989,37.513314265
"1445",8,40,5,양버즘나무,PTA,127.019440221,37.48991821
"1446",7,35,8,느티나무,ZS,127.054127339,37.459788791
"1447",4,34,10,느티나무,ZS,127.031382238,37.484317407
"1448",6,19,4,은행나무,GB,127.024701567,37.469486443
"1449",7,19,5,은행나무,GB,127.042048133,37.472833526
"1450",12,20,8,양버즘나무,PTA,126.999372146,37.489329873
"1451",19,26,10,양버즘나무,PTA,127.037810992,37.480096656
"1452",7,16,4,은행나무,GB,126.988308397,37.4655849
"1453",11,20,7,양버즘나무,PTA,127.001352316,37.475626437
"1454",9,33,5,양버즘나무,PTA,127.006452507,37.478850629
"1455",9,31,5,양버즘나무,PTA,127.02905307,37.488661354
"1456",9,23,5,양버즘나무,PTA,127.027428055,37.490447454
"1457",10,37,5,양버즘나무,PTA,127.028946917,37.486874883
"1458",6,18,4,은행나무,GB,127.049068967,37.469812661
"1459",6,28,5,메타세쿼이아,TB,127.02215379,37.461971329
"1460",6,14,2,메타세쿼이아,TB,127.010504062,37.507948202
"1461",7,10,2,은행나무,GB,127.003884293,37.507310461
"1462",8,23,4,은행나무,GB,126.99284077,37.479758773
"1463",7,24,6,양버즘나무,PTA,127.013053337,37.484319931
"1464",4,32,6,메타세쿼이아,TB,127.014633094,37.517416678
"1465",7,34,10,느티나무,ZS,127.012832047,37.480206966
"1466",6,34,10,느티나무,ZS,127.009460709,37.478626439
"1467",12,28,5,양버즘나무,PTA,127.029134647,37.486878566
"1468",7,24,5,은행나무,GB,127.026258747,37.470937001
"1469",12,35,7,양버즘나무,PTA,126.988992834,37.501635687
"1470",9,16,3,양버즘나무,PTA,127.029758071,37.484808022
"1471",5,20,4,메타세쿼이아,TB,127.02410634,37.46367741
"1472",14,34,6,양버즘나무,PTA,127.004079169,37.49888448
"1473",8,22,7,양버즘나무,PTA,127.038373532,37.471314968
"1474",0,9,0,느티나무,ZS,127.007720766,37.478138668
"1475",9,25,7,양버즘나무,PTA,127.006829555,37.49322568
"1476",0,8,0,느티나무,ZS,127.039680832,37.485191818
"1477",11,19,3,양버즘나무,PTA,127.013378419,37.514072939
"1478",6,25,6,칠엽수,AC,127.012835802,37.496831002
"1479",12,20,10,양버즘나무,PTA,126.999715962,37.508445119
"1480",8,20,10,칠엽수,AC,127.012444651,37.498548338
"1481",8,17,6,느티나무,ZS,127.002473453,37.503541203
"1482",10,28,9,양버즘나무,PTA,126.996624392,37.483282705
"1483",10,24,4,양버즘나무,PTA,127.014754052,37.502329211
"1484",8,24,5,양버즘나무,PTA,127.011632862,37.509202948
"1485",6,28,5,느티나무,ZS,126.98344868,37.476512088
"1486",6,17,4,은행나무,GB,127.047630183,37.457704752
"1487",5,10,2,메타세쿼이아,TB,126.986129286,37.475646538
"1488",8,35,7,느티나무,ZS,127.046513219,37.462631606
"1489",8,39,10,메타세쿼이아,TB,127.028064182,37.467468447
"1490",6,15,4,은행나무,GB,127.041223768,37.472294948
"1491",7,28,6,은행나무,GB,127.041171948,37.47235747
"1492",5,11,3,칠엽수,AC,127.013902207,37.491819366
"1493",9,24,3,가중나무,AA,127.01478865,37.514933665
"1494",5,37,8,메타세쿼이아,TB,127.014457531,37.5173017
"1495",13,35,10,양버즘나무,PTA,126.988743576,37.498098868
"1496",7,27,6,칠엽수,AC,127.011171076,37.503538101
"1497",12,32,7,양버즘나무,PTA,127.006871526,37.491451507
"1498",5,15,3,느티나무,ZS,127.044122887,37.464320225
"1499",7,28,8,느티나무,ZS,127.05245719,37.460508292
"1500",14,35,12,느티나무,ZS,127.08877079,37.463061728
"1501",10,21,4,양버즘나무,PTA,127.015117724,37.518689364
"1502",5,8,3,왕벚나무,PS,127.049970385,37.455484249
"1503",4,8,1,느티나무,ZS,126.983156596,37.485378751
"1504",7,17,4,은행나무,GB,127.048417352,37.469788394
"1505",11,26,7,양버즘나무,PTA,126.989217562,37.501914786
"1506",9,32,8,양버즘나무,PTA,127.034130547,37.465993227
"1507",9,25,6,느티나무,ZS,127.065882129,37.455312241
"1508",11,25,3,양버즘나무,PTA,126.983534375,37.497270521
"1509",7,11,2,은행나무,GB,127.00900957,37.504152927
"1510",0,9,0,느티나무,ZS,127.01019224,37.479386583
"1511",12,18,12,가중나무,AA,127.014783208,37.520148777
"1512",7,28,5,양버즘나무,PTA,127.003248898,37.482611428
"1513",6,15,3,은행나무,GB,127.050521558,37.454977368
"1514",4,15,4,은행나무,GB,127.026755116,37.471436221
"1515",5,18,4,은행나무,GB,127.023683025,37.472127073
"1516",4,27,4,양버즘나무,PTA,127.014181562,37.516164238
"1517",12,30,6,양버즘나무,PTA,127.004885096,37.497945218
"1518",12,30,7,양버즘나무,PTA,127.0224602,37.496481533
"1519",8,18,3,은행나무,GB,126.982270413,37.474025446
"1520",6,13,2,은행나무,GB,127.046580182,37.460428899
"1521",10,24,5,메타세쿼이아,TB,127.042495437,37.476525401
"1522",9,27,4,느티나무,ZS,127.082213199,37.460520761
"1523",13,29,7,양버즘나무,PTA,127.03877118,37.479067726
"1524",6,25,6,느티나무,ZS,126.985168307,37.476211403
"1525",6,16,4,은행나무,GB,127.043119535,37.474236995
"1526",9,28,5,양버즘나무,PTA,127.009840595,37.487020562
"1527",7,12,2,은행나무,GB,126.99694823,37.503878516
"1528",6,33,8,느티나무,ZS,127.010861543,37.456443343
"1529",13,23,8,양버즘나무,PTA,127.037054394,37.481243467
"1530",10,38,6,양버즘나무,PTA,127.005825965,37.495264324
"1531",7,20,8,양버즘나무,PTA,127.035962308,37.46818251
"1532",5,8,3,왕벚나무,PS,127.051497705,37.452860887
"1533",10,15,3,은행나무,GB,127.011738017,37.512906228
"1534",5,25,5,느티나무,ZS,126.989473565,37.479089873
"1535",15,31,5,양버즘나무,PTA,127.000392912,37.504630642
"1536",9,32,5,느티나무,ZS,127.024430913,37.504079479
"1537",12,36,8,양버즘나무,PTA,126.991346587,37.483678816
"1538",7,15,4,은행나무,GB,127.051491758,37.452882771
"1539",8,30,3,양버즘나무,PTA,127.038731389,37.470896405
"1540",6,19,3,은행나무,GB,127.011466218,37.508827269
"1541",8,25,5,양버즘나무,PTA,127.014890554,37.487769832
"1542",9,39,12,느티나무,ZS,127.031155719,37.483962048
"1543",7,27,6,은행나무,GB,127.0418681,37.475260292
"1544",8,20,4,양버즘나무,PTA,127.036145292,37.477515918
"1545",7,30,8,느티나무,ZS,127.050616405,37.461346976
"1546",12,32,7,메타세쿼이아,TB,127.030111758,37.470492823
"1547",4,25,6,느티나무,ZS,126.98898199,37.486330215
"1548",12,20,4,은행나무,GB,127.04179473,37.480836344
"1549",14,33,7,양버즘나무,PTA,127.019145424,37.49549741
"1550",10,17,3,은행나무,GB,126.990584544,37.492461835
"1551",7,25,5,느티나무,ZS,127.057453153,37.458366022
"1552",13,27,5,양버즘나무,PTA,127.003886165,37.501797208
"1553",12,38,7,양버즘나무,PTA,126.982526852,37.488330591
"1554",12,39,6,양버즘나무,PTA,127.008980408,37.48959262
"1555",12,26,10,양버즘나무,PTA,126.999879375,37.508091872
"1556",0,9,0,느티나무,ZS,127.020314623,37.482496957
"1557",12,41,11,양버즘나무,PTA,126.996927057,37.499372436
"1558",6,12,2,은행나무,GB,127.045217448,37.471847756
"1559",10,22,8,양버즘나무,PTA,127.042298615,37.465958846
"1560",6,24,3,은행나무,GB,127.041340938,37.469557994
"1561",6,32,5,메타세쿼이아,TB,127.02504814,37.464537403
"1562",11,37,5,가중나무,AA,127.013125656,37.515513396
"1563",11,25,5,양버즘나무,PTA,127.00555006,37.496597041
"1564",6,19,5,양버즘나무,PTA,127.014583536,37.487911863
"1565",11,33,6,양버즘나무,PTA,126.987187835,37.490317533
"1566",8,25,5,양버즘나무,PTA,127.013534143,37.488130957
"1567",4,6,2,왕벚나무,PS,127.0530836,37.450063154
"1568",14,55,12,가중나무,AA,127.013608046,37.519785074
"1569",14,24,6,양버즘나무,PTA,127.018397305,37.495014919
"1570",7,18,7,은행나무,GB,127.009195475,37.511830377
"1571",10,36,10,양버즘나무,PTA,127.011211006,37.508361695
"1572",7,31,12,느티나무,ZS,127.030779088,37.483904775
"1573",7,11,2,은행나무,GB,127.043168786,37.47693881
"1574",8,22,7,느티나무,ZS,127.070180989,37.456696178
"1575",7,19,4,은행나무,GB,127.035847447,37.460326209
"1576",12,34,6,양버즘나무,PTA,127.013296716,37.493707088
"1577",5,14,4,느티나무,ZS,127.023086643,37.483180684
"1578",7,19,6,은행나무,GB,127.042458736,37.473111206
"1579",10,28,5,양버즘나무,PTA,127.01649988,37.509777144
"1580",8,16,3,은행나무,GB,127.038495348,37.462726756
"1581",8,24,10,메타세쿼이아,TB,127.028133819,37.467561596
"1582",5,15,5,느티나무,ZS,126.988221514,37.479306372
"1583",14,25,4,양버즘나무,PTA,127.040078969,37.478962167
"1584",4,27,5,느티나무,ZS,126.983985053,37.47603239
"1585",9,29,6,느티나무,ZS,127.073741458,37.458348294
"1586",6,19,5,느티나무,ZS,126.993691009,37.488035354
"1587",6,33,5,메타세쿼이아,TB,127.023108571,37.462876827
"1588",7,18,5,양버즘나무,PTA,126.986835972,37.477158143
"1589",5,23,5,메타세쿼이아,TB,127.024645022,37.464165876
"1590",13,33,10,양버즘나무,PTA,126.998339831,37.499936074
"1591",5,10,2,메타세쿼이아,TB,127.006539605,37.477532362
"1592",13,39,10,양버즘나무,PTA,127.000445055,37.506859588
"1593",0,14,2,느티나무,ZS,127.036388486,37.482585303
"1594",5,13,3,은행나무,GB,127.027499957,37.471923241
"1595",10,32,7,은행나무,GB,126.981920651,37.477472556
"1596",9,32,10,양버즘나무,PTA,127.02439588,37.49640753
"1597",11,40,8,양버즘나무,PTA,127.008812217,37.489937245
"1598",10,28,8,양버즘나무,PTA,127.036500596,37.468720476
"1599",0,9,0,느티나무,ZS,127.018802503,37.482223487
"1600",7,27,4,느티나무,ZS,127.055278649,37.459295049
"1601",7,24,5,양버즘나무,PTA,127.012850982,37.487926235
"1602",7,17,8,회화나무,STJ,127.011063453,37.502841258
"1603",6,23,5,은행나무,GB,127.0455434,37.46725686
"1604",10,40,10,양버즘나무,PTA,127.011239667,37.508592397
"1605",10,41,5,양버즘나무,PTA,127.018445026,37.489616368
"1606",11,24,6,양버즘나무,PTA,126.991306946,37.502353185
"1607",8,9,1,은행나무,GB,127.025571451,37.494415346
"1608",9,25,5,양버즘나무,PTA,126.99114392,37.484173964
"1609",13,39,10,느티나무,ZS,127.091826023,37.46404867
"1610",12,35,6,양버즘나무,PTA,126.982552456,37.488546279
"1611",5,11,3,은행나무,GB,127.046984488,37.475129203
"1612",6,23,6,칠엽수,AC,127.013200093,37.495311214
"1613",10,29,7,양버즘나무,PTA,127.015268598,37.519514539
"1614",13,43,12,양버즘나무,PTA,127.018991999,37.517201833
"1615",14,26,4,양버즘나무,PTA,127.041066421,37.479724564
"1616",4,6,2,왕벚나무,PS,127.053749243,37.449061028
"1617",8,18,5,양버즘나무,PTA,126.986478876,37.476655727
"1618",8,21,7,양버즘나무,PTA,127.038368037,37.471373136
"1619",8,20,4,느티나무,ZS,127.039651403,37.46845906
"1620",6,14,3,은행나무,GB,127.058356236,37.443754973
"1621",11,26,10,양버즘나무,PTA,127.000703253,37.476630222
"1622",7,25,5,은행나무,GB,127.044583238,37.475813204
"1623",7,12,2,은행나무,GB,127.050768288,37.4543094
"1624",13,35,5,양버즘나무,PTA,127.003897849,37.501731171
"1625",16,44,6,양버즘나무,PTA,127.023483252,37.48145562
"1626",6,23,4,은행나무,GB,126.982049323,37.474671956
"1627",0,8,0,느티나무,ZS,127.03799487,37.484954173
"1628",8,15,2,은행나무,GB,127.012224767,37.513355291
"1629",6,15,3,은행나무,GB,127.052294303,37.451510533
"1630",14,18,7,은행나무,GB,127.042415069,37.482790814
"1631",12,37,12,가중나무,AA,127.006314927,37.512593808
"1632",8,28,7,느티나무,ZS,127.060006776,37.457081112
"1633",5,10,2,메타세쿼이아,TB,126.990066821,37.474549134
"1634",12,30,8,양버즘나무,PTA,126.989237323,37.492403491
"1635",4,14,3,은행나무,GB,127.012237012,37.482074913
"1636",0,9,0,느티나무,ZS,127.020136717,37.482754415
"1637",5,10,2,메타세쿼이아,TB,126.992907596,37.473796186
"1638",12,28,7,양버즘나무,PTA,126.997283024,37.488871423
"1639",12,25,10,양버즘나무,PTA,126.985814179,37.504314026
"1640",7,22,6,은행나무,GB,126.993459686,37.479983591
"1641",8,21,3,느티나무,ZS,127.065051098,37.455527952
"1642",5,32,7,느티나무,ZS,127.068567144,37.456172718
"1643",6,30,5,느티나무,ZS,127.010787412,37.456406002
"1644",13,40,13,은행나무,GB,127.022689119,37.507828828
"1645",7,27,5,양버즘나무,PTA,127.012450361,37.487799686
"1646",7,23,5,양버즘나무,PTA,126.994516367,37.48035397
"1647",6,12,3,은행나무,GB,127.010493749,37.493737071
"1648",8,26,5,양버즘나무,PTA,127.019614013,37.489820117
"1649",8,32,4,양버즘나무,PTA,127.034307048,37.465178086
"1650",10,31,6,양버즘나무,PTA,127.004103798,37.49870221
"1651",8,20,6,양버즘나무,PTA,127.038883816,37.476721633
"1652",11,40,13,양버즘나무,PTA,127.023528439,37.506037
"1653",9,23,8,양버즘나무,PTA,127.034146616,37.465933644
"1654",7,41,6,양버즘나무,PTA,127.030705048,37.489369646
"1655",7,20,3,은행나무,GB,127.048462816,37.473588421
"1656",7,13,3,은행나무,GB,127.052230085,37.451629757
"1657",9,17,3,느티나무,ZS,127.062549942,37.456173315
"1658",10,25,6,메타세쿼이아,TB,127.031032891,37.471623754
"1659",6,22,7,느티나무,ZS,127.017994079,37.459132535
"1660",5,10,2,메타세쿼이아,TB,126.999835158,37.474058662
"1661",13,23,4,양버즘나무,PTA,127.022674537,37.48692936
"1662",6,18,6,느티나무,ZS,126.984284807,37.476379304
"1663",7,11,3,은행나무,GB,127.052186597,37.451447938
"1664",8,17,3,은행나무,GB,127.037168728,37.459821751
"1665",6,20,6,칠엽수,AC,127.013265219,37.495043459
"1666",7,21,3,양버즘나무,PTA,126.994279797,37.480276531
"1667",4,6,2,왕벚나무,PS,127.052733501,37.45037997
"1668",4,6,2,왕벚나무,PS,127.057206347,37.445766099
"1669",6,28,5,양버즘나무,PTA,127.014403344,37.490391592
"1670",5,18,4,느티나무,ZS,127.045364687,37.46762776
"1671",8,11,3,은행나무,GB,127.012029489,37.513291009
"1672",9,22,8,양버즘나무,PTA,127.025436603,37.497292258
"1673",6,15,3,은행나무,GB,126.996927327,37.482429462
"1674",8,26,5,메타세쿼이아,TB,127.029456822,37.46932703
"1675",8,20,5,양버즘나무,PTA,126.987284967,37.477718368
"1676",6,11,1,은행나무,GB,126.990546792,37.492520077
"1677",12,22,8,양버즘나무,PTA,127.014784064,37.502053184
"1678",7,23,8,은행나무,GB,127.010762371,37.493928549
"1679",9,36,5,양버즘나무,PTA,127.018757557,37.489565793
"1680",12,22,7,양버즘나무,PTA,127.038617648,37.479365577
"1681",4,6,2,왕벚나무,PS,127.052904626,37.450110581
"1682",10,43,10,메타세쿼이아,TB,127.030782821,37.471174216
"1683",4,32,10,느티나무,ZS,127.016169189,37.457550661
"1684",6,20,6,느티나무,ZS,127.019169938,37.45994382
"1685",6,29,3,메타세쿼이아,TB,127.020598832,37.460453806
"1686",6,20,3,은행나무,GB,127.010836096,37.485761791
"1687",9,17,7,양버즘나무,PTA,127.038915812,37.472091181
"1688",9,19,5,느티나무,ZS,127.076873972,37.458809979
"1689",17,30,7,양버즘나무,PTA,127.038382794,37.479963419
"1690",5,15,4,느티나무,ZS,126.984801187,37.485635161
"1691",6,21,5,은행나무,GB,126.998406313,37.498042356
"1692",5,26,4,느티나무,ZS,126.990962502,37.486933326
"1693",5,10,2,메타세쿼이아,TB,126.992129315,37.474282353
"1694",11,23,6,양버즘나무,PTA,126.989397964,37.48689927
"1695",7,13,3,은행나무,GB,126.982908716,37.492229032
"1696",5,18,4,느티나무,ZS,127.047707083,37.469318926
"1697",6,12,4,은행나무,GB,127.057222225,37.445740635
"1698",5,22,7,느티나무,ZS,126.989964205,37.486636147
"1699",11,31,8,양버즘나무,PTA,127.014009149,37.493491971
"1700",6,16,3,은행나무,GB,127.029140399,37.472933393
"1701",10,28,4,가중나무,AA,127.012409926,37.515925812
"1702",6,27,5,느티나무,ZS,127.012544635,37.457466163
"1703",7,26,5,은행나무,GB,127.027781218,37.471938959
"1704",12,16,8,양버즘나무,PTA,127.005149145,37.48297216
"1705",7,25,7,은행나무,GB,127.045212787,37.471742717
"1706",6,24,6,은행나무,GB,126.993352273,37.479948833
"1707",12,39,8,양버즘나무,PTA,126.982071298,37.480491343
"1708",12,52,12,느티나무,ZS,127.089974553,37.463454484
"1709",12,22,3,양버즘나무,PTA,126.988511262,37.495693943
"1710",7,13,2,은행나무,GB,127.03573566,37.460736359
"1711",10,31,12,양버즘나무,PTA,127.004300395,37.487742663
"1712",13,20,8,느티나무,ZS,127.091547904,37.463758203
"1713",0,9,0,느티나무,ZS,127.018883638,37.482245359
"1714",7,19,4,양버즘나무,PTA,127.03342503,37.474932321
"1715",8,26,6,양버즘나무,PTA,127.014341928,37.489224921
"1716",7,18,6,은행나무,GB,127.027281244,37.47161343
"1717",5,8,3,왕벚나무,PS,127.048726681,37.456616819
"1718",4,20,1,은행나무,GB,126.996185395,37.480897005
"1719",11,40,5,양버즘나무,PTA,127.016107655,37.488909731
"1720",11,25,10,양버즘나무,PTA,126.993049735,37.488475702
"1721",11,38,10,양버즘나무,PTA,127.000718411,37.506277647
"1722",9,18,5,양버즘나무,PTA,127.014847952,37.487172217
"1723",7,30,5,메타세쿼이아,TB,127.020586346,37.460790142
"1724",6,27,6,느티나무,ZS,127.049695248,37.461318277
"1725",9,30,6,가중나무,AA,127.003293407,37.508217529
"1726",10,17,5,은행나무,GB,127.016672358,37.515132059
"1727",11,23,7,은행나무,GB,126.998113246,37.495503378
"1728",4,35,12,느티나무,ZS,127.091121401,37.463619113
"1729",9,22,4,양버즘나무,PTA,127.005716494,37.479981991
"1730",8,20,5,양버즘나무,PTA,127.023735679,37.497789943
"1731",4,6,2,왕벚나무,PS,127.056121131,37.446846288
"1732",6,13,4,은행나무,GB,127.05056071,37.471302518
"1733",12,35,1,양버즘나무,PTA,126.982914964,37.492922135
"1734",7,16,3,은행나무,GB,127.050407506,37.470983692
"1735",5,10,2,메타세쿼이아,TB,126.986978967,37.475710373
"1736",7,30,6,은행나무,GB,127.043731239,37.473505631
"1737",6,15,4,은행나무,GB,127.048655076,37.469510913
"1738",13,24,6,은행나무,GB,127.04174441,37.484279339
"1739",11,25,7,양버즘나무,PTA,127.036408979,37.481939062
"1740",8,24,6,메타세쿼이아,TB,127.022619039,37.500157422
"1741",9,28,9,느티나무,ZS,127.031455587,37.483199933
"1742",8,28,8,칠엽수,AC,127.012016001,37.50040103
"1743",6,25,7,느티나무,ZS,127.051248117,37.460838057
"1744",7,28,5,은행나무,GB,127.050397515,37.471936133
"1745",11,21,5,양버즘나무,PTA,127.008597651,37.483636669
"1746",6,17,4,은행나무,GB,127.04654954,37.460140835
"1747",12,42,8,양버즘나무,PTA,127.017832254,37.49509263
"1748",11,31,6,양버즘나무,PTA,126.988040812,37.48882433
"1749",11,30,12,양버즘나무,PTA,127.017555301,37.482802787
"1750",10,17,8,느티나무,ZS,127.033250047,37.484248002
"1751",6,14,5,칠엽수,AC,127.010962223,37.503408804
"1752",11,32,4,가중나무,AA,127.013471895,37.515322083
"1753",4,6,2,왕벚나무,PS,127.055752634,37.447185456
"1754",6,18,4,은행나무,GB,127.042365016,37.470260974
"1755",10,31,8,양버즘나무,PTA,127.037713647,37.477711469
"1756",6,23,6,칠엽수,AC,127.012931845,37.497567265
"1757",6,24,6,느티나무,ZS,127.045939494,37.462285667
"1758",8,25,7,양버즘나무,PTA,127.038454782,37.473483711
"1759",8,26,6,느티나무,ZS,127.066376959,37.455814106
"1760",10,29,10,양버즘나무,PTA,127.037564357,37.477599857
"1761",10,26,6,가중나무,AA,127.014256331,37.51518281
"1762",7,35,8,칠엽수,AC,127.01227213,37.500460139
"1763",13,41,8,양버즘나무,PTA,127.007206137,37.493234448
"1764",5,12,2,은행나무,GB,127.053473904,37.449547398
"1765",5,8,4,단풍나무,MP,126.992652109,37.487539485
"1766",8,24,5,양버즘나무,PTA,127.026019768,37.493002871
"1767",6,17,4,은행나무,GB,127.047827323,37.457456115
"1768",7,32,8,느티나무,ZS,127.011063412,37.479418354
"1769",8,25,3,양버즘나무,PTA,127.010457827,37.51259717
"1770",9,20,5,양버즘나무,PTA,127.014361123,37.484570046
"1771",7,15,4,은행나무,GB,127.035487851,37.460530552
"1772",6,15,4,은행나무,GB,126.987966121,37.461882842
"1773",9,26,5,양버즘나무,PTA,127.029227188,37.488715064
"1774",9,28,8,느티나무,ZS,127.073992697,37.458429526
"1775",7,8,1,은행나무,GB,127.01194328,37.513007071
"1776",20,23,8,양버즘나무,PTA,127.037758931,37.480310907
"1777",14,31,7,양버즘나무,PTA,127.01956509,37.495626071
"1778",10,27,8,양버즘나무,PTA,126.998860928,37.479473763
"1779",9,26,7,양버즘나무,PTA,127.034549743,37.467565504
"1780",7,12,2,은행나무,GB,127.037697466,37.459510873
"1781",14,33,12,가중나무,AA,127.010996003,37.517827745
"1782",6,27,5,양버즘나무,PTA,127.013096987,37.487850602
"1783",5,23,5,느티나무,ZS,127.045332579,37.46333741
"1784",14,44,12,가중나무,AA,127.008737864,37.508084798
"1785",11,32,6,양버즘나무,PTA,126.991248008,37.502339759
"1786",5,21,7,느티나무,ZS,126.988256739,37.480218452
"1787",9,26,5,느티나무,ZS,127.080839444,37.460598306
"1788",7,16,3,은행나무,GB,126.982928493,37.472591041
"1789",12,36,6,양버즘나무,PTA,126.988908027,37.495080361
"1790",6,20,6,느티나무,ZS,127.019094972,37.459899799
"1791",7,15,2,은행나무,GB,127.036007931,37.460290645
"1792",15,34,8,양버즘나무,PTA,126.982273693,37.484149437
"1793",10,24,10,양버즘나무,PTA,127.008926467,37.511801135
"1794",10,34,4,가중나무,AA,127.011639928,37.516363078
"1795",9,12,3,은행나무,GB,127.009983186,37.512151395
"1796",12,32,10,양버즘나무,PTA,127.000308635,37.50618392
"1797",11,33,7,양버즘나무,PTA,126.982960895,37.494170967
"1798",10,25,6,양버즘나무,PTA,127.006956989,37.491752579
"1799",8,21,7,느티나무,ZS,127.030326025,37.484173128
"1800",8,32,6,양버즘나무,PTA,127.024808697,37.495532565
"1801",7,21,6,칠엽수,AC,127.012203923,37.500750486
"1802",8,24,6,느티나무,ZS,127.077176751,37.459168289
"1803",7,23,6,은행나무,GB,126.994822989,37.480426478
"1804",8,12,4,은행나무,GB,126.982950496,37.493608292
"1805",9,31,8,양버즘나무,PTA,127.03416555,37.465875845
"1806",8,19,5,은행나무,GB,127.038237819,37.46230471
"1807",5,7,3,칠엽수,AC,127.014012132,37.491130821
"1808",7,16,5,느티나무,ZS,127.011361681,37.493146862
"1809",13,36,12,가중나무,AA,127.013431952,37.514334812
"1810",9,24,5,가중나무,AA,127.014961698,37.514914969
"1811",6,30,8,느티나무,ZS,127.011695633,37.456883403
"1812",5,15,4,느티나무,ZS,126.992753369,37.487529422
"1813",10,16,1,은행나무,GB,126.993674031,37.498185101
"1814",11,32,6,양버즘나무,PTA,127.029008112,37.488851107
"1815",6,14,3,은행나무,GB,127.0645662,37.4361045
"1816",10,25,6,양버즘나무,PTA,127.024734134,37.496934342
"1817",8,23,4,메타세쿼이아,TB,127.030383854,37.470550178
"1818",11,30,1,양버즘나무,PTA,127.016652756,37.501119827
"1819",11,28,7,양버즘나무,PTA,127.011936804,37.493143616
"1820",10,30,12,양버즘나무,PTA,127.003925423,37.484406842
"1821",13,32,5,양버즘나무,PTA,127.02923929,37.486660501
"1822",0,9,0,느티나무,ZS,127.02215488,37.483037505
"1823",7,36,9,양버즘나무,PTA,127.011773132,37.512922705
"1824",13,40,10,양버즘나무,PTA,127.00034306,37.507086888
"1825",8,28,5,양버즘나무,PTA,127.025826169,37.493398759
"1826",10,37,6,양버즘나무,PTA,127.005127884,37.481204864
"1827",5,8,3,왕벚나무,PS,127.049077338,37.456166561
"1828",0,9,0,느티나무,ZS,127.010054574,37.479315943
"1829",12,24,6,양버즘나무,PTA,126.997455123,37.488764616
"1830",9,15,3,메타세쿼이아,TB,127.021006189,37.510897018
"1831",8,19,6,양버즘나무,PTA,127.021978776,37.501478214
"1832",11,26,5,양버즘나무,PTA,127.004580297,37.488374451
"1833",7,13,4,은행나무,GB,126.995784325,37.494104078
"1834",12,39,7,양버즘나무,PTA,127.008587523,37.490395777
"1835",5,19,4,느티나무,ZS,127.045600304,37.467798001
"1836",12,45,7,양버즘나무,PTA,127.008028034,37.50694023
"1837",10,22,7,양버즘나무,PTA,127.008149339,37.51140753
"1838",9,35,7,양버즘나무,PTA,127.026487189,37.497747221
"1839",10,20,4,양버즘나무,PTA,127.021499057,37.486578218
"1840",0,9,0,느티나무,ZS,127.009230821,37.478900376
"1841",0,9,0,느티나무,ZS,127.014741066,37.481326398
"1842",11,20,6,양버즘나무,PTA,127.009987974,37.483706113
"1843",7,11,2,은행나무,GB,127.034590184,37.460209432
"1844",6,23,4,은행나무,GB,127.044278027,37.476109921
"1845",10,24,4,가중나무,AA,127.01446471,37.514985546
"1846",7,25,6,양버즘나무,PTA,127.012957764,37.484299797
"1847",8,17,4,은행나무,GB,127.004962707,37.509667556
"1848",8,28,10,양버즘나무,PTA,127.03454195,37.463972473
"1849",9,25,5,양버즘나무,PTA,127.012877725,37.484444705
"1850",0,9,0,느티나무,ZS,127.040050334,37.485242702
"1851",12,27,9,양버즘나무,PTA,126.998992709,37.489382499
"1852",5,10,2,메타세쿼이아,TB,127.006084239,37.477306614
"1853",6,11,2,은행나무,GB,127.051269925,37.453330617
"1854",9,21,6,느티나무,ZS,127.063514114,37.455759072
"1855",7,18,5,은행나무,GB,127.026472287,37.471077688
"1856",0,8,0,느티나무,ZS,127.035399227,37.484594763
"1857",14,25,7,양버즘나무,PTA,127.036473985,37.481868762
"1858",7,13,3,은행나무,GB,126.987541011,37.497575039
"1859",10,37,8,양버즘나무,PTA,127.009732878,37.487241426
"1860",8,23,8,양버즘나무,PTA,127.038396185,37.475674733
"1861",7,29,7,은행나무,GB,127.044774603,37.471588208
"1862",13,42,12,가중나무,AA,127.012421276,37.518819677
"1863",13,28,5,양버즘나무,PTA,127.001680501,37.503958658
"1864",7,15,4,은행나무,GB,127.048777574,37.46959986
"1865",12,39,8,양버즘나무,PTA,127.016250652,37.494609896
"1866",8,18,5,느티나무,ZS,127.063191022,37.455712279
"1867",6,25,7,은행나무,GB,127.014344832,37.517000852
"1868",7,14,3,은행나무,GB,126.990364675,37.493218446
"1869",10,25,5,양버즘나무,PTA,126.989254673,37.487127575
"1870",10,35,6,양버즘나무,PTA,127.010304905,37.486072345
"1871",9,35,12,느티나무,ZS,127.084827876,37.46176861
"1872",4,30,5,느티나무,ZS,127.0696156,37.456870173
"1873",6,16,3,양버즘나무,PTA,127.023722677,37.504113296
"1874",5,13,3,칠엽수,AC,127.012065876,37.500204244
"1875",11,39,10,양버즘나무,PTA,127.025093482,37.502752948
"1876",7,11,1,은행나무,GB,126.995920436,37.494125487
"1877",7,37,9,느티나무,ZS,127.011763336,37.479789318
"1878",13,37,9,메타세쿼이아,TB,127.0300424,37.470418386
"1879",8,19,5,양버즘나무,PTA,127.011552021,37.487531007
"1880",9,23,7,양버즘나무,PTA,127.034161561,37.466498762
"1881",5,16,3,느티나무,ZS,126.985376503,37.485703463
"1882",7,23,5,양버즘나무,PTA,127.002703368,37.482506283
"1883",3,8,2,단풍나무,MP,126.984314816,37.48576013
"1884",9,21,6,양버즘나무,PTA,127.013415366,37.513699092
"1885",13,50,10,느티나무,ZS,127.091742894,37.464029854
"1886",11,28,3,양버즘나무,PTA,127.017293386,37.500874266
"1887",8,21,8,양버즘나무,PTA,127.034788573,37.46373653
"1888",6,17,5,느티나무,ZS,126.993795006,37.488014627
"1889",9,18,3,은행나무,GB,127.010390919,37.510450592
"1890",10,31,3,양버즘나무,PTA,127.019099703,37.510571987
"1891",7,13,5,은행나무,GB,127.011100152,37.512750423
"1892",7,25,8,은행나무,GB,126.998363778,37.499076495
"1893",10,32,8,양버즘나무,PTA,126.99420542,37.498319601
"1894",13,33,7,양버즘나무,PTA,127.039582178,37.478534916
"1895",9,22,9,양버즘나무,PTA,127.000496975,37.477399763
"1896",8,21,5,느티나무,ZS,127.059263428,37.457587329
"1897",7,11,2,은행나무,GB,127.039398668,37.463332444
"1898",9,14,3,메타세쿼이아,TB,127.036827574,37.461876748
"1899",5,10,2,메타세쿼이아,TB,127.005174277,37.476870071
"1900",11,36,10,양버즘나무,PTA,127.008632116,37.511660828
"1901",5,10,2,메타세쿼이아,TB,126.98980297,37.474625139
"1902",5,8,3,왕벚나무,PS,127.052214291,37.451667582
"1903",7,27,4,양버즘나무,PTA,127.01136763,37.513015067
"1904",12,46,8,양버즘나무,PTA,126.992617853,37.502630094
"1905",10,38,6,양버즘나무,PTA,126.983072553,37.496247537
"1906",5,10,2,메타세쿼이아,TB,127.005233523,37.476897769
"1907",5,17,5,느티나무,ZS,127.001982745,37.504130232
"1908",9,16,6,은행나무,GB,126.991198341,37.493185342
"1909",10,30,12,양버즘나무,PTA,127.004274676,37.48758045
"1910",10,18,4,양버즘나무,PTA,127.035395681,37.475982062
"1911",6,16,6,은행나무,GB,127.045768678,37.474787398
"1912",7,11,3,메타세쿼이아,TB,126.991087529,37.474271478
"1913",12,32,13,은행나무,GB,127.022624951,37.507961594
"1914",8,28,7,느티나무,ZS,127.059414321,37.45714989
"1915",5,15,4,느티나무,ZS,127.044910972,37.463610125
"1916",12,32,4,메타세쿼이아,TB,127.041334058,37.475172564
"1917",9,26,6,느티나무,ZS,127.069620637,37.456708417
"1918",11,26,7,양버즘나무,PTA,127.01508736,37.519021682
"1919",5,10,2,메타세쿼이아,TB,127.00540351,37.476980566
"1920",6,10,3,은행나무,GB,127.052855736,37.45018425
"1921",9,25,9,양버즘나무,PTA,127.000431184,37.477501648
"1922",5,10,2,메타세쿼이아,TB,126.990007163,37.474567354
"1923",5,11,2,은행나무,GB,127.006346124,37.512021778
"1924",8,22,4,양버즘나무,PTA,127.036056726,37.476471716
"1925",5,22,5,느티나무,ZS,127.045487456,37.463102924
"1926",5,12,2,은행나무,GB,127.00565838,37.502820024
"1927",13,25,12,느티나무,ZS,127.086958645,37.462467411
"1928",8,25,6,느티나무,ZS,127.047082516,37.462416213
"1929",0,9,0,느티나무,ZS,127.019046525,37.482597435
"1930",7,23,5,양버즘나무,PTA,127.01552685,37.488582928
"1931",12,13,3,메타세쿼이아,TB,127.042306758,37.476308514
"1932",9,21,4,느티나무,ZS,127.059813371,37.456978209
"1933",7,14,2,은행나무,GB,127.011311835,37.51278716
"1934",10,29,8,양버즘나무,PTA,127.040958791,37.467197565
"1935",7,10,2,은행나무,GB,127.038857033,37.458497933
"1936",11,32,3,양버즘나무,PTA,127.016968623,37.500994297
"1937",9,28,5,양버즘나무,PTA,127.031836621,37.470535957
"1938",8,33,8,느티나무,ZS,127.082232761,37.463300055
"1939",0,9,0,느티나무,ZS,127.022888289,37.48315166
"1940",6,16,5,은행나무,GB,127.01315007,37.502609567
"1941",7,15,3,은행나무,GB,127.044657588,37.467073728
"1942",10,22,8,양버즘나무,PTA,127.009422057,37.512553302
"1943",11,32,9,양버즘나무,PTA,126.992781383,37.488905621
"1944",12,37,8,양버즘나무,PTA,127.005203752,37.482982875
"1945",15,16,5,양버즘나무,PTA,127.038826318,37.478799726
"1946",13,32,10,느티나무,ZS,127.091449113,37.463938868
"1947",8,22,8,느티나무,ZS,127.059393866,37.457345214
"1948",9,26,6,양버즘나무,PTA,127.023467267,37.498361782
"1949",5,13,5,느티나무,ZS,127.048878338,37.470175567
"1950",8,15,3,느티나무,ZS,127.064419363,37.455547744
"1951",8,27,5,양버즘나무,PTA,127.025840069,37.49185411
"1952",18,21,5,양버즘나무,PTA,127.035842464,37.482442309
"1953",6,20,5,은행나무,GB,127.042076712,37.470062461
"1954",5,10,2,메타세쿼이아,TB,127.004736871,37.476330066
"1955",0,8,0,느티나무,ZS,127.039072741,37.485105009
"1956",5,10,2,메타세쿼이아,TB,127.003393976,37.476020635
"1957",5,15,3,느티나무,ZS,127.044569257,37.463913686
"1958",5,12,2,메타세쿼이아,TB,126.996893771,37.473697615
"1959",9,23,7,양버즘나무,PTA,127.034439893,37.467300911
"1960",9,20,3,느티나무,ZS,127.066238118,37.455577533
"1961",5,13,3,은행나무,GB,127.023989492,37.471866137
"1962",8,18,8,양버즘나무,PTA,127.03602193,37.468405255
"1963",7,24,9,양버즘나무,PTA,127.007743404,37.511046288
"1964",8,14,4,은행나무,GB,126.993200095,37.493645229
"1965",6,21,5,양버즘나무,PTA,126.990019128,37.478849136
"1966",8,25,6,양버즘나무,PTA,127.03845868,37.475363048
"1967",6,10,2,은행나무,GB,126.982869897,37.491493407
"1968",7,18,6,은행나무,GB,127.047998402,37.47425003
"1969",11,27,5,양버즘나무,PTA,127.027427336,37.492341981
"1970",10,27,4,양버즘나무,PTA,127.029644002,37.484519732
"1971",5,23,4,메타세쿼이아,TB,127.024197175,37.46376237
"1972",8,29,5,양버즘나무,PTA,127.026107233,37.492809233
"1973",7,15,4,느티나무,ZS,127.05558521,37.459162028
"1974",8,16,5,은행나무,GB,126.992760171,37.493671925
"1975",7,13,2,은행나무,GB,127.039377291,37.462863375
"1976",12,35,8,양버즘나무,PTA,126.990856745,37.492026025
"1977",7,13,4,은행나무,GB,126.994431021,37.493822401
"1978",8,13,3,은행나무,GB,126.998707228,37.479710909
"1979",8,18,6,느티나무,ZS,127.059802853,37.457168759
"1980",0,9,0,느티나무,ZS,127.021456948,37.482961056
"1981",7,10,1,은행나무,GB,127.051603301,37.452650074
"1982",8,29,6,메타세쿼이아,TB,127.030331634,37.472175619
"1983",7,18,6,은행나무,GB,127.028214277,37.472205296
"1984",5,8,2,메타세쿼이아,TB,127.005827046,37.476848955
"1985",5,18,3,느티나무,ZS,127.043767714,37.466470546
"1986",6,21,6,칠엽수,AC,127.01309163,37.495765974
"1987",8,28,4,양버즘나무,PTA,127.034309974,37.464627093
"1988",4,12,3,은행나무,GB,127.027577286,37.471979044
"1989",8,24,6,느티나무,ZS,127.058797242,37.457788761
"1990",9,21,5,양버즘나무,PTA,127.015717317,37.486193892
"1991",8,20,1,느티나무,ZS,127.039230158,37.469149274
"1992",8,27,5,양버즘나무,PTA,127.011458456,37.487503896
"1993",12,23,7,양버즘나무,PTA,127.022631573,37.496532762
"1994",9,22,5,메타세쿼이아,TB,127.037779961,37.475187011
"1995",7,17,6,은행나무,GB,126.998393568,37.497875008
"1996",10,29,10,양버즘나무,PTA,126.997964722,37.481179333
"1997",5,20,3,느티나무,ZS,126.984095627,37.476058106
"1998",10,26,7,양버즘나무,PTA,127.015477564,37.520083247
"1999",9,26,4,양버즘나무,PTA,127.004147944,37.485589853
"2000",10,24,8,은행나무,GB,126.99818322,37.499686898
"2001",14,34,8,양버즘나무,PTA,127.02083331,37.496012262
"2002",13,14,5,은행나무,GB,127.041910747,37.483907718
"2003",13,39,12,가중나무,AA,127.014117556,37.52004773
"2004",12,44,10,양버즘나무,PTA,126.999556508,37.50876763
"2005",7,20,5,은행나무,GB,127.011418973,37.512894174
"2006",7,21,10,회화나무,STJ,127.010369066,37.503375624
"2007",12,17,3,양버즘나무,PTA,127.018970203,37.485561718
"2008",10,24,8,양버즘나무,PTA,127.020255193,37.495698964
"2009",8,35,6,느티나무,ZS,127.011998758,37.479909014
"2010",7,10,3,은행나무,GB,126.982909683,37.492321341
"2011",6,14,5,은행나무,GB,127.042955619,37.47078565
"2012",7,20,8,양버즘나무,PTA,127.032929272,37.469600907
"2013",6,23,7,느티나무,ZS,127.01305989,37.457260455
"2014",8,31,6,느티나무,ZS,127.082398941,37.463783803
"2015",12,39,12,가중나무,AA,127.007803529,37.509813343
"2016",11,31,5,양버즘나무,PTA,127.011089009,37.487239916
"2017",7,29,5,느티나무,ZS,127.047661219,37.462567623
"2018",5,10,2,메타세쿼이아,TB,126.993169897,37.473736667
"2019",7,22,7,느티나무,ZS,127.003248535,37.492362041
"2020",13,44,12,가중나무,AA,127.013454115,37.519702844
"2021",12,37,12,가중나무,AA,127.010857105,37.516812339
"2022",5,12,2,메타세쿼이아,TB,127.003999401,37.476316924
"2023",12,47,12,가중나무,AA,127.006004571,37.512524302
"2024",9,19,4,은행나무,GB,127.011177869,37.509362898
"2025",0,26,10,양버즘나무,PTA,127.037917988,37.47965988
"2026",5,10,2,메타세쿼이아,TB,126.999341465,37.474204648
"2027",7,15,4,느티나무,ZS,127.010418313,37.512577781
"2028",11,38,7,양버즘나무,PTA,126.989049301,37.501879518
"2029",9,30,5,양버즘나무,PTA,127.019069176,37.489654684
"2030",14,28,8,양버즘나무,PTA,127.024067824,37.482399027
"2031",6,12,2,메타세쿼이아,TB,126.998748272,37.473719113
"2032",14,32,4,양버즘나무,PTA,127.025164921,37.487477894
"2033",9,21,5,양버즘나무,PTA,126.987010723,37.477579854
"2034",11,37,8,메타세쿼이아,TB,127.042152615,37.476366756
"2035",9,27,6,느티나무,ZS,127.074241436,37.458508633
"2036",5,11,4,은행나무,GB,127.029720386,37.473286676
"2037",9,25,5,양버즘나무,PTA,127.025181349,37.495160191
"2038",9,29,10,양버즘나무,PTA,127.024418201,37.496359345
"2039",8,29,5,양버즘나무,PTA,127.024110019,37.491339771
"2040",7,32,5,양버즘나무,PTA,127.012528899,37.487826889
"2041",4,10,2,은행나무,GB,127.014024985,37.49259083
"2042",11,23,8,양버즘나무,PTA,127.017152037,37.494635225
"2043",7,20,3,느티나무,ZS,127.050914968,37.461166003
"2044",8,25,6,느티나무,ZS,127.082150098,37.462982373
"2045",5,19,7,느티나무,ZS,127.004274474,37.491121763
"2046",11,31,5,양버즘나무,PTA,126.98928195,37.487084656
"2047",7,30,2,양버즘나무,PTA,127.034430099,37.475285252
"2048",8,32,6,느티나무,ZS,127.053223648,37.459802508
"2049",6,28,6,메타세쿼이아,TB,127.026045401,37.4652373
"2050",6,15,4,은행나무,GB,127.046721013,37.473747954
"2051",13,44,7,양버즘나무,PTA,127.020729626,37.511923489
"2052",6,16,3,은행나무,GB,127.051980872,37.452142513
"2053",5,18,5,느티나무,ZS,127.048470138,37.469884112
"2054",10,39,7,양버즘나무,PTA,127.005959769,37.495767705
"2055",5,31,7,느티나무,ZS,127.068385064,37.456111957
"2056",7,24,5,은행나무,GB,127.046479468,37.472298615
"2057",8,20,4,느티나무,ZS,127.039453198,37.468749143
"2058",8,18,3,메타세쿼이아,TB,127.029145866,37.468966979
"2059",8,24,4,양버즘나무,PTA,126.987689883,37.505261932
"2060",12,22,10,가중나무,AA,127.009927825,37.516465035
"2061",12,39,6,양버즘나무,PTA,126.990659757,37.501985536
"2062",12,30,12,양버즘나무,PTA,127.011472545,37.498862084
"2063",5,16,5,은행나무,GB,126.98831455,37.463302724
"2064",8,31,6,양버즘나무,PTA,127.030200404,37.489012864
"2065",11,29,10,양버즘나무,PTA,126.992956931,37.488631482
"2066",13,22,10,양버즘나무,PTA,126.988129598,37.498112037
"2067",8,29,10,양버즘나무,PTA,127.008247069,37.503856354
"2068",6,17,5,칠엽수,AC,127.012626221,37.497756387
"2069",8,26,7,양버즘나무,PTA,127.038930695,37.473430854
"2070",4,9,3,은행나무,GB,127.046861665,37.475344441
"2071",10,28,8,가중나무,AA,127.014514897,37.515118699
"2072",10,32,5,가중나무,AA,127.011367591,37.516519087
"2073",9,23,9,양버즘나무,PTA,126.99675188,37.483065512
"2074",8,34,10,양버즘나무,PTA,127.000810673,37.506083732
"2075",9,28,6,칠엽수,AC,127.012212796,37.499550742
"2076",9,15,4,은행나무,GB,126.995583684,37.493988981
"2077",9,13,5,은행나무,GB,127.015377741,37.486274838
"2078",11,31,6,양버즘나무,PTA,126.984573387,37.49080877
"2079",5,11,2,칠엽수,AC,127.013208897,37.496352023
"2080",4,21,5,느티나무,ZS,126.982574185,37.485170759
"2081",6,26,8,느티나무,ZS,127.011786265,37.456921791
"2082",8,25,4,양버즘나무,PTA,127.042229749,37.480985112
"2083",7,13,3,은행나무,GB,127.028314069,37.488196251
"2084",9,41,8,메타세쿼이아,TB,127.030416794,37.472400768
"2085",11,33,6,양버즘나무,PTA,126.986986436,37.491050256
"2086",10,23,6,양버즘나무,PTA,127.028738809,37.488769384
"2087",12,36,12,양버즘나무,PTA,127.013500917,37.494048999
"2088",10,33,12,양버즘나무,PTA,126.986229228,37.503060426
"2089",9,22,6,양버즘나무,PTA,127.038940124,37.476369459
"2090",11,35,8,양버즘나무,PTA,127.017113947,37.494621134
"2091",7,19,10,회화나무,STJ,127.01013344,37.504321367
"2092",11,33,6,양버즘나무,PTA,126.989333641,37.486810448
"2093",8,28,10,양버즘나무,PTA,127.038156682,37.478967647
"2094",4,17,4,느티나무,ZS,126.984661658,37.485765412
"2095",6,16,4,은행나무,GB,127.044163379,37.476333694
"2096",8,17,2,은행나무,GB,127.037646544,37.461639144
"2097",9,20,6,양버즘나무,PTA,127.034479742,37.467700979
"2098",6,15,2,은행나무,GB,127.047203293,37.458778893
"2099",7,32,6,은행나무,GB,127.04377249,37.47346188
"2100",9,31,8,메타세쿼이아,TB,127.036411809,37.474410684
"2101",6,10,1,은행나무,GB,127.047543436,37.457868431
"2102",9,18,7,양버즘나무,PTA,127.038925258,37.472348051
"2103",6,24,5,메타세쿼이아,TB,127.021726589,37.461837938
"2104",4,19,3,은행나무,GB,127.03822121,37.47777991
"2105",12,19,6,양버즘나무,PTA,126.988248646,37.492009379
"2106",5,31,5,메타세쿼이아,TB,127.024370961,37.46393544
"2107",9,18,6,은행나무,GB,126.991607082,37.493339293
"2108",14,23,7,양버즘나무,PTA,127.038241791,37.48039882
"2109",7,25,3,느티나무,ZS,127.044001945,37.466120023
"2110",15,25,7,양버즘나무,PTA,127.038619598,37.479609114
"2111",7,20,4,양버즘나무,PTA,127.035137083,37.475633058
"2112",6,34,6,메타세쿼이아,TB,127.026221282,37.465609263
"2113",12,42,12,가중나무,AA,127.007269045,37.510294313
"2114",7,18,5,칠엽수,AC,127.012884634,37.496627157
"2115",5,8,3,왕벚나무,PS,127.051432925,37.453255043
"2116",8,23,8,양버즘나무,PTA,127.025754617,37.497389708
"2117",12,30,7,은행나무,GB,127.041664065,37.475374449
"2118",4,14,3,메타세쿼이아,TB,127.009866822,37.507833235
"2119",5,13,4,은행나무,GB,126.99646694,37.4835008
"2120",9,31,7,양버즘나무,PTA,127.034556756,37.467446383
"2121",6,31,5,메타세쿼이아,TB,127.022380381,37.462333215
"2122",6,21,6,칠엽수,AC,127.013362501,37.494627073
"2123",9,25,6,양버즘나무,PTA,127.013791706,37.49246937
"2124",5,12,3,은행나무,GB,127.056191095,37.446780199
"2125",4,6,2,왕벚나무,PS,127.056743479,37.446262711
"2126",4,16,2,메타세쿼이아,TB,127.028618815,37.468348407
"2127",5,18,4,느티나무,ZS,126.982402859,37.485677115
"2128",8,16,2,은행나무,GB,127.017718476,37.500944097
"2129",7,30,7,느티나무,ZS,127.027675182,37.483852092
"2130",8,18,6,메타세쿼이아,TB,127.036806501,37.474573449
"2131",6,19,6,은행나무,GB,127.047698856,37.474540623
"2132",8,29,5,메타세쿼이아,TB,127.043087233,37.477201405
"2133",5,10,2,메타세쿼이아,TB,127.003312255,37.475649611
"2134",9,19,3,은행나무,GB,127.014658586,37.484831389
"2135",13,41,12,가중나무,AA,127.004513828,37.511175601
"2136",10,21,5,은행나무,GB,127.010880932,37.50953422
"2137",7,15,3,은행나무,GB,127.011050894,37.512785393
"2138",12,44,10,양버즘나무,PTA,127.000949319,37.505794187
"2139",6,12,6,회화나무,STJ,127.011235315,37.502566836
"2140",14,43,6,양버즘나무,PTA,127.002588252,37.502874704
"2141",13,35,12,가중나무,AA,127.005072802,37.511718686
"2142",10,25,10,가중나무,AA,127.014897708,37.515064883
"2143",12,36,10,양버즘나무,PTA,127.000468476,37.506807395
"2144",10,33,7,양버즘나무,PTA,127.013310468,37.510704513
"2145",8,17,5,은행나무,GB,127.011354249,37.51286205
"2146",7,15,5,은행나무,GB,126.988066127,37.466301023
"2147",4,42,6,느티나무,ZS,127.083834841,37.461218336
"2148",8,27,6,메타세쿼이아,TB,127.030295074,37.472377647
"2149",7,21,6,은행나무,GB,127.046344361,37.475845358
"2150",6,17,5,양버즘나무,PTA,127.016494211,37.48448511
"2151",7,24,6,은행나무,GB,127.041572917,37.472620631
"2152",7,37,10,느티나무,ZS,127.041636702,37.464425662
"2153",5,10,2,메타세쿼이아,TB,126.998897022,37.473760365
"2154",8,30,5,양버즘나무,PTA,127.017426215,37.489306444
"2155",14,34,7,양버즘나무,PTA,127.019425319,37.495302696
"2156",0,9,0,느티나무,ZS,127.019128549,37.482309809
"2157",9,20,5,은행나무,GB,127.010898971,37.509499679
"2158",7,13,4,은행나무,GB,127.010620787,37.512576839
"2159",12,40,7,양버즘나무,PTA,126.985969354,37.50051749
"2160",10,26,5,양버즘나무,PTA,127.029381591,37.485727466
"2161",4,26,8,느티나무,ZS,127.085846905,37.461885946
"2162",7,23,6,은행나무,GB,127.048108178,37.474152732
"2163",0,12,4,느티나무,ZS,127.039229625,37.469059553
"2164",7,13,2,은행나무,GB,127.035807273,37.460183571
"2165",9,24,8,양버즘나무,PTA,127.013893043,37.502477741
"2166",10,35,8,양버즘나무,PTA,127.037854217,37.469442321
"2167",5,10,2,은행나무,GB,126.988246612,37.463015845
"2168",7,35,6,메타세쿼이아,TB,127.021049394,37.461140108
"2169",10,12,2,양버즘나무,PTA,127.025715503,37.501482801
"2170",6,17,4,은행나무,GB,127.045942044,37.476231258
"2171",9,23,5,은행나무,GB,126.997980035,37.49543477
"2172",10,23,10,가중나무,AA,127.013510387,37.514708243
"2173",7,21,8,은행나무,GB,126.998355988,37.4991229
"2174",11,28,6,양버즘나무,PTA,126.989913143,37.502060285
"2175",8,17,6,은행나무,GB,127.004365533,37.509002146
"2176",4,20,3,느티나무,ZS,126.991598689,37.486966821
"2177",4,6,2,왕벚나무,PS,127.052330707,37.451430862
"2178",12,25,8,가중나무,AA,127.007586907,37.514495127
"2179",10,33,5,양버즘나무,PTA,127.017745224,37.509904093
"2180",10,19,4,양버즘나무,PTA,127.004138094,37.485530878
"2181",7,10,2,은행나무,GB,127.036593816,37.460475277
"2182",8,14,3,은행나무,GB,127.009398757,37.492230734
"2183",12,29,6,양버즘나무,PTA,126.985799364,37.50038118
"2184",6,13,2,메타세쿼이아,TB,126.997429555,37.473451681
"2185",13,41,12,느티나무,ZS,127.088157559,37.462857196
"2186",5,11,3,왕벚나무,PS,127.035280511,37.478361514
"2187",7,22,6,은행나무,GB,126.986045207,37.468741169
"2188",6,24,4,느티나무,ZS,127.039644376,37.468575562
"2189",10,33,5,양버즘나무,PTA,127.011172094,37.48726437
"2190",5,10,2,메타세쿼이아,TB,126.994348783,37.473516161
"2191",5,18,5,느티나무,ZS,126.988733541,37.486105774
"2192",4,13,3,은행나무,GB,127.024388831,37.469140557
"2193",9,27,5,양버즘나무,PTA,127.015834245,37.485999946
"2194",12,35,8,양버즘나무,PTA,126.987779775,37.491822446
"2195",15,21,4,양버즘나무,PTA,127.023048811,37.486823067
"2196",4,6,2,왕벚나무,PS,127.057390469,37.445679785
"2197",6,18,4,은행나무,GB,127.048316274,37.456864436
"2198",12,33,12,가중나무,AA,127.008544901,37.508431467
"2199",11,21,4,양버즘나무,PTA,126.984715263,37.490842664
"2200",9,33,6,양버즘나무,PTA,127.023585471,37.498113975
"2201",6,34,4,양버즘나무,PTA,127.014362205,37.49062018
"2202",6,28,5,양버즘나무,PTA,127.014054872,37.492427471
"2203",9,20,4,양버즘나무,PTA,127.03442261,37.466659015
"2204",5,17,3,느티나무,ZS,126.993096947,37.487382975
"2205",8,26,5,양버즘나무,PTA,127.026368214,37.492274522
"2206",12,29,8,양버즘나무,PTA,127.01338298,37.514122275
"2207",8,19,5,은행나무,GB,126.994716559,37.493949373
"2208",10,31,5,양버즘나무,PTA,127.028736817,37.487317509
"2209",15,35,6,양버즘나무,PTA,127.000680996,37.504749677
"2210",12,26,12,양버즘나무,PTA,127.004333028,37.487956451
"2211",14,29,7,양버즘나무,PTA,127.018799474,37.495140175
"2212",3,8,2,단풍나무,MP,126.984463157,37.485777172
"2213",4,10,1,은행나무,GB,127.011972353,37.513164161
"2214",12,41,7,양버즘나무,PTA,127.008459723,37.49221586
"2215",9,24,6,은행나무,GB,127.010612667,37.510035661
"2216",8,26,7,회화나무,STJ,127.009905991,37.504256816
"2217",11,28,6,양버즘나무,PTA,126.987792509,37.489209817
"2218",8,14,2,양버즘나무,PTA,127.013169952,37.513803801
"2219",7,25,7,은행나무,GB,127.010204573,37.494769354
"2220",10,15,4,양버즘나무,PTA,127.018048017,37.485277054
"2221",19,44,13,양버즘나무,PTA,127.032755708,37.486732289
"2222",7,13,4,은행나무,GB,127.043780914,37.473602365
"2223",4,14,1,은행나무,GB,127.014240032,37.51632758
"2224",13,39,10,양버즘나무,PTA,127.036655125,37.477188193
"2225",11,35,5,양버즘나무,PTA,127.019373526,37.510370562
"2226",4,11,3,느티나무,ZS,127.044057848,37.46498024
"2227",6,29,6,메타세쿼이아,TB,127.026194277,37.465373206
"2228",12,40,10,가중나무,AA,127.004589436,37.51124899
"2229",12,35,8,양버즘나무,PTA,126.986709368,37.491403269
"2230",4,27,6,느티나무,ZS,127.067376586,37.456141752
"2231",5,35,6,메타세쿼이아,TB,127.014474028,37.517345421
"2232",9,20,6,칠엽수,AC,127.012141131,37.499861962
"2233",14,34,12,가중나무,AA,127.002872372,37.509426474
"2234",11,26,7,양버즘나무,PTA,127.008109016,37.511407983
"2235",13,37,10,양버즘나무,PTA,126.989796061,37.498075664
"2236",8,30,5,양버즘나무,PTA,126.986503732,37.476708925
"2237",8,31,8,양버즘나무,PTA,127.008971511,37.504140036
"2238",3,24,6,은행나무,GB,126.993871444,37.480110379
"2239",6,27,6,메타세쿼이아,TB,127.02492553,37.464216201
"2240",5,21,4,느티나무,ZS,127.043379315,37.465058387
"2241",7,17,2,양버즘나무,PTA,127.011876028,37.513267456
"2242",7,30,6,양버즘나무,PTA,127.032447382,37.470115509
"2243",7,17,3,은행나무,GB,126.988382756,37.465228044
"2244",8,30,6,느티나무,ZS,127.059169512,37.45724094
"2245",13,31,7,양버즘나무,PTA,127.019316542,37.495551053
"2246",6,15,3,은행나무,GB,127.052514439,37.450776689
"2247",7,19,5,은행나무,GB,127.010638158,37.512528381
"2248",7,34,8,양버즘나무,PTA,127.010498177,37.486456828
"2249",7,12,3,은행나무,GB,127.050702599,37.454431527
"2250",8,32,10,양버즘나무,PTA,127.009115849,37.504195638
"2251",8,14,6,은행나무,GB,126.993550539,37.493781884
"2252",6,15,4,은행나무,GB,127.051200823,37.453714199
"2253",6,18,3,은행나무,GB,127.053431351,37.4493737
"2254",8,36,12,느티나무,ZS,127.030707374,37.483895266
"2255",12,24,7,양버즘나무,PTA,127.038297474,37.480284059
"2256",11,28,7,메타세쿼이아,TB,127.040519372,37.474473762
"2257",7,17,5,은행나무,GB,127.044977247,37.471663015
"2258",6,39,7,느티나무,ZS,127.02202185,37.460478306
"2259",12,35,7,메타세쿼이아,TB,127.041445727,37.475275424
"2260",5,10,2,메타세쿼이아,TB,127.005093603,37.476500869
"2261",5,16,4,느티나무,ZS,127.048592618,37.469972577
"2262",11,30,8,양버즘나무,PTA,127.012221388,37.493099297
"2263",12,40,6,가중나무,AA,127.008775216,37.515662845
"2264",10,35,6,양버즘나무,PTA,127.025517585,37.497418709
"2265",7,25,6,은행나무,GB,127.041222392,37.472390829
"2266",8,20,5,양버즘나무,PTA,127.028045744,37.489156417
"2267",7,17,4,은행나무,GB,127.045731507,37.472028589
"2268",7,14,3,은행나무,GB,127.036640505,37.461402223
"2269",8,14,8,양버즘나무,PTA,127.036336545,37.468441774
"2270",9,26,8,메타세쿼이아,TB,127.036666987,37.47448381
"2271",6,14,4,은행나무,GB,126.987697688,37.460762541
"2272",7,12,2,은행나무,GB,127.05211912,37.45157848
"2273",10,20,6,양버즘나무,PTA,127.038955312,37.477240523
"2274",12,26,5,양버즘나무,PTA,127.028411246,37.492641566
"2275",5,25,7,느티나무,ZS,127.041924595,37.465132048
"2276",7,16,2,은행나무,GB,127.045359752,37.467583867
"2277",15,28,6,양버즘나무,PTA,126.98228516,37.484398891
"2278",6,28,8,느티나무,ZS,127.023963592,37.460138648
"2279",10,24,10,양버즘나무,PTA,127.037413316,37.477482113
"2280",6,22,1,은행나무,GB,127.052998863,37.449866626
"2281",8,30,6,양버즘나무,PTA,127.027955095,37.488529749
"2282",14,26,10,가중나무,AA,127.011447025,37.518269483
"2283",9,32,5,양버즘나무,PTA,127.023920623,37.491131304
"2284",12,25,7,양버즘나무,PTA,127.038760572,37.479017698
"2285",7,18,5,칠엽수,AC,127.011157396,37.503052367
"2286",9,24,4,은행나무,GB,127.001992612,37.482120989
"2287",4,11,3,회화나무,STJ,127.016549686,37.520632238
"2288",9,41,7,양버즘나무,PTA,127.034259492,37.466779318
"2289",6,15,4,은행나무,GB,127.045204695,37.474914712
"2290",7,25,4,은행나무,GB,127.031670522,37.474275724
"2291",5,8,3,왕벚나무,PS,127.04882938,37.456527448
"2292",6,27,7,은행나무,GB,127.04506904,37.475462551
"2293",5,10,2,은행나무,GB,127.005392283,37.502724816
"2294",11,40,8,양버즘나무,PTA,127.008779011,37.490012548
"2295",8,14,2,메타세쿼이아,TB,127.012100747,37.508438057
"2296",7,20,8,회화나무,STJ,127.010429445,37.503755546
"2297",8,20,5,은행나무,GB,127.003208753,37.482370948
"2298",9,21,6,느티나무,ZS,127.075011148,37.458767993
"2299",12,41,6,양버즘나무,PTA,127.009388267,37.488751584
"2300",13,30,4,양버즘나무,PTA,127.025036486,37.487440285
"2301",13,29,6,양버즘나무,PTA,127.005226385,37.496480117
"2302",12,36,8,양버즘나무,PTA,126.998008877,37.488929932
"2303",7,16,4,양버즘나무,PTA,127.041670519,37.467193229
"2304",0,9,0,느티나무,ZS,127.021370963,37.482639411
"2305",8,27,5,양버즘나무,PTA,127.018838608,37.489587597
"2306",8,37,9,메타세쿼이아,TB,127.042989378,37.477331587
"2307",6,31,7,느티나무,ZS,127.017279131,37.458535015
"2308",13,37,12,양버즘나무,PTA,127.020516391,37.512381762
"2309",5,17,3,느티나무,ZS,126.991509999,37.487110662
"2310",7,15,4,느티나무,ZS,127.0389739,37.469451131
"2428",8,32,6,느티나무,ZS,127.053292842,37.459771971
"2311",10,34,12,느티나무,ZS,127.008584293,37.47818497
"2312",9,17,6,은행나무,GB,126.998252225,37.49738763
"2313",9,28,4,은행나무,GB,127.017903948,37.515520912
"2314",7,23,7,은행나무,GB,127.044577479,37.474597817
"2315",5,17,4,느티나무,ZS,127.045194404,37.467500083
"2316",8,14,4,은행나무,GB,127.038614048,37.462353737
"2317",10,19,5,양버즘나무,PTA,127.007508518,37.483217787
"2318",6,17,4,양버즘나무,PTA,127.029137111,37.488889364
"2319",6,14,3,은행나무,GB,127.047014626,37.459272385
"2320",7,28,8,칠엽수,AC,127.012546182,37.498101548
"2321",8,15,4,느티나무,ZS,127.046124068,37.462786156
"2322",7,10,3,은행나무,GB,126.98348173,37.49707384
"2323",7,15,2,은행나무,GB,127.035204484,37.460387297
"2324",7,18,4,은행나무,GB,126.998297102,37.498128282
"2325",7,21,8,회화나무,STJ,127.010222449,37.504150455
"2326",6,31,7,은행나무,GB,127.042069635,37.475148239
"2327",7,12,2,은행나무,GB,127.043571741,37.476734358
"2328",12,38,12,양버즘나무,PTA,126.985660282,37.498866511
"2329",12,19,4,양버즘나무,PTA,127.025418296,37.487555611
"2330",6,17,4,은행나무,GB,126.984751097,37.469805568
"2331",6,23,6,느티나무,ZS,127.053290972,37.459962418
"2332",8,21,3,느티나무,ZS,127.065179387,37.455538018
"2333",11,46,6,양버즘나무,PTA,127.011685159,37.4832287
"2334",6,31,7,은행나무,GB,127.042650284,37.474694526
"2335",8,31,3,양버즘나무,PTA,127.038659355,37.472385376
"2336",9,17,7,양버즘나무,PTA,127.038925306,37.472403095
"2337",7,25,6,느티나무,ZS,127.053541016,37.460042475
"2338",8,28,4,양버즘나무,PTA,127.039308919,37.469819286
"2339",6,29,5,메타세쿼이아,TB,127.025680452,37.465109847
"2340",8,27,6,느티나무,ZS,127.082364028,37.463053022
"2341",8,32,6,양버즘나무,PTA,127.003903746,37.5057062
"2342",9,19,3,은행나무,GB,127.001105041,37.481898622
"2343",9,32,5,양버즘나무,PTA,127.023780986,37.491234974
"2344",6,17,5,은행나무,GB,127.043027288,37.466059966
"2345",7,15,2,은행나무,GB,126.98725325,37.489427353
"2346",6,21,4,느티나무,ZS,127.03974704,37.46933527
"2347",6,15,2,메타세쿼이아,TB,127.010036289,37.50782003
"2348",9,28,3,양버즘나무,PTA,127.038652729,37.471602944
"2349",10,39,10,양버즘나무,PTA,126.999195939,37.50027774
"2350",13,52,12,가중나무,AA,127.00671311,37.511853723
"2351",11,33,6,메타세쿼이아,TB,127.039987852,37.473955747
"2352",8,32,3,양버즘나무,PTA,127.020121971,37.513292016
"2353",13,27,7,양버즘나무,PTA,127.02470066,37.497168405
"2354",9,60,12,느티나무,ZS,127.084887653,37.461786907
"2355",10,24,5,양버즘나무,PTA,126.988563058,37.488200761
"2356",7,22,5,은행나무,GB,127.045715295,37.476451803
"2357",6,37,10,느티나무,ZS,127.014047653,37.457320897
"2358",8,23,5,양버즘나무,PTA,126.993904941,37.480375495
"2359",12,21,8,양버즘나무,PTA,126.999057537,37.48923585
"2360",6,24,6,느티나무,ZS,127.012193373,37.457374867
"2361",8,20,5,양버즘나무,PTA,127.011593403,37.487542061
"2362",9,21,5,양버즘나무,PTA,127.015102193,37.484873169
"2363",10,30,4,양버즘나무,PTA,127.034688751,37.475558252
"2364",10,19,4,양버즘나무,PTA,127.004318846,37.486699464
"2365",13,35,7,양버즘나무,PTA,126.990492622,37.498344618
"2366",9,27,4,느티나무,ZS,127.078234529,37.459305077
"2367",5,15,4,은행나무,GB,127.025203963,37.470214189
"2368",6,27,4,은행나무,GB,127.024753768,37.46954722
"2369",8,19,4,메타세쿼이아,TB,127.030064988,37.470183853
"2370",8,12,2,은행나무,GB,127.037191529,37.461255457
"2371",0,9,0,느티나무,ZS,127.007567773,37.478059897
"2372",8,17,2,메타세쿼이아,TB,127.020763792,37.510824596
"2373",8,28,5,양버즘나무,PTA,127.022130828,37.501160248
"2374",7,19,3,양버즘나무,PTA,127.021889502,37.502063314
"2375",3,29,10,은행나무,GB,127.026138721,37.50059111
"2376",14,37,8,양버즘나무,PTA,127.02089957,37.496031034
"2377",14,22,4,양버즘나무,PTA,127.038930957,37.47792108
"2378",5,15,5,느티나무,ZS,127.04541118,37.463247371
"2379",4,23,4,느티나무,ZS,127.039713702,37.468456963
"2380",10,26,4,양버즘나무,PTA,127.040160752,37.478736882
"2381",11,33,6,양버즘나무,PTA,126.987433606,37.489761842
"2382",7,24,3,양버즘나무,PTA,127.032916512,37.474751689
"2383",10,22,8,양버즘나무,PTA,127.00820333,37.511434809
"2384",7,17,4,은행나무,GB,127.006535046,37.513148687
"2385",8,24,5,느티나무,ZS,127.061787348,37.456127223
"2386",12,39,12,가중나무,AA,127.005915376,37.512869861
"2387",12,41,8,메타세쿼이아,TB,127.04219981,37.476409296
"2388",9,22,5,양버즘나무,PTA,127.010066533,37.498772387
"2389",7,11,2,은행나무,GB,127.035073436,37.460371665
"2390",7,20,8,회화나무,STJ,127.011429285,37.484533027
"2391",8,24,4,은행나무,GB,127.037036614,37.46113683
"2392",5,25,6,느티나무,ZS,126.982539817,37.476640488
"2393",7,17,4,은행나무,GB,127.046601224,37.468480187
"2394",6,22,6,은행나무,GB,127.051675027,37.452516487
"2395",11,32,7,양버즘나무,PTA,127.007725651,37.492231528
"2396",6,32,6,양버즘나무,PTA,127.014303364,37.490971403
"2397",5,34,7,양버즘나무,PTA,127.014346093,37.490721914
"2398",9,24,4,느티나무,ZS,127.077705716,37.459134487
"2399",8,15,3,은행나무,GB,127.008339532,37.51141631
"2400",12,27,7,양버즘나무,PTA,126.99866218,37.489279519
"2401",9,20,4,양버즘나무,PTA,127.00262695,37.502303959
"2402",5,29,9,느티나무,ZS,127.014054548,37.484717
"2403",8,17,7,양버즘나무,PTA,127.038925478,37.472593912
"2404",8,18,4,느티나무,ZS,127.080978336,37.46034734
"2405",8,22,8,양버즘나무,PTA,127.00952082,37.51190923
"2406",9,21,5,양버즘나무,PTA,127.027349909,37.490215574
"2407",9,21,5,양버즘나무,PTA,127.038984167,37.471242905
"2408",7,17,3,은행나무,GB,127.050613866,37.45485202
"2409",9,22,6,양버즘나무,PTA,127.038960774,37.477744398
"2410",6,15,4,은행나무,GB,127.047126713,37.468407298
"2411",14,40,6,양버즘나무,PTA,127.004205781,37.50008233
"2412",5,12,2,메타세쿼이아,TB,126.998256277,37.473889339
"2413",7,8,3,은행나무,GB,127.002907888,37.502493556
"2414",6,24,5,양버즘나무,PTA,126.992744289,37.481689396
"2415",8,24,4,양버즘나무,PTA,127.034289777,37.464963204
"2416",7,18,3,은행나무,GB,127.049625336,37.470442638
"2417",7,20,5,양버즘나무,PTA,127.027472962,37.492207821
"2418",6,19,6,은행나무,GB,127.046735187,37.468670183
"2419",8,22,5,은행나무,GB,127.037685916,37.461894733
"2420",8,14,2,메타세쿼이아,TB,127.013179108,37.508748619
"2421",8,20,5,양버즘나무,PTA,127.023003032,37.499697973
"2422",8,28,3,양버즘나무,PTA,127.038762379,37.470769011
"2423",7,15,2,은행나무,GB,127.035919283,37.460272005
"2424",7,22,8,은행나무,GB,127.010131187,37.49448317
"2425",8,21,5,은행나무,GB,127.010559109,37.512491058
"2426",11,25,5,양버즘나무,PTA,127.0034361,37.501579988
"2427",7,31,5,양버즘나무,PTA,126.986327309,37.476252605
"2429",9,41,8,양버즘나무,PTA,127.03544562,37.463134926
"2430",6,32,8,느티나무,ZS,127.02661136,37.460032229
"2431",7,12,2,은행나무,GB,127.052015536,37.451822186
"2432",8,16,5,느티나무,ZS,127.078274308,37.459523189
"2433",7,23,8,양버즘나무,PTA,127.025879715,37.497426171
"2434",0,9,0,느티나무,ZS,127.024745094,37.48342467
"2435",7,22,6,은행나무,GB,126.993413652,37.479967239
"2436",10,28,8,양버즘나무,PTA,127.03241428,37.469918477
"2437",5,16,3,느티나무,ZS,126.993901804,37.487514214
"2438",10,25,4,양버즘나무,PTA,127.006633918,37.478082439
"2439",9,25,5,양버즘나무,PTA,127.01916164,37.485625112
"2440",6,17,4,은행나무,GB,127.049132405,37.456255782
"2441",11,25,6,느티나무,ZS,127.029508346,37.483723674
"2442",15,13,2,은행나무,GB,127.041400937,37.485025586
"2443",10,24,8,양버즘나무,PTA,127.035836852,37.477891063
"2444",15,36,6,양버즘나무,PTA,127.00388935,37.49961063
"2445",8,30,9,칠엽수,AC,127.012364186,37.498908652
"2446",9,25,12,양버즘나무,PTA,127.009353369,37.498714293
"2447",11,37,8,양버즘나무,PTA,127.006605804,37.494453582
"2448",12,40,7,양버즘나무,PTA,127.008623356,37.492265601
"2449",3,10,2,꽃사과,PRS,126.985390872,37.485672157
"2450",8,39,5,양버즘나무,PTA,127.019706209,37.489998132
"2451",9,29,5,양버즘나무,PTA,127.007227848,37.491850564
"2452",12,50,4,은행나무,GB,126.99820707,37.499640669
"2453",5,8,3,왕벚나무,PS,127.051811856,37.452224681
"2454",5,15,2,느티나무,ZS,127.047404128,37.469104597
"2455",10,33,6,가중나무,AA,127.013561916,37.515272389
"2456",6,21,3,은행나무,GB,127.044737318,37.472675391
"2457",7,11,3,은행나무,GB,127.035845185,37.460807701
"2458",8,26,5,양버즘나무,PTA,127.022086365,37.501643304
"2459",12,31,4,양버즘나무,PTA,127.040770375,37.479710868
"2460",5,24,4,은행나무,GB,127.014262066,37.516760571
"2461",11,27,6,양버즘나무,PTA,126.988288784,37.488439434
"2462",11,19,5,양버즘나무,PTA,127.008665695,37.483651731
"2463",6,17,3,메타세쿼이아,TB,127.029012368,37.469056603
"2464",4,12,2,은행나무,GB,127.012741477,37.481824739
"2465",6,26,6,칠엽수,AC,127.01289596,37.496572747
"2466",7,19,5,양버즘나무,PTA,126.986237183,37.476006319
"2467",10,26,4,양버즘나무,PTA,127.005344057,37.491256646
"2468",12,34,8,양버즘나무,PTA,127.020342573,37.495862084
"2469",6,16,2,은행나무,GB,127.046423108,37.460464374
"2470",8,20,5,칠엽수,AC,127.011878031,37.502089758
"2471",13,37,12,가중나무,AA,127.012619854,37.519231688
"2472",8,21,5,양버즘나무,PTA,127.022795773,37.500137428
"2473",8,22,6,은행나무,GB,126.986232906,37.468580306
"2474",5,14,3,느티나무,ZS,126.994978047,37.487936356
"2475",8,13,4,은행나무,GB,127.009556255,37.511915518
"2476",15,29,6,양버즘나무,PTA,127.003705885,37.500570536
"2477",5,16,2,칠엽수,AC,127.011102182,37.503152654
"2478",8,21,5,양버즘나무,PTA,127.02214927,37.501118644
"2479",7,15,4,은행나무,GB,126.996088656,37.494150582
"2480",6,13,4,은행나무,GB,126.98776077,37.4604321
"2481",9,20,5,양버즘나무,PTA,127.025659749,37.494150867
"2482",6,23,7,은행나무,GB,127.045637963,37.474918537
"2483",6,40,7,양버즘나무,PTA,127.010440037,37.486582584
"2484",8,22,4,양버즘나무,PTA,127.035850834,37.476321849
"2485",8,35,10,양버즘나무,PTA,127.007324268,37.503491295
"2486",8,25,7,양버즘나무,PTA,127.038747306,37.470099677
"2487",7,31,6,메타세쿼이아,TB,127.020979944,37.461084404
"2488",10,24,6,양버즘나무,PTA,126.997994323,37.481132712
"2489",12,31,8,메타세쿼이아,TB,127.041885869,37.476051555
"2490",6,11,3,은행나무,GB,127.046128666,37.468138342
"2491",8,26,5,은행나무,GB,126.992775566,37.479738654
"2492",6,10,3,은행나무,GB,127.053716169,37.449089283
"2493",4,15,3,느티나무,ZS,127.000907755,37.474831154
"2494",5,10,3,단풍나무,MP,126.992432235,37.487461941
"2495",7,16,3,은행나무,GB,127.01136291,37.512808427
"2496",8,30,10,양버즘나무,PTA,127.01236267,37.502881401
"2497",5,10,2,메타세쿼이아,TB,126.993264863,37.47398828
"2498",15,24,5,양버즘나무,PTA,127.000272737,37.504594193
"2499",10,21,4,양버즘나무,PTA,127.003821213,37.484752384
"2500",8,26,5,느티나무,ZS,127.061208011,37.456377611
"2501",7,18,4,은행나무,GB,127.047568921,37.473073021
"2502",12,42,12,가중나무,AA,127.012286922,37.51871651
"2503",6,11,5,은행나무,GB,127.027341257,37.492316259
"2504",9,21,5,양버즘나무,PTA,127.013227086,37.484513246
"2505",9,17,5,양버즘나무,PTA,127.034241427,37.466629411
"2506",4,43,7,느티나무,ZS,127.0855368,37.46178259
"2507",4,26,6,느티나무,ZS,127.069708633,37.456902435
"2508",8,18,3,양버즘나무,PTA,127.014411677,37.484531763
"2509",13,25,4,양버즘나무,PTA,127.0406349,37.479559876
"2510",0,28,6,느티나무,ZS,127.039023094,37.473334633
"2511",9,16,6,은행나무,GB,126.986350846,37.46847306
"2512",5,8,3,왕벚나무,PS,127.03507763,37.478422598
"2513",7,25,6,양버즘나무,PTA,127.003851085,37.505721592
"2514",9,30,6,느티나무,ZS,127.082441723,37.46059561
"2515",6,32,10,양버즘나무,PTA,127.014279136,37.491104526
"2516",7,28,8,칠엽수,AC,127.012111718,37.50116011
"2517",8,27,5,양버즘나무,PTA,127.028449901,37.492506246
"2518",6,18,5,은행나무,GB,127.046139634,37.47604011
"2519",12,36,12,가중나무,AA,127.008448319,37.515019822
"2520",7,18,4,은행나무,GB,127.049413449,37.470517482
"2521",4,27,5,느티나무,ZS,127.044273451,37.466240355
"2522",11,23,6,양버즘나무,PTA,126.99170329,37.483132336
"2523",9,21,5,느티나무,ZS,127.073936995,37.458108449
"2524",6,11,2,은행나무,GB,127.057658457,37.444542428
"2525",13,30,6,양버즘나무,PTA,127.018392004,37.510072241
"2526",8,36,10,느티나무,ZS,127.010775596,37.479277703
"2527",6,16,4,은행나무,GB,127.048236845,37.469207616
"2528",5,10,2,메타세쿼이아,TB,126.988629944,37.474952958
"2529",4,13,5,은행나무,GB,127.011808073,37.482965606
"2530",7,34,6,메타세쿼이아,TB,127.020628003,37.46081824
"2531",6,20,3,은행나무,GB,127.046609063,37.459978997
"2532",11,38,6,양버즘나무,PTA,126.984897963,37.490922775
"2533",14,34,6,양버즘나무,PTA,127.004061244,37.500617928
"2534",7,25,6,느티나무,ZS,127.072980866,37.45780544
"2535",7,16,4,은행나무,GB,127.04535916,37.471798346
"2536",7,18,4,은행나무,GB,127.04483816,37.475560124
"2537",12,28,6,양버즘나무,PTA,126.989265223,37.49453135
"2538",6,17,5,느티나무,ZS,127.047081498,37.46262711
"2539",6,23,4,느티나무,ZS,127.045924497,37.462321872
"2540",6,21,3,느티나무,ZS,127.04880705,37.462073232
"2541",7,17,5,양버즘나무,PTA,126.982862685,37.491192233
"2542",8,24,6,양버즘나무,PTA,127.02273019,37.490765198
"2543",8,39,8,느티나무,ZS,127.081865247,37.461626093
"2544",5,16,4,느티나무,ZS,127.041412347,37.466843886
"2545",9,26,6,은행나무,GB,127.017223589,37.515306226
"2546",7,14,4,은행나무,GB,127.043481557,37.466218655
"2547",7,30,6,은행나무,GB,127.041602405,37.472545724
"2548",4,15,3,칠엽수,AC,127.01082856,37.503667222
"2549",0,9,0,느티나무,ZS,127.019597643,37.482678274
"2550",6,8,4,은행나무,GB,126.988056964,37.462216546
"2551",7,33,1,은행나무,GB,127.011549163,37.513091835
"2552",8,16,5,은행나무,GB,127.018728413,37.510174627
"2553",9,18,4,메타세쿼이아,TB,127.020412152,37.510719911
"2554",11,31,10,양버즘나무,PTA,126.991743281,37.490593095
"2555",7,14,4,은행나무,GB,126.993506362,37.493689388
"2556",7,26,5,느티나무,ZS,127.053880111,37.459895515
"2557",8,25,6,양버즘나무,PTA,127.038451471,37.472957223
"2558",7,28,8,양버즘나무,PTA,127.033179599,37.469333636
"2559",5,16,4,느티나무,ZS,127.04134709,37.466907105
"2560",7,23,6,은행나무,GB,127.042019022,37.472915186
"2561",6,12,3,은행나무,GB,127.044992396,37.475536325
"2562",8,36,7,느티나무,ZS,127.054334786,37.459326065
"2563",6,28,5,메타세쿼이아,TB,127.020974458,37.461272755
"2564",13,18,4,양버즘나무,PTA,127.004983425,37.496885804
"2565",9,28,5,양버즘나무,PTA,127.027040037,37.49126939
"2566",9,30,5,양버즘나무,PTA,126.992663673,37.481640057
"2567",6,36,10,느티나무,ZS,127.009623894,37.478677304
"2568",10,19,4,양버즘나무,PTA,127.000073695,37.481674781
"2569",11,32,12,양버즘나무,PTA,126.994834293,37.4856735
"2640",8,18,6,은행나무,GB,126.993603674,37.493789486
"2570",11,30,10,양버즘나무,PTA,127.017681048,37.482593571
"2571",10,30,7,양버즘나무,PTA,127.011131816,37.484360475
"2572",11,29,7,양버즘나무,PTA,127.001380036,37.475584238
"2573",7,28,7,은행나무,GB,127.04498345,37.475419824
"2574",9,31,6,느티나무,ZS,127.082506978,37.461102878
"2575",8,24,6,느티나무,ZS,127.06031431,37.456948225
"2576",8,32,3,양버즘나무,PTA,127.03868517,37.471216225
"2577",6,20,5,칠엽수,AC,127.011529742,37.502269305
"2578",7,18,8,회화나무,STJ,127.010018385,37.504044206
"2579",10,22,8,은행나무,GB,126.998268538,37.497751955
"2580",10,19,5,양버즘나무,PTA,127.016193493,37.488935765
"2581",5,21,6,느티나무,ZS,126.987449052,37.486089491
"2582",12,26,7,양버즘나무,PTA,126.982511886,37.488061661
"2583",12,44,12,가중나무,AA,127.007848486,37.514752173
"2584",9,27,8,양버즘나무,PTA,127.038463558,37.477217754
"2585",8,27,6,느티나무,ZS,127.082401915,37.463650031
"2586",5,16,2,느티나무,ZS,127.042041154,37.465211857
"2587",5,16,4,느티나무,ZS,127.041608117,37.466661662
"2588",5,17,4,느티나무,ZS,126.993304615,37.487745264
"2589",5,10,2,메타세쿼이아,TB,126.989827845,37.474906139
"2590",9,30,5,양버즘나무,PTA,127.019374948,37.510631703
"2591",12,32,8,양버즘나무,PTA,127.009045817,37.489457807
"2592",8,27,6,느티나무,ZS,127.08223915,37.463473461
"2593",7,24,4,양버즘나무,PTA,127.03336493,37.474914482
"2594",12,37,10,가중나무,AA,127.006875646,37.511031731
"2595",6,13,4,은행나무,GB,127.0531088,37.449725787
"2596",9,34,7,양버즘나무,PTA,127.034256909,37.466733166
"2597",5,13,4,은행나무,GB,127.055666134,37.447436879
"2598",7,18,5,양버즘나무,PTA,127.014620375,37.487755184
"2599",9,23,6,느티나무,ZS,127.082536775,37.460625761
"2600",7,21,6,은행나무,GB,126.986107507,37.468689805
"2601",9,24,5,양버즘나무,PTA,127.012519774,37.48437626
"2602",7,11,2,은행나무,GB,127.034728598,37.460250582
"2603",7,24,6,느티나무,ZS,127.048165229,37.461975323
"2604",7,18,3,은행나무,GB,127.050103174,37.470781538
"2605",8,13,2,은행나무,GB,127.010901986,37.512754935
"2606",7,14,3,은행나무,GB,127.01063968,37.512466319
"2607",14,30,7,양버즘나무,PTA,127.004244625,37.498476247
"2608",4,12,2,은행나무,GB,127.021774064,37.483016267
"2609",7,14,2,은행나무,GB,127.039496624,37.462948765
"2610",7,15,3,느티나무,ZS,127.004807253,37.476693567
"2611",11,32,5,메타세쿼이아,TB,127.040350975,37.47428103
"2612",4,12,4,은행나무,GB,127.026282263,37.471123795
"2613",8,28,6,메타세쿼이아,TB,127.030730053,37.470905221
"2614",5,10,2,메타세쿼이아,TB,126.986876615,37.475448998
"2615",6,18,5,양버즘나무,PTA,126.99083532,37.479383511
"2616",5,25,6,느티나무,ZS,126.985438619,37.475798301
"2617",8,23,5,양버즘나무,PTA,127.038807371,37.469947656
"2618",6,38,6,느티나무,ZS,127.021672671,37.460493981
"2619",7,16,5,은행나무,GB,127.005025943,37.509719198
"2620",7,20,6,양버즘나무,PTA,127.014416408,37.48880757
"2621",8,22,5,양버즘나무,PTA,127.027398573,37.490108093
"2622",7,24,4,느티나무,ZS,127.051754232,37.460809696
"2623",13,36,10,양버즘나무,PTA,126.987967238,37.498113152
"2624",13,41,6,양버즘나무,PTA,127.005039792,37.496866393
"2625",8,21,8,회화나무,STJ,127.010547979,37.503522432
"2626",7,13,2,은행나무,GB,127.02908842,37.472732358
"2627",6,29,4,양버즘나무,PTA,127.039826196,37.468990418
"2628",12,35,12,가중나무,AA,127.008607671,37.515172489
"2629",5,16,4,은행나무,GB,127.025803145,37.470805107
"2630",4,18,6,느티나무,ZS,126.993285216,37.473983459
"2631",7,18,4,은행나무,GB,127.050072296,37.455238564
"2632",12,40,6,양버즘나무,PTA,127.005956356,37.506331745
"2633",11,26,6,양버즘나무,PTA,127.00375895,37.500075186
"2634",12,31,6,양버즘나무,PTA,126.989382101,37.49435186
"2635",13,20,8,양버즘나무,PTA,127.024043315,37.482303536
"2636",7,12,2,은행나무,GB,127.00845422,37.508585094
"2637",8,17,4,은행나무,GB,127.010049211,37.512182376
"2638",7,18,5,은행나무,GB,127.045984031,37.472016046
"2639",8,26,4,양버즘나무,PTA,127.034286747,37.464845021
"2641",5,17,4,느티나무,ZS,127.042228042,37.466096388
"2642",12,33,7,양버즘나무,PTA,126.989001073,37.492309316
"2643",9,28,8,느티나무,ZS,127.034797819,37.484357376
"2644",0,17,3,느티나무,ZS,127.036510153,37.481848686
"2645",7,33,8,은행나무,GB,126.998255608,37.499314396
"2646",9,18,4,은행나무,GB,127.018792924,37.515952829
"2647",5,16,3,느티나무,ZS,126.985606105,37.485727896
"2648",12,32,10,양버즘나무,PTA,127.004877131,37.48291913
"2649",13,33,10,양버즘나무,PTA,126.989462939,37.498082888
"2650",6,21,4,은행나무,GB,126.987950327,37.46182934
"2651",8,22,5,메타세쿼이아,TB,127.030147236,37.472224331
"2652",4,14,2,은행나무,GB,126.995862427,37.480794482
"2653",6,29,8,칠엽수,AC,127.012970614,37.496264758
"2654",9,23,5,양버즘나무,PTA,127.015776122,37.48609764
"2655",6,31,8,느티나무,ZS,127.026179547,37.460320834
"2656",5,10,2,메타세쿼이아,TB,126.98717026,37.475659602
"2657",6,17,4,느티나무,ZS,127.031875394,37.472633506
"2658",8,20,3,은행나무,GB,126.98229869,37.47395912
"2659",8,18,2,은행나무,GB,127.037438731,37.459594078
"2660",5,27,7,느티나무,ZS,127.067996994,37.455985839
"2661",12,34,8,양버즘나무,PTA,127.006097214,37.491352683
"2662",7,37,5,양버즘나무,PTA,126.989499043,37.478593291
"2663",8,17,4,은행나무,GB,127.038554884,37.462767328
"2664",5,8,3,왕벚나무,PS,127.051739032,37.452636688
"2665",6,32,10,느티나무,ZS,127.015286005,37.457376603
"2666",12,29,6,메타세쿼이아,TB,127.013934307,37.515846861
"2667",8,31,5,양버즘나무,PTA,127.011276867,37.512972762
"2668",6,24,5,은행나무,GB,127.011186095,37.512792016
"2669",8,31,10,양버즘나무,PTA,127.012479378,37.502919519
"2670",8,28,5,양버즘나무,PTA,127.02281347,37.500091632
"2671",13,25,5,양버즘나무,PTA,127.005016647,37.490434119
"2672",11,24,7,양버즘나무,PTA,127.011998261,37.493165061
"2673",9,28,5,느티나무,ZS,127.014685602,37.484279915
"2674",7,33,7,느티나무,ZS,127.052078229,37.460294462
"2675",13,36,12,느티나무,ZS,127.085197946,37.461886354
"2676",10,32,5,양버즘나무,PTA,126.987823956,37.489347442
"2677",8,25,5,양버즘나무,PTA,127.026903848,37.491152981
"2678",6,28,6,양버즘나무,PTA,127.039757041,37.469164518
"2679",8,18,5,은행나무,GB,126.987943825,37.466547824
"2680",7,17,2,은행나무,GB,127.011980122,37.513113449
"2681",6,23,2,느티나무,ZS,126.988408626,37.486043456
"2682",5,14,4,느티나무,ZS,126.994770293,37.488079603
"2683",7,36,5,양버즘나무,PTA,127.01239902,37.487636508
"2684",7,16,4,은행나무,GB,126.991343562,37.493137712
"2685",6,16,5,은행나무,GB,127.042520856,37.470489996
"2686",6,12,3,은행나무,GB,127.058033443,37.444240314
"2687",8,27,5,양버즘나무,PTA,127.026654167,37.491674723
"2688",6,17,5,은행나무,GB,127.057404234,37.445650288
"2689",10,26,6,은행나무,GB,126.998285749,37.496408511
"2690",8,27,5,메타세쿼이아,TB,127.029775076,37.469693434
"2691",7,24,7,은행나무,GB,127.046024925,37.47453596
"2692",0,9,0,느티나무,ZS,127.021127394,37.48260611
"2693",5,12,2,메타세쿼이아,TB,127.002855145,37.475764035
"2694",0,18,5,느티나무,ZS,127.03830542,37.477216424
"2695",8,22,4,은행나무,GB,127.017800401,37.515630518
"2696",7,18,7,은행나무,GB,127.008680552,37.511582109
"2697",7,24,8,양버즘나무,PTA,127.033292918,37.469213078
"2698",7,12,3,은행나무,GB,127.011724014,37.513110087
"2699",9,30,8,느티나무,ZS,127.017694135,37.485442118
"2700",8,31,7,양버즘나무,PTA,127.038880717,37.476167708
"2701",7,17,4,은행나무,GB,127.044126815,37.466690887
"2702",6,11,1,은행나무,GB,127.036660669,37.460862104
"2703",5,10,2,메타세쿼이아,TB,127.003361513,37.475674682
"2704",12,31,10,양버즘나무,PTA,127.007422002,37.511076655
"2705",12,31,6,양버즘나무,PTA,127.009418466,37.507737415
"2706",7,17,5,은행나무,GB,127.045247401,37.475039347
"2707",8,36,8,양버즘나무,PTA,127.036664901,37.468650012
"2708",10,46,12,양버즘나무,PTA,126.997950815,37.499781033
"2709",10,32,10,양버즘나무,PTA,127.000205521,37.477400769
"2710",10,41,12,양버즘나무,PTA,127.031789597,37.488749258
"2711",9,25,5,양버즘나무,PTA,127.027962072,37.48891285
"2712",11,31,6,양버즘나무,PTA,126.990372537,37.485199955
"2713",9,26,4,느티나무,ZS,127.078740456,37.459468158
"2714",8,20,3,양버즘나무,PTA,127.014170077,37.484491188
"2715",12,25,8,양버즘나무,PTA,127.035813943,37.477806649
"2716",5,10,2,메타세쿼이아,TB,127.004954646,37.476764552
"2717",10,45,12,느티나무,ZS,127.008120594,37.477979132
"2718",9,34,5,양버즘나무,PTA,127.024312276,37.491253277
"2719",9,17,7,은행나무,GB,127.010449181,37.494564536
"2720",11,28,6,양버즘나무,PTA,126.988184417,37.491893218
"2721",7,19,3,은행나무,GB,126.987229919,37.497698325
"2722",5,15,4,느티나무,ZS,126.992825691,37.487557187
"2723",0,9,0,느티나무,ZS,127.020202517,37.482764513
"2724",8,13,3,은행나무,GB,127.011871729,37.513007711
"2725",11,25,5,양버즘나무,PTA,127.014996707,37.502206604
"2726",8,26,3,양버즘나무,PTA,127.026270973,37.492866186
"2727",6,18,5,느티나무,ZS,126.984872937,37.476272325
"2728",7,23,6,양버즘나무,PTA,127.032241716,37.470339705
"2729",6,10,4,은행나무,GB,127.04167987,37.472598616
"2730",6,32,7,은행나무,GB,127.042842822,37.470587849
"2731",9,23,4,양버즘나무,PTA,127.006070009,37.479628463
"2732",10,23,4,은행나무,GB,127.011556337,37.50870151
"2733",6,13,4,은행나무,GB,127.012339354,37.513256469
"2734",6,14,4,은행나무,GB,127.049386902,37.456015163
"2735",5,14,3,은행나무,GB,127.056347717,37.446638115
"2736",5,23,4,느티나무,ZS,127.039745343,37.468421005
"2737",7,16,8,양버즘나무,PTA,127.022234317,37.496303881
"2738",4,12,2,은행나무,GB,127.022410426,37.483097174
"2739",13,21,5,느티나무,ZS,127.028908012,37.483641959
"2740",8,26,7,느티나무,ZS,127.06085703,37.456528905
"2741",10,32,6,양버즘나무,PTA,126.982336114,37.484878277
"2742",5,10,2,메타세쿼이아,TB,127.001094163,37.474587501
"2743",7,27,4,은행나무,GB,126.987377433,37.501566924
"2744",5,9,3,단풍나무,MP,126.991767415,37.487225279
"2745",13,25,10,양버즘나무,PTA,126.988198798,37.498111245
"2746",8,23,4,메타세쿼이아,TB,127.036725445,37.4621778
"2747",6,30,8,양버즘나무,PTA,127.014675538,37.488834344
"2748",13,33,8,가중나무,AA,127.014194243,37.520089895
"2749",6,12,3,은행나무,GB,127.024819405,37.469779764
"2750",8,13,4,은행나무,GB,127.0100474,37.512144111
"2751",10,30,8,느티나무,ZS,127.031689808,37.482900896
"2752",5,32,7,느티나무,ZS,127.070333019,37.457102683
"2753",6,19,4,은행나무,GB,127.043140844,37.466055992
"2754",6,14,3,은행나무,GB,127.046801159,37.459843181
"2755",0,9,0,느티나무,ZS,127.021059729,37.482597711
"2756",5,10,2,메타세쿼이아,TB,126.99831692,37.473905222
"2757",12,37,8,양버즘나무,PTA,127.009163168,37.489215702
"2758",7,27,5,양버즘나무,PTA,127.017174035,37.48907992
"2759",7,31,5,양버즘나무,PTA,126.988799106,37.478485021
"2760",6,17,4,은행나무,GB,127.047355974,37.45837909
"2761",8,30,5,양버즘나무,PTA,127.025041114,37.495432679
"2762",7,16,8,양버즘나무,PTA,127.033657903,37.468824427
"2763",4,13,3,은행나무,GB,127.027419308,37.471874751
"2764",8,21,6,양버즘나무,PTA,127.034128934,37.465082471
"2765",8,18,4,느티나무,ZS,127.076569124,37.459169726
"2766",6,20,6,느티나무,ZS,127.019398809,37.46006016
"2767",7,32,5,칠엽수,AC,127.013090992,37.496879908
"2768",7,21,5,느티나무,ZS,127.077978845,37.459694983
"2769",12,24,10,가중나무,AA,127.006750592,37.511783153
"2770",9,30,5,양버즘나무,PTA,126.999356245,37.481576146
"2771",10,10,1,은행나무,GB,126.99373692,37.498198985
"2772",12,38,12,가중나무,AA,127.010586298,37.517428789
"2773",11,30,6,양버즘나무,PTA,126.985754003,37.490932717
"2774",0,9,0,느티나무,ZS,127.014907983,37.481375461
"2775",14,32,5,은행나무,GB,127.00280938,37.502608321
"2776",9,15,3,은행나무,GB,127.010202437,37.512257441
"2777",13,34,8,양버즘나무,PTA,126.991053749,37.498333715
"2778",12,32,8,양버즘나무,PTA,127.011387994,37.492843166
"2779",8,23,12,양버즘나무,PTA,126.999394811,37.481786291
"2780",4,25,8,느티나무,ZS,127.088666695,37.462814704
"2781",6,12,2,은행나무,GB,127.064749212,37.435928415
"2782",8,23,4,양버즘나무,PTA,127.036411602,37.476742214
"2783",7,28,5,은행나무,GB,127.043088823,37.474136637
"2784",6,28,8,느티나무,ZS,127.026365081,37.460313158
"2785",12,14,4,양버즘나무,PTA,127.022870535,37.486989256
"2786",11,35,10,양버즘나무,PTA,127.017655964,37.482634952
"2787",8,19,5,양버즘나무,PTA,127.014673334,37.487597369
"2788",6,29,7,은행나무,GB,127.044634535,37.474633461
"2789",9,33,3,양버즘나무,PTA,127.005794734,37.480205342
"2790",9,27,6,느티나무,ZS,127.080240154,37.46041881
"2791",5,13,3,은행나무,GB,127.056360862,37.446785279
"2792",7,19,6,은행나무,GB,127.049965053,37.470910029
"2793",0,9,0,느티나무,ZS,127.017800097,37.481927607
"2794",12,29,8,가중나무,AA,127.006662283,37.511430022
"2795",27,36,13,양버즘나무,PTA,127.033472024,37.485226362
"2796",12,32,8,가중나무,AA,127.005297587,37.511940493
"2797",12,31,10,느티나무,ZS,127.088448521,37.462953517
"2798",9,10,2,은행나무,GB,126.992210557,37.493567685
"2799",12,30,6,양버즘나무,PTA,127.008144579,37.507313448
"2800",13,26,4,양버즘나무,PTA,127.005107306,37.496730844
"2801",9,30,8,양버즘나무,PTA,126.982071387,37.480625531
"2802",9,28,8,양버즘나무,PTA,127.017338948,37.494804458
"2803",8,29,8,양버즘나무,PTA,127.034160073,37.465504409
"2804",6,27,5,은행나무,GB,127.044607411,37.472799897
"2805",7,30,6,느티나무,ZS,127.052847275,37.460341397
"2806",5,13,2,메타세쿼이아,TB,127.006708608,37.477277105
"2807",7,23,5,느티나무,ZS,127.051932064,37.460733279
"2808",13,31,5,양버즘나무,PTA,127.03832337,37.478163038
"2809",6,14,2,느티나무,ZS,127.048964985,37.462005836
"2810",6,27,7,느티나무,ZS,127.057856256,37.458005031
"2811",14,12,4,은행나무,GB,127.041929865,37.483873377
"2812",7,27,4,양버즘나무,PTA,127.012054976,37.513353756
"2813",7,22,5,은행나무,GB,127.049933977,37.472382146
"2814",7,13,2,은행나무,GB,127.011687284,37.513151368
"2815",3,15,3,느티나무,ZS,127.015270531,37.484732987
"2816",12,38,9,양버즘나무,PTA,126.996542265,37.488520603
"2817",5,18,3,느티나무,ZS,127.045665642,37.467840559
"2818",10,33,7,양버즘나무,PTA,127.021735499,37.509797374
"2819",15,21,4,양버즘나무,PTA,126.99419663,37.503078502
"2820",7,32,10,칠엽수,AC,127.012511405,37.498257236
"2821",9,23,5,양버즘나무,PTA,127.021563623,37.502367068
"2822",6,17,3,은행나무,GB,126.990518224,37.492565424
"2823",10,28,10,양버즘나무,PTA,126.994673556,37.486288145
"2824",7,16,4,은행나무,GB,126.98418065,37.470457875
"2825",10,31,5,양버즘나무,PTA,127.018866925,37.510223708
"2826",14,27,8,양버즘나무,PTA,127.037393157,37.48089108
"2827",7,29,5,메타세쿼이아,TB,127.02126907,37.461302247
"2828",11,25,6,양버즘나무,PTA,127.009635538,37.483630597
"2829",11,24,4,양버즘나무,PTA,127.004498713,37.487838583
"2830",12,44,10,양버즘나무,PTA,126.999878085,37.507137478
"2831",6,30,5,양버즘나무,PTA,127.02713415,37.492255297
"2832",7,16,3,은행나무,GB,127.049507086,37.470360386
"2833",11,17,5,양버즘나무,PTA,127.028761855,37.492753771
"2834",13,27,10,느티나무,ZS,127.091977502,37.463874088
"2835",9,17,5,느티나무,ZS,127.074595072,37.458321348
"2836",6,28,6,메타세쿼이아,TB,127.024896115,37.464162083
"2837",8,15,4,은행나무,GB,127.012069713,37.513279365
"2838",9,26,5,양버즘나무,PTA,127.027783144,37.488275559
"2839",12,35,6,양버즘나무,PTA,126.990763273,37.484584729
"2840",6,28,6,메타세쿼이아,TB,127.025322719,37.464575141
"2841",13,29,5,양버즘나무,PTA,127.0293941,37.485673419
"2842",9,26,8,느티나무,ZS,127.074441678,37.458274164
"2843",11,26,6,은행나무,GB,127.012740831,37.493258107
"2844",8,28,5,양버즘나무,PTA,126.99396556,37.480395414
"2845",6,19,5,느티나무,ZS,126.98473944,37.476298929
"2846",7,12,4,은행나무,GB,127.052214728,37.451389191
"2847",7,24,6,은행나무,GB,127.044770664,37.474627938
"2848",5,18,3,느티나무,ZS,127.045715147,37.467884702
"2849",8,27,5,양버즘나무,PTA,126.990863451,37.479167332
"2850",9,22,7,느티나무,ZS,127.057952632,37.457718849
"2851",6,26,6,느티나무,ZS,127.048120612,37.462182899
"2852",6,30,8,느티나무,ZS,127.025730555,37.460338613
"2853",8,19,4,느티나무,ZS,127.002111231,37.503973683
"2854",7,16,5,은행나무,GB,127.044303122,37.466813991
"2855",5,16,4,은행나무,GB,127.024817907,37.471416695
"2856",13,24,4,양버즘나무,PTA,127.040332155,37.478919137
"2857",12,34,10,양버즘나무,PTA,127.00075232,37.506208819
"2858",7,31,6,느티나무,ZS,127.053802218,37.459929668
"2859",5,10,2,메타세쿼이아,TB,126.992792459,37.473826177
"2860",4,20,5,은행나무,GB,127.010382227,37.494825489
"2861",7,20,5,양버즘나무,PTA,127.022131608,37.501547935
"2862",6,22,6,칠엽수,AC,127.013043031,37.495972351
"2863",8,38,6,양버즘나무,PTA,127.02484824,37.495436038
"2864",6,25,7,느티나무,ZS,127.051964681,37.460531609
"2865",5,6,2,칠엽수,AC,127.011992337,37.500537261
"2866",6,17,5,은행나무,GB,127.025694664,37.47073065
"2867",10,26,7,메타세쿼이아,TB,127.029560311,37.469686464
"2868",7,30,5,메타세쿼이아,TB,127.021570286,37.461530939
"2869",6,34,6,느티나무,ZS,127.049763418,37.461288393
"2870",12,37,12,가중나무,AA,127.008309241,37.515204918
"2871",8,24,5,양버즘나무,PTA,127.024535964,37.496517255
"2872",12,33,7,양버즘나무,PTA,127.009445146,37.492523946
"2873",11,24,6,양버즘나무,PTA,127.036448076,37.482493424
"2874",7,24,7,칠엽수,AC,127.012245413,37.50057635
"2875",6,20,2,은행나무,GB,127.040249407,37.468811362
"2876",8,14,4,양버즘나무,PTA,127.039045632,37.470874776
"2877",5,18,5,메타세쿼이아,TB,127.024331456,37.46388195
"2878",6,27,8,느티나무,ZS,127.01367357,37.457563742
"2879",9,20,5,느티나무,ZS,127.059337776,37.457611737
"2880",11,33,1,양버즘나무,PTA,127.016584655,37.501152179
"2881",6,20,4,은행나무,GB,127.046130993,37.467688345
"2882",9,24,5,양버즘나무,PTA,127.039019245,37.47101212
"2883",12,34,6,메타세쿼이아,TB,127.040944967,37.47472059
"2884",6,27,8,느티나무,ZS,127.013642001,37.457305789
"2885",9,22,6,느티나무,ZS,127.069477616,37.456644144
"2886",8,16,2,은행나무,GB,126.983758765,37.471044193
"2887",10,22,5,양버즘나무,PTA,127.004632618,37.482229386
"2888",5,8,3,왕벚나무,PS,127.052258501,37.451305954
"2889",11,26,6,양버즘나무,PTA,127.007270333,37.491903283
"2890",0,9,0,느티나무,ZS,127.020256167,37.482488576
"2891",6,29,8,느티나무,ZS,127.013423235,37.457292762
"2892",8,37,6,메타세쿼이아,TB,127.027772611,37.467121026
"2893",10,12,1,은행나무,GB,127.007087914,37.492587415
"2894",13,24,6,양버즘나무,PTA,126.989742008,37.486184322
"2895",7,14,1,은행나무,GB,127.037510679,37.461995011
"2896",7,19,6,칠엽수,AC,127.010830887,37.504172365
"2897",10,22,6,은행나무,GB,126.998103409,37.495968409
"2898",7,12,4,은행나무,GB,126.995286109,37.494030953
"2923",6,13,4,은행나무,GB,127.046555002,37.468544155
"2899",8,22,6,양버즘나무,PTA,127.015555733,37.485976563
"2900",6,25,8,은행나무,GB,127.046619664,37.47384979
"2901",13,32,10,가중나무,AA,127.007656257,37.509576214
"2902",0,9,0,느티나무,ZS,127.020541939,37.482527464
"2903",8,24,7,은행나무,GB,126.998309366,37.49828929
"2904",5,14,3,느티나무,ZS,126.985692164,37.48573763
"2905",10,25,5,양버즘나무,PTA,126.990772165,37.484759177
"2906",6,13,3,은행나무,GB,126.988347557,37.463456976
"2907",8,19,5,느티나무,ZS,127.065665784,37.45560964
"2908",8,18,6,양버즘나무,PTA,127.038960171,37.477398562
"2909",10,30,3,양버즘나무,PTA,126.999282733,37.479215592
"2910",6,31,5,메타세쿼이아,TB,127.024253417,37.463608003
"2911",7,23,5,은행나무,GB,127.041342041,37.472374737
"2912",1,24,4,은행나무,GB,127.011126398,37.493187405
"2913",6,24,6,느티나무,ZS,126.987269385,37.485921202
"2914",6,21,7,느티나무,ZS,127.054316029,37.459522103
"2915",3,8,2,꽃사과,PRS,126.984081503,37.485520852
"2916",9,21,5,느티나무,ZS,127.062202586,37.456324486
"2917",7,20,5,은행나무,GB,127.043324633,37.470923231
"2918",10,39,6,은행나무,GB,127.024956974,37.497000513
"2919",5,26,7,느티나무,ZS,126.988405228,37.479316698
"2920",11,40,7,양버즘나무,PTA,126.989489293,37.5019717
"2921",7,14,5,은행나무,GB,127.042231968,37.475055572
"2922",8,24,4,양버즘나무,PTA,127.031635047,37.474427205
"2924",7,10,2,은행나무,GB,127.039573151,37.462992625
"2925",14,45,12,가중나무,AA,127.013143263,37.519542126
"2926",8,23,4,양버즘나무,PTA,127.029570146,37.485675376
"2927",7,24,4,느티나무,ZS,127.051431431,37.460949673
"2928",7,27,8,은행나무,GB,127.048058659,37.474196161
"2929",5,14,4,은행나무,GB,127.023609617,37.472196647
"2930",6,8,2,은행나무,GB,127.018048219,37.500824088
"2931",10,31,7,양버즘나무,PTA,127.038759681,37.479177722
"2932",6,17,4,은행나무,GB,127.04888981,37.469679617
"2933",6,46,8,양버즘나무,PTA,127.010336789,37.486791095
"2934",14,31,5,양버즘나무,PTA,127.004368884,37.499120492
"2935",4,9,4,단풍나무,MP,126.994925642,37.488157193
"2936",5,16,3,느티나무,ZS,126.985456603,37.485710233
"2937",7,13,3,칠엽수,AC,127.011969807,37.500618196
"2938",11,39,8,양버즘나무,PTA,127.014736179,37.494145649
"2939",8,17,2,메타세쿼이아,TB,127.030857336,37.471030789
"2940",8,18,6,은행나무,GB,127.009273142,37.511868914
"2941",5,18,4,느티나무,ZS,127.041538195,37.466736035
"2942",5,23,3,메타세쿼이아,TB,127.028659558,37.468647751
"2943",9,29,7,느티나무,ZS,127.074572454,37.458623162
"2944",10,38,6,양버즘나무,PTA,126.99183557,37.482910563
"2945",9,19,1,양버즘나무,PTA,126.991781077,37.483192312
"2946",12,19,6,양버즘나무,PTA,127.029620611,37.48545963
"2947",9,29,8,양버즘나무,PTA,127.035326471,37.467769324
"2948",11,43,4,양버즘나무,PTA,127.001794132,37.505096745
"2949",5,14,3,느티나무,ZS,126.983750192,37.485661415
"2950",5,17,4,느티나무,ZS,126.993312112,37.487867561
"2951",13,21,4,가중나무,AA,127.008390011,37.508216677
"2952",13,39,12,가중나무,AA,127.010796052,37.516846853
"2953",9,36,12,양버즘나무,PTA,126.995742371,37.484265065
"2954",10,10,2,은행나무,GB,127.003441631,37.482416869
"2955",8,23,4,느티나무,ZS,127.071084033,37.456929984
"2956",7,12,1,은행나무,GB,127.035607071,37.460648923
"2957",5,18,3,느티나무,ZS,127.045569168,37.462852122
"2958",6,34,7,느티나무,ZS,127.017749182,37.458937555
"2959",5,9,3,왕벚나무,PS,127.035464603,37.478203052
"2960",0,9,0,느티나무,ZS,127.024793033,37.483430691
"2961",12,30,10,가중나무,AA,127.003345525,37.508460344
"2962",10,26,6,은행나무,GB,127.017157419,37.515285265
"2963",4,13,3,회화나무,STJ,127.017029605,37.520498427
"2964",7,32,6,칠엽수,AC,127.013620964,37.494663492
"2965",6,29,6,메타세쿼이아,TB,127.022748633,37.462416583
"2966",14,37,12,가중나무,AA,127.011321351,37.517834643
"2967",9,24,5,은행나무,GB,127.010643993,37.494167787
"2968",10,25,6,양버즘나무,PTA,126.991994144,37.482676358
"2969",18,33,7,메타세쿼이아,TB,127.04369697,37.477981575
"2970",10,35,10,메타세쿼이아,TB,127.030825347,37.471218187
"2971",8,24,3,양버즘나무,PTA,127.035955887,37.476213413
"2972",7,26,4,양버즘나무,PTA,127.012619383,37.513604809
"2973",12,37,10,양버즘나무,PTA,126.986518699,37.502171768
"2974",10,38,10,양버즘나무,PTA,126.996079139,37.49903784
"2975",11,41,6,양버즘나무,PTA,127.008608282,37.507118382
"2976",10,23,8,양버즘나무,PTA,127.041428427,37.466769931
"2977",5,16,3,은행나무,GB,127.047544893,37.47468623
"2978",11,18,5,느티나무,ZS,127.016489323,37.501202454
"2979",9,33,10,느티나무,ZS,127.032690938,37.48417211
"2980",9,34,6,양버즘나무,PTA,127.023166922,37.498955577
"2981",8,11,3,은행나무,GB,127.02571432,37.494113344
"2982",7,17,3,은행나무,GB,127.036489454,37.461244292
"2983",8,18,5,느티나무,ZS,127.063841771,37.455485718
"2984",7,11,2,은행나무,GB,127.036436303,37.461252288
"2985",6,21,5,은행나무,GB,127.041535755,37.469642391
"2986",12,30,7,양버즘나무,PTA,127.038831386,37.47841709
"2987",7,13,2,메타세쿼이아,TB,127.029279074,37.469119951
"2988",7,24,6,은행나무,GB,127.05034794,37.471983905
"2989",7,20,5,은행나무,GB,127.049899263,37.470865005
"2990",13,29,5,양버즘나무,PTA,127.022024563,37.486509102
"2991",11,42,8,양버즘나무,PTA,127.011847654,37.492983959
"2992",7,23,5,양버즘나무,PTA,126.994340449,37.480296433
"2993",6,26,6,느티나무,ZS,127.014587046,37.480929725
"2994",10,26,7,양버즘나무,PTA,127.015390255,37.519434288
"2995",9,27,4,양버즘나무,PTA,127.004478775,37.487729572
"2996",9,27,7,양버즘나무,PTA,127.034274857,37.466947128
"2997",3,8,2,꽃사과,PRS,126.984756129,37.485596993
"2998",7,30,7,은행나무,GB,127.042431226,37.474903039
"2999",5,10,2,메타세쿼이아,TB,126.993110089,37.47374834
"3000",8,21,5,칠엽수,AC,127.012385001,37.498820594
"3001",15,28,8,양버즘나무,PTA,127.023130157,37.482760591
"3002",7,14,3,은행나무,GB,126.991479882,37.493191403
"3003",7,28,6,느티나무,ZS,127.055039463,37.459396621
"3004",0,9,0,느티나무,ZS,127.010146832,37.479363224
"3005",11,37,6,양버즘나무,PTA,126.987501578,37.489556179
"3006",10,31,7,양버즘나무,PTA,127.038883531,37.476537454
"3007",10,35,6,양버즘나무,PTA,126.98750544,37.489433082
"3008",6,19,5,양버즘나무,PTA,127.013971317,37.492924748
"3009",4,16,3,은행나무,GB,126.995513814,37.480645873
"3010",10,35,11,양버즘나무,PTA,127.031080568,37.490236985
"3011",5,14,3,은행나무,GB,127.024644437,37.469587529
"3012",10,26,4,양버즘나무,PTA,127.041591511,37.480604546
"3013",13,41,8,양버즘나무,PTA,127.004011916,37.500895525
"3014",8,14,3,은행나무,GB,127.020197849,37.510655519
"3015",8,30,5,양버즘나무,PTA,127.028222819,37.492438705
"3016",7,27,6,은행나무,GB,127.047155247,37.473334515
"3017",9,30,12,양버즘나무,PTA,127.038874375,37.47340301
"3018",11,33,12,가중나무,AA,127.008421184,37.514993597
"3019",9,16,4,은행나무,GB,126.99168,37.493361811
"3020",12,17,4,양버즘나무,PTA,127.025757532,37.487655494
"3021",11,27,7,양버즘나무,PTA,127.019656931,37.510491007
"3022",8,21,6,칠엽수,AC,127.012090843,37.500085304
"3023",8,24,5,느티나무,ZS,127.081939334,37.462421342
"3024",12,41,8,양버즘나무,PTA,127.008947862,37.492091333
"3025",12,26,12,느티나무,ZS,127.087663332,37.462697098
"3026",8,29,8,양버즘나무,PTA,127.034117079,37.464807786
"3027",10,25,10,양버즘나무,PTA,127.008622091,37.511453343
"3028",5,8,3,왕벚나무,PS,127.05134529,37.453430303
"3029",13,45,10,가중나무,AA,127.007514728,37.509834992
"3030",7,23,4,은행나무,GB,126.982704436,37.473070599
"3031",9,23,6,양버즘나무,PTA,127.03894985,37.476692889
"3032",6,19,5,양버즘나무,PTA,127.002288115,37.482427651
"3033",8,26,7,은행나무,GB,126.996418075,37.481193754
"3034",12,25,6,양버즘나무,PTA,127.036666361,37.482288262
"3035",7,18,3,은행나무,GB,126.982864358,37.472730703
"3036",8,31,3,양버즘나무,PTA,127.038665456,37.471409669
"3037",12,26,6,은행나무,GB,127.019636445,37.515060612
"3038",5,18,5,느티나무,ZS,127.044721247,37.467161105
"3039",10,26,12,양버즘나무,PTA,127.004022634,37.484833527
"3040",7,19,7,은행나무,GB,127.046481773,37.472202697
"3041",9,31,5,양버즘나무,PTA,126.986938625,37.477536444
"3042",9,24,7,양버즘나무,PTA,127.001716931,37.475513709
"3043",5,11,3,은행나무,GB,127.029033018,37.472874725
"3044",6,28,7,양버즘나무,PTA,127.014621811,37.489139194
"3045",6,26,6,느티나무,ZS,127.054110364,37.459609114
"3046",12,29,8,양버즘나무,PTA,127.027217373,37.497533946
"3047",7,33,7,은행나무,GB,127.045283771,37.471769281
"3048",8,14,3,메타세쿼이아,TB,127.012275993,37.508491254
"3049",7,19,8,회화나무,STJ,127.010246785,37.504103777
"3050",12,31,8,양버즘나무,PTA,127.0106858,37.492626536
"3051",12,33,12,가중나무,AA,127.003034383,37.509086979
"3052",10,20,3,은행나무,GB,127.00449868,37.509190711
"3053",5,15,4,느티나무,ZS,126.992070547,37.487124621
"3054",9,32,6,양버즘나무,PTA,127.03877245,37.469744656
"3055",7,8,2,은행나무,GB,127.038951855,37.458416957
"3056",11,41,8,양버즘나무,PTA,127.009453098,37.488619404
"3057",12,39,8,양버즘나무,PTA,127.010467827,37.492558474
"3058",7,23,6,은행나무,GB,126.994223179,37.480230155
"3059",9,22,1,은행나무,GB,127.014240901,37.484710863
"3060",5,21,2,은행나무,GB,127.05655692,37.446436336
"3061",7,24,5,은행나무,GB,127.044487415,37.47277216
"3062",8,36,7,느티나무,ZS,127.083472606,37.461354886
"3063",5,10,2,메타세쿼이아,TB,127.0058726,37.476870587
"3064",13,21,6,양버즘나무,PTA,127.0041256,37.500505127
"3065",3,8,2,단풍나무,MP,126.984386429,37.485768304
"3066",6,12,3,은행나무,GB,127.066901849,37.433820007
"3067",12,37,12,양버즘나무,PTA,127.004462022,37.488979044
"3068",11,31,5,양버즘나무,PTA,127.029425878,37.486262344
"3069",8,31,8,느티나무,ZS,127.057597443,37.45792902
"3070",9,29,5,양버즘나무,PTA,127.027746823,37.489782466
"3071",8,31,5,양버즘나무,PTA,127.021371548,37.490495777
"3072",6,24,6,느티나무,ZS,127.047283812,37.462541267
"3073",8,16,6,메타세쿼이아,TB,127.03609899,37.474125973
"3074",7,15,3,은행나무,GB,127.036379726,37.461163104
"3075",8,26,5,양버즘나무,PTA,126.987224154,37.477685858
"3076",8,22,5,양버즘나무,PTA,127.015955496,37.48533547
"3077",5,11,2,은행나무,GB,127.05337749,37.449661948
"3078",10,30,5,양버즘나무,PTA,126.999191672,37.481767907
"3079",9,20,4,느티나무,ZS,127.079477101,37.459675761
"3080",10,22,7,양버즘나무,PTA,126.998433659,37.480115629
"3081",6,21,6,은행나무,GB,127.041992349,37.470128578
"3082",5,9,2,느티나무,ZS,126.985592203,37.485877129
"3083",6,17,4,은행나무,GB,127.017679831,37.485153425
"3084",8,23,4,양버즘나무,PTA,127.033218928,37.475006567
"3085",10,28,6,양버즘나무,PTA,127.033922189,37.468307994
"3086",8,28,8,칠엽수,AC,127.011710702,37.501742058
"3087",7,19,4,은행나무,GB,126.984976171,37.46958827
"3088",7,11,4,은행나무,GB,127.010692831,37.5126672
"3089",7,13,4,은행나무,GB,126.995707111,37.494091393
"3090",10,24,8,양버즘나무,PTA,126.982161089,37.481997008
"3091",7,28,5,양버즘나무,PTA,126.988695754,37.478435443
"3092",13,28,6,양버즘나무,PTA,126.991282552,37.483776801
"3093",9,25,5,양버즘나무,PTA,127.015745702,37.486145227
"3094",14,22,5,양버즘나무,PTA,127.024975001,37.487632098
"3095",10,25,5,메타세쿼이아,TB,127.042605175,37.476888556
"3096",10,31,7,메타세쿼이아,TB,127.041303016,37.475370315
"3097",6,23,4,은행나무,GB,127.050299808,37.472029686
"3098",0,9,0,느티나무,ZS,127.036018628,37.484687891
"3099",0,9,0,느티나무,ZS,127.021877112,37.48271219
"3100",12,42,10,가중나무,AA,127.005808424,37.51243515
"3101",5,10,3,왕벚나무,PS,127.035710756,37.477996719
"3102",9,29,7,양버즘나무,PTA,127.012836619,37.510376015
"3103",8,37,10,양버즘나무,PTA,127.000551459,37.506622463
"3104",6,17,5,양버즘나무,PTA,127.014658987,37.488920565
"3105",10,17,1,양버즘나무,PTA,127.002120021,37.4821825
"3106",6,16,6,회화나무,STJ,127.011334287,37.502542221
"3107",7,18,5,칠엽수,AC,127.012033785,37.501505504
"3108",6,10,1,칠엽수,AC,127.013283153,37.496047808
"3109",10,25,4,양버즘나무,PTA,127.007898814,37.483294377
"3133",7,27,5,양버즘나무,PTA,127.012581108,37.487843911
"3110",7,19,6,양버즘나무,PTA,127.013395701,37.512525256
"3111",7,27,4,양버즘나무,PTA,127.041095131,37.467758409
"3112",6,19,6,은행나무,GB,127.045551661,37.476611659
"3113",4,6,2,왕벚나무,PS,127.052669273,37.450733669
"3114",7,15,4,은행나무,GB,127.048048907,37.457233937
"3115",8,25,4,양버즘나무,PTA,127.035156411,37.463650514
"3116",11,28,4,양버즘나무,PTA,127.04028939,37.478868371
"3117",3,6,2,꽃사과,PRS,126.982921577,37.485313487
"3118",4,8,2,꽃사과,PRS,126.994470823,37.487754316
"3119",13,38,8,가중나무,AA,127.00807107,37.508795677
"3120",10,25,6,양버즘나무,PTA,127.003687652,37.500454631
"3121",9,23,8,은행나무,GB,126.998147554,37.496230674
"3122",9,27,10,양버즘나무,PTA,127.000789927,37.48207095
"3123",10,28,5,양버즘나무,PTA,127.008227568,37.483361422
"3124",12,10,2,은행나무,GB,126.982954763,37.49378924
"3125",6,14,3,은행나무,GB,127.048928368,37.456303618
"3126",8,36,10,양버즘나무,PTA,126.999509772,37.500402501
"3127",12,13,2,은행나무,GB,127.019596735,37.51521369
"3128",6,22,6,칠엽수,AC,127.012833931,37.498012252
"3129",9,25,7,메타세쿼이아,TB,127.03784469,37.475225207
"3130",6,20,4,느티나무,ZS,127.032211071,37.472254925
"3131",5,10,2,메타세쿼이아,TB,126.990396608,37.474457337
"3132",12,35,8,양버즘나무,PTA,127.008716097,37.489360208
"3134",5,22,5,느티나무,ZS,127.044737864,37.463801038
"3135",5,22,3,느티나무,ZS,127.045511815,37.463035962
"3136",6,28,5,메타세쿼이아,TB,127.022511134,37.46243161
"3137",7,27,8,양버즘나무,PTA,127.014343422,37.502281333
"3138",4,26,5,느티나무,ZS,127.069798432,37.456930195
"3139",5,29,5,메타세쿼이아,TB,127.023479672,37.463171643
"3140",10,26,8,양버즘나무,PTA,127.009524752,37.511884145
"3141",9,27,6,은행나무,GB,127.010747639,37.493226065
"3142",11,23,12,양버즘나무,PTA,127.003974085,37.484618518
"3143",0,9,0,느티나무,ZS,127.024754159,37.48342697
"3144",8,16,4,은행나무,GB,126.994585307,37.493930574
"3145",10,26,8,은행나무,GB,126.998154573,37.496286911
"3146",11,40,8,양버즘나무,PTA,127.014674415,37.494126921
"3147",6,18,3,은행나무,GB,126.997056395,37.482230344
"3148",9,28,5,양버즘나무,PTA,127.024560222,37.491325991
"3149",12,26,5,양버즘나무,PTA,127.029041591,37.486673767
"3150",6,24,4,메타세쿼이아,TB,127.02824834,37.467440991
"3151",19,27,10,양버즘나무,PTA,127.032721747,37.486802469
"3152",6,32,6,느티나무,ZS,127.018605738,37.459579062
"3153",7,8,2,은행나무,GB,127.018801414,37.500549337
"3154",10,20,5,은행나무,GB,126.998377234,37.497610607
"3155",8,27,7,회화나무,STJ,127.010306327,37.503988349
"3156",10,22,10,양버즘나무,PTA,126.994530988,37.48650691
"3157",4,22,6,느티나무,ZS,127.000607833,37.47436218
"3158",6,15,5,은행나무,GB,127.043000507,37.470816555
"3159",9,18,4,은행나무,GB,127.010688373,37.50989401
"3160",7,16,5,은행나무,GB,127.046016479,37.474432532
"3161",6,15,4,은행나무,GB,127.056584319,37.446573995
"3162",5,19,2,은행나무,GB,127.056504203,37.446484965
"3163",12,20,6,양버즘나무,PTA,127.025440074,37.497397542
"3164",7,18,4,양버즘나무,PTA,127.035764325,37.476068797
"3165",14,28,7,양버즘나무,PTA,127.023224564,37.496720637
"3166",8,20,5,양버즘나무,PTA,127.014740343,37.487395017
"3167",14,23,8,양버즘나무,PTA,127.023401777,37.482798937
"3168",15,39,6,양버즘나무,PTA,126.997448928,37.503741116
"3169",6,22,6,양버즘나무,PTA,127.012622737,37.484235081
"3170",6,22,4,은행나무,GB,126.982070072,37.47459789
"3171",4,18,4,느티나무,ZS,127.044910968,37.4641913
"3172",8,13,2,은행나무,GB,127.038496111,37.462267276
"3173",7,16,3,은행나무,GB,126.995267054,37.480572193
"3174",13,43,10,가중나무,AA,127.004666093,37.51132474
"3175",0,9,0,느티나무,ZS,127.014572502,37.481279861
"3176",9,16,3,은행나무,GB,127.026913488,37.488009666
"3177",10,24,6,양버즘나무,PTA,126.99044297,37.485271102
"3178",5,23,4,느티나무,ZS,127.039687466,37.468485924
"3179",9,27,10,양버즘나무,PTA,126.996820821,37.482957887
"3180",5,31,6,느티나무,ZS,127.015040173,37.481065408
"3181",8,24,5,양버즘나무,PTA,127.026951571,37.491054302
"3182",6,19,4,양버즘나무,PTA,127.042084616,37.466807841
"3183",5,10,2,메타세쿼이아,TB,127.005737975,37.476804664
"3184",7,18,6,칠엽수,AC,127.010747734,37.50432555
"3185",11,29,5,양버즘나무,PTA,127.028875345,37.492787167
"3186",6,24,5,은행나무,GB,127.046372724,37.468359857
"3187",7,25,4,은행나무,GB,127.029204316,37.472806567
"3188",9,13,4,은행나무,GB,127.02564681,37.494243422
"3189",9,28,5,양버즘나무,PTA,127.039046416,37.470856584
"3190",4,14,4,은행나무,GB,127.02691029,37.471539783
"3191",10,22,4,메타세쿼이아,TB,127.038271911,37.4755203
"3192",9,25,3,양버즘나무,PTA,127.016208149,37.48538195
"3193",8,31,7,메타세쿼이아,TB,127.043113169,37.477476386
"3194",6,27,5,느티나무,ZS,127.045900843,37.462369009
"3195",8,18,8,양버즘나무,PTA,127.03412558,37.464704759
"3196",8,35,8,양버즘나무,PTA,127.036391155,37.468476334
"3197",10,42,12,양버즘나무,PTA,126.996035947,37.49902028
"3198",5,15,3,은행나무,GB,127.017501316,37.485109184
"3199",10,28,10,양버즘나무,PTA,126.994488816,37.486571628
"3200",7,18,3,양버즘나무,PTA,127.037489519,37.477352853
"3201",3,20,5,단풍나무,MP,127.010641366,37.493810238
"3202",8,39,8,메타세쿼이아,TB,127.027450086,37.466767499
"3203",7,30,8,느티나무,ZS,127.003964532,37.49165688
"3204",9,37,5,양버즘나무,PTA,126.993070179,37.481003085
"3205",7,16,8,양버즘나무,PTA,127.035984894,37.468204577
"3206",7,10,2,은행나무,GB,127.043597827,37.466309095
"3207",12,37,10,가중나무,AA,127.015287354,37.520651755
"3208",9,10,3,은행나무,GB,126.986475013,37.468355164
"3209",6,16,4,은행나무,GB,127.05178231,37.45255272
"3210",10,24,10,양버즘나무,PTA,126.99580132,37.484532818
"3211",10,27,12,양버즘나무,PTA,127.004266857,37.487526531
"3212",11,31,6,양버즘나무,PTA,127.025685888,37.497236286
"3213",0,9,0,느티나무,ZS,127.011349903,37.479973217
"3214",12,31,6,양버즘나무,PTA,127.003578035,37.501297948
"3215",4,20,2,왕벚나무,PS,127.057413696,37.44561536
"3216",6,24,7,느티나무,ZS,127.01504769,37.45761367
"3217",13,20,8,양버즘나무,PTA,127.023695537,37.481850619
"3218",5,28,5,메타세쿼이아,TB,127.024880447,37.464388582
"3219",3,25,4,느티나무,ZS,127.026280836,37.50015201
"3220",11,25,6,메타세쿼이아,TB,127.04168248,37.475818777
"3221",6,35,6,느티나무,ZS,127.023818505,37.460410014
"3222",5,23,6,느티나무,ZS,126.98537078,37.476139735
"3223",5,10,2,메타세쿼이아,TB,127.004006412,37.475980622
"3224",10,28,5,양버즘나무,PTA,127.005402687,37.480633668
"3225",7,19,5,양버즘나무,PTA,127.037561497,37.477409981
"3226",5,15,3,느티나무,ZS,126.986822366,37.485865381
"3227",6,33,6,메타세쿼이아,TB,127.028329511,37.467557443
"3228",7,16,5,은행나무,GB,127.043064287,37.470861132
"3229",7,14,3,은행나무,GB,127.044772901,37.467158959
"3230",9,38,5,양버즘나무,PTA,127.025093935,37.4914723
"3231",10,32,12,양버즘나무,PTA,127.00398676,37.484672811
"3232",8,26,6,양버즘나무,PTA,127.015729873,37.485682492
"3233",10,28,5,양버즘나무,PTA,127.008283988,37.483372281
"3234",7,25,5,양버즘나무,PTA,126.987595709,37.477875351
"3235",7,36,8,양버즘나무,PTA,127.009930022,37.487627558
"3236",10,38,7,양버즘나무,PTA,127.011102684,37.484425101
"3237",9,29,8,느티나무,ZS,127.03202121,37.484080734
"3238",10,31,4,양버즘나무,PTA,127.042600747,37.481702556
"3239",7,30,6,은행나무,GB,127.044410104,37.47598375
"3240",8,28,8,느티나무,ZS,127.057780754,37.457851419
"3241",9,31,4,느티나무,ZS,127.083192575,37.460891563
"3242",3,24,6,느티나무,ZS,127.067793861,37.456278432
"3243",5,12,4,은행나무,GB,127.024418887,37.471493613
"3244",7,28,6,느티나무,ZS,127.054719849,37.459535256
"3245",8,25,4,메타세쿼이아,TB,127.030579655,37.47074825
"3246",6,22,6,메타세쿼이아,TB,127.02387382,37.463292213
"3247",8,34,8,양버즘나무,PTA,127.039452842,37.469664304
"3248",6,20,6,느티나무,ZS,127.019233068,37.459984698
"3249",7,11,3,메타세쿼이아,TB,127.043205264,37.480020191
"3250",0,9,0,느티나무,ZS,127.010771137,37.479681618
"3251",7,16,4,은행나무,GB,126.993812967,37.493733635
"3252",6,21,4,느티나무,ZS,127.031363077,37.473202637
"3253",8,24,6,메타세쿼이아,TB,127.022328739,37.500758756
"3254",5,17,4,느티나무,ZS,126.993346667,37.487817205
"3255",7,27,6,칠엽수,AC,127.013639693,37.494579147
"3256",6,12,3,은행나무,GB,127.050159549,37.47081859
"3257",10,30,10,양버즘나무,PTA,127.008974395,37.511626113
"3258",8,22,5,양버즘나무,PTA,127.025886497,37.491715652
"3259",4,16,3,느티나무,ZS,127.015630491,37.484799579
"3260",12,31,7,메타세쿼이아,TB,127.040560159,37.474521181
"3261",8,23,5,양버즘나무,PTA,127.01512458,37.486668655
"3262",5,30,7,느티나무,ZS,127.068734626,37.456225261
"3263",6,31,8,느티나무,ZS,127.025909403,37.460331314
"3264",8,32,6,느티나무,ZS,127.081742938,37.460952813
"3265",9,25,4,느티나무,ZS,127.078482548,37.459387341
"3266",6,11,2,은행나무,GB,127.049929469,37.455370479
"3267",7,30,6,느티나무,ZS,127.041028278,37.463991467
"3268",4,6,2,왕벚나무,PS,127.057249344,37.445909012
"3269",11,21,5,메타세쿼이아,TB,127.039630849,37.473828909
"3270",9,29,7,느티나무,ZS,127.066641553,37.455900151
"3271",9,28,7,느티나무,ZS,127.061106437,37.456608274
"3272",6,10,2,은행나무,GB,127.047439526,37.458108731
"3273",5,33,6,느티나무,ZS,127.042379178,37.465458414
"3274",6,18,5,은행나무,GB,127.042314073,37.470437247
"3275",5,17,4,느티나무,ZS,127.047469474,37.469155032
"3276",7,12,1,은행나무,GB,127.036725486,37.461417157
"3277",6,29,5,메타세쿼이아,TB,127.025501345,37.464953374
"3278",0,15,6,양버즘나무,PTA,127.038381093,37.477185196
"3279",7,15,4,은행나무,GB,127.010446989,37.512374057
"3280",9,25,5,느티나무,ZS,127.073857094,37.458085161
"3281",8,26,5,양버즘나무,PTA,127.029284657,37.492767036
"3282",11,33,6,양버즘나무,PTA,127.009520196,37.507766744
"3283",9,17,5,양버즘나무,PTA,127.015270475,37.488653423
"3284",6,30,8,느티나무,ZS,127.025001221,37.460104155
"3285",8,26,8,양버즘나무,PTA,127.030131539,37.492227132
"3286",10,14,3,은행나무,GB,127.004470066,37.506197703
"3287",6,16,3,은행나무,GB,127.046898174,37.459591709
"3288",0,11,0,느티나무,ZS,127.027831291,37.4838238
"3289",12,37,12,가중나무,AA,127.010479057,37.517324458
"3290",10,14,4,은행나무,GB,127.000834197,37.506033944
"3291",11,35,10,느티나무,ZS,127.012469574,37.498364902
"3292",13,31,6,양버즘나무,PTA,126.988639766,37.495856983
"3293",7,16,4,은행나무,GB,127.050696931,37.471641297
"3294",6,14,3,메타세쿼이아,TB,127.010932498,37.508078705
"3295",11,47,10,메타세쿼이아,TB,127.009195514,37.51259717
"3296",6,19,5,은행나무,GB,127.047432189,37.473179115
"3297",5,17,4,느티나무,ZS,127.041934397,37.466356715
"3298",7,20,5,느티나무,ZS,127.050411165,37.461396072
"3299",8,25,6,느티나무,ZS,127.05407283,37.459436694
"3300",9,32,6,양버즘나무,PTA,127.034429163,37.467761112
"3301",6,15,3,은행나무,GB,127.052376733,37.451334001
"3302",6,14,2,은행나무,GB,127.046301901,37.468264766
"3303",13,32,12,가중나무,AA,127.011427646,37.517942373
"3304",12,36,8,양버즘나무,PTA,127.007301792,37.511000112
"3305",7,12,3,은행나무,GB,127.050741429,37.454352013
"3306",12,36,6,양버즘나무,PTA,126.983005647,37.495324534
"3307",7,32,10,양버즘나무,PTA,127.007673481,37.50363059
"3308",11,36,3,양버즘나무,PTA,127.004800261,37.491092052
"3309",13,41,6,양버즘나무,PTA,126.992032833,37.482618269
"3310",6,12,2,메타세쿼이아,TB,126.996996358,37.473418648
"3311",6,18,3,느티나무,ZS,126.983818421,37.476459212
"3312",6,12,4,은행나무,GB,127.051123246,37.453866935
"3313",9,14,2,메타세쿼이아,TB,127.02054624,37.510975807
"3314",7,32,7,양버즘나무,PTA,127.007421396,37.506761487
"3315",8,22,6,느티나무,ZS,127.061523426,37.456428148
"3316",12,47,12,가중나무,AA,127.006196449,37.512299921
"3317",8,17,4,느티나무,ZS,127.065320996,37.455222235
"3318",10,12,1,양버즘나무,PTA,126.999578273,37.481595163
"3319",9,30,6,느티나무,ZS,127.08092257,37.460622608
"3320",13,24,5,양버즘나무,PTA,127.005144391,37.496559198
"3321",6,18,3,은행나무,GB,127.048272886,37.456905346
"3322",8,24,8,양버즘나무,PTA,127.025916755,37.497437759
"3323",6,29,5,느티나무,ZS,127.05145058,37.460752583
"3324",12,32,12,가중나무,AA,127.00648137,37.513096071
"3325",6,12,4,은행나무,GB,127.046227573,37.467753346
"3326",13,35,5,양버즘나무,PTA,126.994211178,37.502831326
"3327",7,27,6,느티나무,ZS,127.054209175,37.459754438
"3328",5,14,4,은행나무,GB,127.024378495,37.471527098
"3329",13,13,3,은행나무,GB,126.991369611,37.498332838
"3330",6,35,6,느티나무,ZS,127.046051905,37.461491534
"3331",0,9,0,느티나무,ZS,127.021230274,37.482930904
"3332",10,26,8,양버즘나무,PTA,127.000995253,37.476181886
"3333",5,19,3,메타세쿼이아,TB,127.024696213,37.464213529
"3334",4,29,6,느티나무,ZS,127.016540438,37.457704747
"3335",10,24,5,양버즘나무,PTA,127.015606099,37.488757715
"3336",8,27,7,양버즘나무,PTA,127.03845977,37.475962531
"3337",8,28,4,메타세쿼이아,TB,127.029855735,37.469794316
"3338",8,32,7,느티나무,ZS,127.082096246,37.462105267
"3339",13,33,10,양버즘나무,PTA,126.989143732,37.49809039
"3340",7,32,6,양버즘나무,PTA,126.983040132,37.496083362
"3341",0,9,0,느티나무,ZS,127.022124098,37.482750002
"3342",11,36,6,양버즘나무,PTA,126.987934084,37.488990521
"3343",11,35,6,양버즘나무,PTA,127.025292758,37.497351977
"3344",11,29,6,양버즘나무,PTA,126.987387425,37.489836065
"3345",9,35,5,양버즘나무,PTA,127.024722032,37.491513172
"3346",7,44,10,느티나무,ZS,127.010351733,37.479074252
"3347",8,18,2,양버즘나무,PTA,127.012926137,37.513763278
"3348",6,20,5,느티나무,ZS,127.002263837,37.503791469
"3349",7,22,6,칠엽수,AC,127.010858665,37.504121149
"3350",6,21,6,칠엽수,AC,127.012708722,37.49738717
"3351",12,36,8,양버즘나무,PTA,127.012149602,37.493076663
"3352",8,24,5,메타세쿼이아,TB,127.029894569,37.470216108
"3353",9,15,3,메타세쿼이아,TB,127.031110456,37.471262422
"3354",9,34,8,양버즘나무,PTA,127.034848061,37.467698804
"3355",9,30,5,느티나무,ZS,127.082745608,37.460695698
"3356",6,25,6,메타세쿼이아,TB,127.030759368,37.471916726
"3357",11,21,6,양버즘나무,PTA,126.983913019,37.49081524
"3358",4,15,6,은행나무,GB,126.997922291,37.481655996
"3359",4,15,3,느티나무,ZS,127.043863369,37.466026105
"3360",8,12,3,은행나무,GB,127.014913611,37.487030535
"3361",5,10,2,메타세쿼이아,TB,127.007128985,37.477493311
"3362",12,36,12,가중나무,AA,127.009204626,37.516082408
"3363",8,23,6,양버즘나무,PTA,127.03412234,37.465030822
"3364",5,14,2,칠엽수,AC,127.011925476,37.500804511
"3365",5,25,7,느티나무,ZS,127.069039483,37.456322699
"3366",11,35,6,양버즘나무,PTA,126.989626934,37.502000382
"3367",13,31,8,느티나무,ZS,126.988604247,37.496057415
"3368",5,15,4,은행나무,GB,127.02507841,37.470957943
"3369",7,13,3,은행나무,GB,127.038303824,37.458991168
"3370",5,22,4,느티나무,ZS,127.072558773,37.457302228
"3371",13,32,10,양버즘나무,PTA,126.992251758,37.498031657
"3372",7,25,6,은행나무,GB,126.998399318,37.497957601
"3373",5,22,5,느티나무,ZS,127.045192818,37.463445383
"3374",14,29,6,양버즘나무,PTA,127.026099918,37.487761562
"3375",13,19,7,양버즘나무,PTA,127.038153611,37.480546913
"3376",11,31,10,양버즘나무,PTA,127.007714481,37.511214103
"3377",10,26,8,느티나무,ZS,127.031560358,37.48349945
"3378",8,24,5,양버즘나무,PTA,127.014941219,37.487608046
"3379",7,22,5,은행나무,GB,127.050514641,37.471270973
"3380",12,28,12,가중나무,AA,127.007288364,37.510762719
"3381",7,23,5,양버즘나무,PTA,127.029631583,37.492872466
"3382",4,25,6,느티나무,ZS,127.016651024,37.45775506
"3383",9,33,5,양버즘나무,PTA,127.019967754,37.510804437
"3384",0,9,0,느티나무,ZS,127.017034897,37.482005159
"3385",6,32,5,메타세쿼이아,TB,127.014253708,37.516365698
"3386",7,12,3,메타세쿼이아,TB,127.041559978,37.478085444
"3387",12,22,7,칠엽수,AC,126.98601575,37.500530911
"3388",10,38,7,메타세쿼이아,TB,127.029389411,37.469492072
"3389",7,16,3,양버즘나무,PTA,127.011770787,37.509175976
"3390",7,21,3,메타세쿼이아,TB,127.028468297,37.46803324
"3391",9,20,5,양버즘나무,PTA,127.038903378,37.471572875
"3392",5,10,2,메타세쿼이아,TB,127.001152685,37.474616032
"3393",4,15,3,느티나무,ZS,127.00065828,37.474714236
"3394",4,15,3,느티나무,ZS,126.993220402,37.48742383
"3395",6,25,6,칠엽수,AC,127.013355613,37.495746125
"3396",8,19,3,가중나무,AA,127.011501454,37.516442387
"3397",10,19,10,양버즘나무,PTA,126.999459074,37.478549556
"3398",12,35,12,가중나무,AA,127.010241216,37.516770251
"3399",9,26,5,양버즘나무,PTA,127.026846163,37.491270411
"3400",9,16,4,메타세쿼이아,TB,127.03951394,37.473675884
"3401",6,26,8,양버즘나무,PTA,127.01447456,37.489994792
"3402",5,16,3,느티나무,ZS,127.04138313,37.464695439
"3403",7,24,6,느티나무,ZS,127.054560629,37.459604861
"3404",15,52,12,가중나무,AA,127.007346614,37.513941721
"3405",5,31,7,느티나무,ZS,126.988516252,37.480436555
"3406",8,35,7,느티나무,ZS,127.05847371,37.457552018
"3407",3,11,2,칠엽수,AC,127.037350778,37.475013027
"3408",7,20,5,은행나무,GB,127.026154387,37.470868639
"3409",12,38,8,양버즘나무,PTA,127.013405389,37.493872165
"3410",9,13,3,메타세쿼이아,TB,127.036161959,37.462482007
"3411",11,8,3,은행나무,GB,127.000637366,37.506448223
"3412",8,27,8,양버즘나무,PTA,127.011520272,37.498977525
"3413",9,26,5,양버즘나무,PTA,127.023311364,37.49904304
"3414",12,34,12,가중나무,AA,127.007068751,37.513988949
"3439",9,19,5,은행나무,GB,127.010713135,37.51022765
"3415",8,37,14,양버즘나무,PTA,127.031922107,37.48848244
"3416",8,26,4,양버즘나무,PTA,127.034488996,37.466420217
"3417",9,12,4,느티나무,ZS,127.061882909,37.456461422
"3418",8,15,1,메타세쿼이아,TB,127.030779212,37.470953744
"3419",6,10,2,은행나무,GB,127.000540692,37.500816124
"3420",7,13,3,은행나무,GB,127.051575161,37.452708931
"3421",12,32,12,가중나무,AA,127.007945717,37.509551952
"3422",6,14,3,메타세쿼이아,TB,127.010780155,37.508031791
"3423",8,21,4,은행나무,GB,127.011383681,37.509048786
"3424",15,46,7,양버즘나무,PTA,126.997875216,37.504147743
"3425",8,23,7,칠엽수,AC,127.011670612,37.501883021
"3426",11,29,6,양버즘나무,PTA,126.986955392,37.491162935
"3427",8,29,5,양버즘나무,PTA,127.011937739,37.487646568
"3428",5,22,5,느티나무,ZS,126.987647711,37.479325767
"3429",9,27,6,양버즘나무,PTA,127.023309986,37.498649898
"3430",8,18,6,양버즘나무,PTA,127.033475874,37.46879019
"3431",7,23,4,은행나무,GB,127.0436377,37.476593772
"3432",7,13,4,은행나무,GB,127.045920335,37.471991467
"3433",6,10,2,메타세쿼이아,TB,126.998812057,37.47373647
"3434",6,12,2,은행나무,GB,127.057552106,37.444705468
"3435",6,11,2,은행나무,GB,127.047766963,37.469318807
"3436",6,16,6,은행나무,GB,127.046765903,37.475437187
"3437",11,21,7,양버즘나무,PTA,127.004758943,37.490947404
"3438",9,16,4,느티나무,ZS,127.06065304,37.456989655
"3440",13,40,5,양버즘나무,PTA,126.9829287,37.493188669
"3441",4,30,8,느티나무,ZS,127.087110374,37.462304598
"3442",7,22,4,은행나무,GB,127.029150208,37.472773923
"3443",4,6,2,왕벚나무,PS,127.052553138,37.450972617
"3444",5,12,2,메타세쿼이아,TB,126.990560583,37.474413273
"3445",12,38,10,양버즘나무,PTA,127.01392761,37.502693817
"3446",12,33,8,양버즘나무,PTA,127.007338321,37.492963079
"3447",5,28,7,느티나무,ZS,126.989307574,37.479275042
"3448",4,13,3,은행나무,GB,127.012686749,37.48115068
"3449",9,18,9,양버즘나무,PTA,127.034133022,37.466340866
"3450",12,38,10,양버즘나무,PTA,127.025992156,37.500893081
"3451",5,17,5,느티나무,ZS,127.048412741,37.469839957
"3452",13,46,12,가중나무,AA,127.006160883,37.512366784
"3453",11,22,7,양버즘나무,PTA,127.005016651,37.491026968
"3454",9,24,4,양버즘나무,PTA,127.00544328,37.480549493
"3455",7,27,5,양버즘나무,PTA,127.017236688,37.489098116
"3456",0,8,0,느티나무,ZS,127.039509365,37.485166893
"3457",9,35,6,양버즘나무,PTA,127.030769421,37.489388669
"3458",8,27,5,메타세쿼이아,TB,127.029917831,37.472812614
"3459",9,30,8,메타세쿼이아,TB,127.035386867,37.473957608
"3460",11,25,8,양버즘나무,PTA,127.034982389,37.484291222
"3461",7,23,5,은행나무,GB,127.027901144,37.47201363
"3462",5,10,2,메타세쿼이아,TB,126.99353732,37.47393275
"3463",8,14,3,은행나무,GB,127.011151794,37.512714105
"3464",5,10,3,왕벚나무,PS,127.035377566,37.4781717
"3465",8,20,5,느티나무,ZS,127.039863407,37.468205635
"3466",6,17,3,은행나무,GB,127.046392852,37.475799591
"3467",5,8,3,왕벚나무,PS,127.049584932,37.45568768
"3468",7,32,8,칠엽수,AC,127.012092124,37.501248459
"3469",6,15,2,은행나무,GB,127.04673691,37.459646381
"3470",8,36,10,양버즘나무,PTA,127.024297155,37.496619852
"3471",7,27,5,느티나무,ZS,127.061602131,37.456208305
"3472",7,27,5,메타세쿼이아,TB,127.021664128,37.46160064
"3473",0,9,0,느티나무,ZS,127.008959408,37.478758851
"3474",6,16,2,은행나무,GB,127.048820377,37.456404871
"3475",9,34,3,양버즘나무,PTA,127.035278796,37.463290839
"3476",18,20,8,양버즘나무,PTA,127.014661267,37.502115746
"3477",5,34,8,양버즘나무,PTA,127.014318085,37.490884402
"3478",4,12,3,은행나무,GB,127.024785789,37.469742563
"3479",7,16,3,은행나무,GB,126.987678143,37.496990621
"3480",8,20,8,회화나무,STJ,127.010601146,37.503412312
"3481",7,37,10,느티나무,ZS,127.01256913,37.480127321
"3482",6,19,4,은행나무,GB,127.046638885,37.46851154
"3483",8,15,8,은행나무,GB,126.998234582,37.499352426
"3484",11,28,10,양버즘나무,PTA,126.991809599,37.490486081
"3485",11,37,8,양버즘나무,PTA,126.982102257,37.48113595
"3486",8,21,4,양버즘나무,PTA,127.034355223,37.464511923
"3487",5,13,3,은행나무,GB,127.024512465,37.469439496
"3488",7,20,6,은행나무,GB,127.042712098,37.474498061
"3489",9,29,8,은행나무,GB,127.010494292,37.51026064
"3490",5,21,4,느티나무,ZS,127.048723967,37.470068337
"3491",8,28,7,느티나무,ZS,127.05857217,37.457696825
"3492",11,35,5,양버즘나무,PTA,127.01717899,37.489231318
"3493",6,22,6,은행나무,GB,126.998346951,37.498790157
"3494",7,22,6,칠엽수,AC,127.010979314,37.503898049
"3495",12,30,6,양버즘나무,PTA,126.983010466,37.495394341
"3496",6,17,3,은행나무,GB,127.014221077,37.502345969
"3497",8,22,5,느티나무,ZS,127.069279763,37.456405494
"3498",6,25,5,메타세쿼이아,TB,127.02616216,37.465556346
"3499",9,26,6,양버즘나무,PTA,127.026956533,37.488230174
"3500",10,31,5,양버즘나무,PTA,127.025531308,37.494026884
"3501",9,29,4,양버즘나무,PTA,127.029713731,37.484199643
"3502",12,25,6,은행나무,GB,127.042663881,37.482239961
"3503",7,18,4,은행나무,GB,127.047685366,37.457616634
"3504",7,33,10,느티나무,ZS,127.031649731,37.484355697
"3505",9,26,8,양버즘나무,PTA,127.035113994,37.467625696
"3506",7,31,5,느티나무,ZS,127.057521835,37.458336826
"3507",10,20,5,양버즘나무,PTA,127.005616893,37.496462573
"3508",9,25,7,양버즘나무,PTA,127.038400515,37.475965283
"3509",13,36,6,양버즘나무,PTA,127.004010806,37.499095349
"3510",0,9,0,느티나무,ZS,127.014619351,37.481291994
"3511",8,20,5,느티나무,ZS,127.063954756,37.455625992
"3512",7,35,6,느티나무,ZS,127.052765133,37.460376947
"3513",10,38,8,양버즘나무,PTA,127.009508317,37.487713377
"3514",11,30,6,양버즘나무,PTA,126.983496298,37.49095984
"3515",10,20,4,은행나무,GB,127.003593024,37.48244438
"3516",8,13,5,은행나무,GB,127.004907817,37.497134966
"3517",8,25,4,메타세쿼이아,TB,127.036970437,37.46195791
"3518",12,45,12,가중나무,AA,127.007025009,37.511259785
"3519",8,41,10,양버즘나무,PTA,127.00968953,37.504403691
"3520",9,22,7,은행나무,GB,127.010978421,37.50973032
"3521",8,23,5,메타세쿼이아,TB,127.030236686,37.470398857
"3522",5,16,2,느티나무,ZS,127.042062568,37.465270808
"3523",9,30,3,양버즘나무,PTA,127.039900271,37.46817255
"3524",5,33,10,양버즘나무,PTA,127.014520636,37.489722024
"3525",6,18,6,느티나무,ZS,127.057551799,37.458136035
"3526",8,33,7,메타세쿼이아,TB,127.030845846,37.471593372
"3527",7,16,3,메타세쿼이아,TB,127.028870301,37.468653811
"3528",12,25,8,양버즘나무,PTA,127.012300295,37.493122743
"3529",8,16,5,은행나무,GB,127.019988283,37.486104526
"3530",12,41,8,양버즘나무,PTA,127.016683379,37.494467382
"3531",7,20,8,회화나무,STJ,127.011204177,37.484996305
"3532",14,19,3,양버즘나무,PTA,127.037553708,37.481383719
"3533",8,22,4,메타세쿼이아,TB,127.036535635,37.462353795
"3534",6,29,5,느티나무,ZS,127.048043041,37.46240374
"3535",13,40,7,메타세쿼이아,TB,127.030076931,37.47045401
"3536",9,21,5,양버즘나무,PTA,127.028081991,37.492394179
"3537",0,9,0,느티나무,ZS,127.024478138,37.483379989
"3538",5,10,2,메타세쿼이아,TB,126.988687418,37.475226236
"3539",8,17,3,은행나무,GB,127.037766499,37.46172332
"3540",4,15,8,느티나무,ZS,126.989038547,37.486196504
"3541",8,17,3,느티나무,ZS,127.062878472,37.456036472
"3542",5,13,4,은행나무,GB,127.025124123,37.471618766
"3543",10,22,6,은행나무,GB,126.998043305,37.495708485
"3544",6,16,4,양버즘나무,PTA,127.042378381,37.466536453
"3545",7,17,3,은행나무,GB,127.010345248,37.50391335
"3546",0,15,6,양버즘나무,PTA,127.038380305,37.477225878
"3547",8,32,7,느티나무,ZS,127.07046577,37.456781299
"3548",8,15,2,느티나무,ZS,127.046443204,37.462636222
"3549",4,6,2,왕벚나무,PS,127.056952082,37.446067849
"3550",8,22,7,양버즘나무,PTA,127.038407521,37.476825977
"3551",0,9,0,느티나무,ZS,127.038885171,37.485081305
"3552",7,8,2,은행나무,GB,127.014572346,37.502424861
"3553",11,36,10,양버즘나무,PTA,126.985995947,37.503757753
"3554",11,33,6,양버즘나무,PTA,126.986971874,37.491103038
"3555",14,31,4,양버즘나무,PTA,127.04203029,37.480771049
"3556",4,38,6,느티나무,ZS,127.083749656,37.46117553
"3557",6,25,7,은행나무,GB,127.044389165,37.476113022
"3558",6,16,4,은행나무,GB,126.987981913,37.461936344
"3559",13,33,10,양버즘나무,PTA,126.999975654,37.507888111
"3560",8,29,5,양버즘나무,PTA,127.024849651,37.495847601
"3561",10,27,5,양버즘나무,PTA,127.011752451,37.487439705
"3562",17,15,5,느티나무,ZS,127.044537911,37.477941407
"3563",4,43,12,느티나무,ZS,127.090542184,37.463425304
"3564",3,6,2,꽃사과,PRS,126.982844934,37.485305319
"3565",10,23,10,양버즘나무,PTA,126.99596426,37.498991196
"3566",5,8,3,왕벚나무,PS,127.048902159,37.456330147
"3567",10,31,5,양버즘나무,PTA,127.018427485,37.489462464
"3568",9,23,5,느티나무,ZS,127.08100355,37.460136
"3569",6,14,4,은행나무,GB,127.051058366,37.45400015
"3570",6,11,3,은행나무,GB,127.051655762,37.452805491
"3571",8,26,5,양버즘나무,PTA,126.9957984,37.480774067
"3572",6,31,7,느티나무,ZS,127.05482767,37.459301148
"3573",11,39,6,양버즘나무,PTA,126.98359792,37.490958866
"3574",7,16,5,은행나무,GB,127.043752637,37.471315391
"3575",11,26,6,양버즘나무,PTA,126.98710215,37.490628996
"3576",9,30,7,느티나무,ZS,127.080415692,37.459962031
"3577",8,16,2,은행나무,GB,127.012347825,37.513293653
"3578",13,35,10,양버즘나무,PTA,126.98897921,37.498093643
"3579",12,33,6,양버즘나무,PTA,126.989378758,37.492459868
"3580",9,23,8,은행나무,GB,126.998330349,37.496764774
"3581",9,26,5,양버즘나무,PTA,127.021862985,37.490654321
"3582",10,26,5,양버즘나무,PTA,127.025726401,37.491819427
"3583",5,23,5,느티나무,ZS,126.988104841,37.479301829
"3584",11,36,12,양버즘나무,PTA,127.010589728,37.487091215
"3585",8,22,6,은행나무,GB,127.045896203,37.4745531
"3586",12,28,6,양버즘나무,PTA,126.988135386,37.496281566
"3587",4,61,12,느티나무,ZS,127.089386033,37.463049298
"3588",11,25,6,양버즘나무,PTA,126.986268245,37.491136661
"3589",10,26,4,양버즘나무,PTA,127.005900897,37.479983963
"3590",12,38,12,가중나무,AA,127.011466504,37.516629296
"3591",7,11,2,은행나무,GB,127.035953373,37.460295281
"3592",9,19,3,은행나무,GB,127.00098113,37.47487013
"3593",13,36,12,가중나무,AA,127.011755621,37.518561297
"3594",12,42,12,가중나무,AA,127.014161161,37.519832275
"3595",13,22,7,양버즘나무,PTA,127.007866426,37.491102924
"3596",7,29,7,느티나무,ZS,127.082034056,37.461407372
"3597",5,10,3,왕벚나무,PS,127.035510111,37.478165086
"3598",8,19,4,느티나무,ZS,127.039531559,37.46863164
"3599",10,25,10,양버즘나무,PTA,127.037262115,37.477371943
"3600",7,12,3,은행나무,GB,127.027995349,37.472071048
"3601",9,17,5,양버즘나무,PTA,127.014135971,37.484527239
"3602",11,24,8,양버즘나무,PTA,127.035046508,37.484429673
"3603",8,22,10,회화나무,STJ,127.010155915,37.5043493
"3604",11,34,9,양버즘나무,PTA,126.9948062,37.498523859
"3605",5,22,8,칠엽수,AC,127.012792915,37.497016152
"3606",9,25,6,느티나무,ZS,127.074519308,37.458297747
"3607",8,33,6,느티나무,ZS,127.054653528,37.459191025
"3608",9,19,6,양버즘나무,PTA,127.012437402,37.509830161
"3609",7,8,3,은행나무,GB,127.002884637,37.502519596
"3610",0,18,5,느티나무,ZS,127.038924341,37.478528543
"3611",4,6,2,왕벚나무,PS,127.052608901,37.450864126
"3612",9,37,11,양버즘나무,PTA,127.030983457,37.490446577
"3613",13,46,12,느티나무,ZS,127.090724332,37.463703297
"3614",9,20,5,양버즘나무,PTA,127.01312213,37.484492585
"3615",9,24,5,양버즘나무,PTA,127.00531557,37.482798158
"3616",6,29,7,느티나무,ZS,127.050689914,37.460895654
"3617",5,25,6,느티나무,ZS,127.002731406,37.50323322
"3618",8,29,5,양버즘나무,PTA,127.012643023,37.487710275
"3619",8,24,6,은행나무,GB,127.027306408,37.471630299
"3620",6,20,6,칠엽수,AC,127.013147348,37.496624694
"3621",6,17,5,단풍나무,MP,127.010478229,37.494137512
"3622",7,18,3,은행나무,GB,127.050039882,37.470739009
"3623",12,27,6,양버즘나무,PTA,126.989107276,37.494773975
"3624",7,22,4,양버즘나무,PTA,127.023939506,37.49772492
"3625",11,27,7,양버즘나무,PTA,126.999009767,37.479245538
"3626",12,29,6,양버즘나무,PTA,126.989342391,37.486989529
"3627",10,20,4,양버즘나무,PTA,127.006551441,37.478649491
"3628",4,13,3,은행나무,GB,127.012799007,37.481707352
"3629",11,39,6,양버즘나무,PTA,127.011421643,37.483753258
"3630",6,11,2,메타세쿼이아,TB,126.998484083,37.473644903
"3631",8,23,6,칠엽수,AC,127.010858658,37.504605315
"3632",10,29,6,양버즘나무,PTA,126.991922192,37.482784067
"3633",9,27,4,양버즘나무,PTA,127.005972422,37.479833525
"3634",9,15,3,메타세쿼이아,TB,127.036871945,37.461835457
"3635",6,24,6,칠엽수,AC,127.012807148,37.498138029
"3636",7,13,2,은행나무,GB,127.036719344,37.460223749
"3637",8,12,2,은행나무,GB,127.037149636,37.46122278
"3638",6,24,7,느티나무,ZS,127.082107644,37.462267614
"3639",8,18,4,느티나무,ZS,127.038399021,37.469460973
"3640",10,37,8,메타세쿼이아,TB,127.035630616,37.473935144
"3641",9,34,4,느티나무,ZS,127.083383656,37.460987478
"3642",6,31,5,메타세쿼이아,TB,127.020894298,37.461211234
"3643",7,26,10,양버즘나무,PTA,127.008391312,37.50391312
"3644",6,16,4,은행나무,GB,127.057376189,37.445715613
"3645",6,26,6,느티나무,ZS,127.053393572,37.45991716
"3646",5,25,7,느티나무,ZS,127.044627235,37.463903095
"3647",5,14,4,은행나무,GB,127.024610187,37.471168093
"3648",6,24,4,양버즘나무,PTA,127.039692512,37.46925264
"3649",9,25,5,느티나무,ZS,127.029321938,37.48404275
"3650",5,18,3,느티나무,ZS,126.984612991,37.475967174
"3651",6,19,5,은행나무,GB,127.044477405,37.476024591
"3652",13,27,5,양버즘나무,PTA,127.003979061,37.501289276
"3653",0,9,0,느티나무,ZS,127.015515069,37.481555916
"3654",10,36,10,양버즘나무,PTA,127.040958174,37.467840305
"3655",9,28,4,양버즘나무,PTA,127.005202336,37.481447303
"3656",5,37,9,느티나무,ZS,127.014477396,37.484805585
"3657",7,29,6,느티나무,ZS,127.047559063,37.462611083
"3658",8,19,5,느티나무,ZS,127.0106959,37.51271046
"3659",14,30,7,은행나무,GB,127.043014131,37.481462227
"3660",12,34,5,메타세쿼이아,TB,127.041391872,37.47523614
"3661",12,39,12,가중나무,AA,127.006387627,37.512457558
"3662",9,28,5,양버즘나무,PTA,127.028550526,37.488098439
"3663",10,21,10,양버즘나무,PTA,126.999600386,37.478332622
"3664",14,21,3,양버즘나무,PTA,127.03748174,37.481468815
"3665",7,18,6,양버즘나무,PTA,127.009817351,37.505546015
"3666",9,22,5,양버즘나무,PTA,127.029690226,37.485125297
"3667",11,17,7,은행나무,GB,127.042118345,37.483451215
"3668",9,24,10,양버즘나무,PTA,127.000082528,37.477591288
"3669",12,35,8,양버즘나무,PTA,127.006469394,37.491471219
"3670",12,29,4,양버즘나무,PTA,127.037741711,37.481135891
"3671",7,28,5,느티나무,ZS,127.052602993,37.460446721
"3672",5,18,4,느티나무,ZS,127.045593281,37.462788003
"3673",12,35,8,양버즘나무,PTA,126.990892456,37.491968327
"3768",6,28,8,은행나무,GB,127.044724785,37.475787492
"3674",16,22,8,양버즘나무,PTA,127.023991306,37.48260222
"3675",6,12,3,은행나무,GB,127.025900443,37.501090523
"3676",8,30,5,양버즘나무,PTA,127.024473702,37.491301875
"3677",12,20,5,양버즘나무,PTA,126.990105242,37.485802465
"3678",7,34,4,양버즘나무,PTA,127.040864949,37.479814238
"3679",6,33,6,양버즘나무,PTA,127.014393878,37.490445881
"3680",12,39,8,양버즘나무,PTA,126.982689854,37.489164433
"3681",7,11,1,은행나무,GB,127.034652529,37.460224962
"3682",12,25,7,양버즘나무,PTA,126.997610382,37.488966667
"3683",10,23,4,양버즘나무,PTA,126.987248161,37.490492127
"3684",6,31,6,칠엽수,AC,127.013444891,37.495398242
"3685",4,28,6,느티나무,ZS,127.068858203,37.456616994
"3686",6,30,8,느티나무,ZS,127.025802844,37.460063453
"3687",9,30,6,양버즘나무,PTA,127.039028513,37.470564827
"3688",8,24,6,양버즘나무,PTA,127.029641638,37.489042221
"3689",6,15,3,은행나무,GB,127.047249641,37.458657507
"3690",8,28,4,은행나무,GB,126.987136124,37.501517579
"3691",4,38,10,양버즘나무,PTA,127.012676973,37.480824005
"3692",14,42,7,양버즘나무,PTA,127.018677562,37.495353651
"3693",11,43,8,양버즘나무,PTA,127.009832921,37.487830015
"3694",9,26,5,양버즘나무,PTA,127.028232168,37.488765097
"3695",6,24,4,느티나무,ZS,127.010712321,37.456689201
"3696",5,14,2,메타세쿼이아,TB,127.009949892,37.507852112
"3697",10,24,6,양버즘나무,PTA,127.013449323,37.514418139
"3698",9,24,5,느티나무,ZS,127.076627116,37.458709367
"3699",8,24,6,은행나무,GB,127.010534105,37.493651017
"3700",6,18,4,은행나무,GB,127.047894078,37.468963222
"3701",9,21,5,느티나무,ZS,127.079190215,37.459592326
"3702",8,18,3,은행나무,GB,127.037327245,37.461351597
"3703",12,18,10,양버즘나무,PTA,126.999737376,37.508401896
"3704",11,30,6,양버즘나무,PTA,126.986030571,37.491042443
"3705",6,25,5,메타세쿼이아,TB,127.022645162,37.462529508
"3706",8,29,7,느티나무,ZS,127.060896202,37.456699721
"3707",10,28,5,양버즘나무,PTA,127.028787599,37.487605735
"3708",13,27,10,느티나무,ZS,127.091652839,37.463789333
"3709",0,9,0,느티나무,ZS,127.021386995,37.482950769
"3710",9,14,2,은행나무,GB,127.01768607,37.515452332
"3711",9,29,5,양버즘나무,PTA,126.986750881,37.477409027
"3712",6,31,6,메타세쿼이아,TB,127.043018656,37.477129329
"3713",8,16,4,양버즘나무,PTA,127.035416078,37.463426567
"3714",13,42,10,양버즘나무,PTA,126.992012616,37.498035008
"3715",11,22,5,양버즘나무,PTA,127.016610143,37.501140384
"3716",9,18,5,양버즘나무,PTA,127.004751955,37.481983668
"3717",15,23,5,은행나무,GB,127.042527562,37.482539535
"3718",7,13,2,은행나무,GB,127.037041021,37.460077735
"3719",5,10,2,메타세쿼이아,TB,126.999145967,37.47383418
"3720",11,38,10,양버즘나무,PTA,126.99894966,37.500179079
"3721",9,37,5,양버즘나무,PTA,127.003772767,37.50598813
"3722",4,6,2,왕벚나무,PS,127.053191391,37.449901151
"3723",5,10,2,메타세쿼이아,TB,126.99443255,37.473507199
"3724",5,10,2,메타세쿼이아,TB,127.002694018,37.475686092
"3725",5,10,2,메타세쿼이아,TB,126.991882426,37.474051862
"3726",5,10,2,메타세쿼이아,TB,126.999636052,37.474303431
"3727",5,11,2,메타세쿼이아,TB,126.996085489,37.473685671
"3728",5,10,2,메타세쿼이아,TB,127.000309868,37.474552043
"3729",4,6,2,왕벚나무,PS,127.05579604,37.447149005
"3730",5,10,2,메타세쿼이아,TB,127.002145472,37.47541927
"3731",5,10,2,메타세쿼이아,TB,126.99965089,37.473993571
"3732",5,10,2,메타세쿼이아,TB,126.991584173,37.474130894
"3733",5,10,2,메타세쿼이아,TB,127.004178227,37.476397296
"3734",7,11,3,은행나무,GB,127.0431765,37.473581322
"3735",7,22,5,은행나무,GB,127.043224216,37.473706017
"3736",8,33,5,양버즘나무,PTA,126.992139809,37.482635199
"3737",9,24,6,느티나무,ZS,127.081177129,37.46018055
"3738",9,25,5,메타세쿼이아,TB,127.031038849,37.47121442
"3739",9,18,3,양버즘나무,PTA,127.020846761,37.486147389
"3740",6,19,8,회화나무,STJ,127.010883256,37.502717227
"3741",6,15,3,은행나무,GB,127.005038056,37.491162967
"3742",14,33,8,양버즘나무,PTA,126.981995761,37.478773157
"3743",10,37,7,양버즘나무,PTA,127.010965964,37.484710878
"3744",15,27,7,양버즘나무,PTA,127.038752928,37.47884761
"3745",5,8,3,왕벚나무,PS,127.052168506,37.451479553
"3746",10,33,9,양버즘나무,PTA,126.999026534,37.479615704
"3747",10,19,3,은행나무,GB,127.001825322,37.482083917
"3748",7,24,2,은행나무,GB,127.040352635,37.469000206
"3749",6,19,6,은행나무,GB,127.01337521,37.502570058
"3750",5,37,7,양버즘나무,PTA,127.014334593,37.490778903
"3751",6,23,6,은행나무,GB,127.041933457,37.470087339
"3752",6,29,6,메타세쿼이아,TB,127.026282557,37.465644149
"3753",12,31,12,가중나무,AA,127.008422063,37.51531567
"3754",6,23,4,은행나무,GB,127.014367145,37.517060278
"3755",6,22,5,은행나무,GB,127.011273344,37.512826718
"3756",8,12,2,은행나무,GB,127.025361975,37.494864647
"3757",5,27,8,칠엽수,AC,127.012781437,37.49707102
"3758",11,31,5,양버즘나무,PTA,127.00840821,37.483598152
"3759",10,29,5,양버즘나무,PTA,127.005461787,37.480894852
"3760",12,40,8,양버즘나무,PTA,127.008458444,37.489889665
"3761",10,17,3,은행나무,GB,127.003039175,37.482339107
"3762",12,31,12,가중나무,AA,127.006614347,37.513546187
"3763",0,11,0,느티나무,ZS,127.024704371,37.483416531
"3764",0,9,0,느티나무,ZS,127.024436805,37.483375436
"3765",9,22,6,은행나무,GB,126.992385961,37.493617451
"3766",8,27,3,느티나무,ZS,127.007985287,37.511168686
"3767",7,22,5,은행나무,GB,127.02643582,37.471054061
"3769",4,9,3,단풍나무,MP,126.99478714,37.488109445
"3770",5,15,3,느티나무,ZS,127.044679827,37.463812154
"3771",11,24,8,양버즘나무,PTA,126.998995739,37.489217195
"3772",6,15,2,느티나무,ZS,126.984523806,37.475983376
"3773",17,19,8,양버즘나무,PTA,127.023807135,37.482757357
"3774",7,13,1,은행나무,GB,127.035542782,37.460611682
"3775",8,38,8,메타세쿼이아,TB,127.027356399,37.466669366
"3776",10,24,10,양버즘나무,PTA,127.013638376,37.502745148
"3777",6,35,6,느티나무,ZS,127.021159729,37.460496436
"3778",10,39,6,양버즘나무,PTA,127.025222735,37.497098289
"3779",11,35,6,양버즘나무,PTA,127.011660132,37.483294107
"3780",11,28,8,양버즘나무,PTA,127.01739713,37.494958015
"3781",12,31,8,양버즘나무,PTA,126.986784108,37.491433112
"3782",7,28,6,은행나무,GB,127.031450444,37.474138474
"3783",4,18,5,느티나무,ZS,126.98262526,37.485215603
"3784",7,24,4,양버즘나무,PTA,127.01289056,37.513725335
"3785",12,25,8,양버즘나무,PTA,127.037978393,37.47986775
"3786",7,17,3,양버즘나무,PTA,127.012744138,37.513596415
"3787",12,18,5,양버즘나무,PTA,127.038844865,37.478721999
"3788",6,13,5,은행나무,GB,127.043552455,37.471197936
"3789",8,24,6,메타세쿼이아,TB,127.022800489,37.499790837
"3790",5,15,3,느티나무,ZS,127.0444024,37.464067261
"3791",5,16,3,은행나무,GB,127.028704403,37.472673187
"3792",13,50,12,가중나무,AA,127.008243994,37.515140563
"3793",10,28,6,양버즘나무,PTA,127.003660623,37.500595232
"3794",12,39,6,메타세쿼이아,TB,127.041507557,37.475295973
"3795",9,23,5,메타세쿼이아,TB,127.03765853,37.475110214
"3796",12,43,10,가중나무,AA,127.015776377,37.520902105
"3797",7,14,1,은행나무,GB,127.050156811,37.455320485
"3798",12,21,6,느티나무,ZS,127.029914006,37.483775865
"3799",6,39,10,느티나무,ZS,127.016068076,37.481375918
"3800",6,27,7,느티나무,ZS,127.052882701,37.460138221
"3801",6,28,6,은행나무,GB,127.045483872,37.467212628
"3802",7,24,6,느티나무,ZS,127.046024868,37.461922993
"3803",10,24,6,양버즘나무,PTA,127.023102214,37.499092837
"3804",10,30,6,은행나무,GB,126.998363051,37.497294338
"3805",9,36,7,양버즘나무,PTA,127.006087865,37.49473015
"3806",11,30,8,양버즘나무,PTA,127.020437373,37.495753965
"3807",4,15,3,메타세쿼이아,TB,127.009827308,37.507823046
"3808",8,27,3,은행나무,GB,126.987017278,37.501492774
"3809",5,10,2,메타세쿼이아,TB,126.998386454,37.473921582
"3810",10,10,2,칠엽수,AC,127.012597445,37.497873481
"3811",13,10,2,은행나무,GB,127.004429807,37.502360212
"3812",10,32,8,양버즘나무,PTA,127.037985859,37.479623522
"3813",9,17,5,양버즘나무,PTA,127.006996944,37.483121428
"3814",6,31,8,느티나무,ZS,127.017500231,37.458355718
"3815",10,15,3,양버즘나무,PTA,127.002033436,37.482167751
"3816",12,33,12,가중나무,AA,127.00905246,37.515934796
"3817",8,22,5,양버즘나무,PTA,127.014897743,37.487069906
"3818",12,38,8,양버즘나무,PTA,127.016523247,37.49441988
"3819",10,21,4,양버즘나무,PTA,127.035544975,37.476096989
"3820",8,17,4,느티나무,ZS,127.06121103,37.456563185
"3821",7,14,3,은행나무,GB,127.048116818,37.4695727
"3822",15,31,5,양버즘나무,PTA,126.998239212,37.503975882
"3823",11,29,5,양버즘나무,PTA,126.991042439,37.484331388
"3824",7,23,5,느티나무,ZS,127.052195622,37.460620422
"3825",6,31,6,메타세쿼이아,TB,127.023104463,37.46268514
"3826",9,24,4,양버즘나무,PTA,127.004398604,37.487102353
"3827",8,24,6,양버즘나무,PTA,127.015408411,37.486225095
"3828",12,27,7,양버즘나무,PTA,127.036692228,37.481665249
"3829",14,20,7,양버즘나무,PTA,127.038631705,37.479321727
"3830",11,22,6,양버즘나무,PTA,126.985875779,37.490982034
"3831",9,26,8,은행나무,GB,126.997933854,37.495234688
"3832",10,16,5,양버즘나무,PTA,127.027735974,37.489393448
"3833",3,8,4,꽃사과,PRS,126.985805171,37.48572147
"3834",8,28,5,양버즘나무,PTA,126.992167412,37.482591428
"3835",6,29,8,양버즘나무,PTA,127.014588461,37.489329447
"3836",7,25,6,느티나무,ZS,127.048009989,37.462041372
"3837",7,20,5,은행나무,GB,127.048868762,37.473409063
"3838",7,22,6,은행나무,GB,127.049151842,37.473136155
"3839",6,15,5,은행나무,GB,127.046675825,37.468626597
"3840",6,37,8,느티나무,ZS,127.024547095,37.460381922
"3841",6,16,4,은행나무,GB,127.047275377,37.458587726
"3842",5,10,2,메타세쿼이아,TB,127.000938822,37.474512277
"3843",18,29,5,양버즘나무,PTA,127.032293586,37.487699853
"3844",6,25,5,느티나무,ZS,127.046971957,37.462675666
"3845",4,23,5,느티나무,ZS,127.070064489,37.457019377
"3846",4,6,2,왕벚나무,PS,127.053396893,37.44939908
"3847",9,14,2,느티나무,ZS,127.062295342,37.456280397
"3848",8,17,4,느티나무,ZS,127.061021251,37.456830851
"3849",10,27,8,양버즘나무,PTA,126.982137908,37.481452428
"3850",10,44,13,양버즘나무,PTA,127.023881786,37.505294672
"3851",6,18,4,은행나무,GB,127.050278653,37.45504948
"3852",6,16,3,은행나무,GB,127.04629937,37.460803542
"3853",9,17,6,느티나무,ZS,127.069769792,37.456747945
"3854",5,15,3,느티나무,ZS,126.98506921,37.485665976
"3855",0,0,0,느티나무,ZS,127.089617094,37.463342527
"3856",13,21,6,양버즘나무,PTA,127.004291519,37.499402966
"3857",9,31,5,양버즘나무,PTA,127.028846848,37.488598568
"3858",7,21,6,양버즘나무,PTA,127.021936773,37.501563646
"3859",9,15,4,은행나무,GB,126.99187452,37.493435767
"3860",7,19,6,은행나무,GB,127.047027563,37.4735702
"3861",6,26,7,느티나무,ZS,127.011156789,37.456608902
"3862",3,8,2,단풍나무,MP,126.983904,37.485714826
"3863",5,10,2,메타세쿼이아,TB,126.990720368,37.47465768
"3864",9,30,5,양버즘나무,PTA,127.005348567,37.482805537
"3865",12,40,10,가중나무,AA,127.006353813,37.512521837
"3866",8,23,10,느티나무,ZS,127.031508653,37.48294628
"3867",9,20,4,느티나무,ZS,127.076794656,37.458782664
"3868",5,23,3,메타세쿼이아,TB,127.028635563,37.468620521
"3869",10,33,6,메타세쿼이아,TB,127.029478976,37.469591325
"3870",11,29,5,양버즘나무,PTA,127.028708151,37.487767816
"3871",7,28,6,칠엽수,AC,127.013498774,37.495162114
"3872",8,13,4,은행나무,GB,127.008194827,37.491213853
"3873",9,28,8,양버즘나무,PTA,127.013014249,37.513288292
"3874",9,19,5,양버즘나무,PTA,127.027555801,37.489764557
"3875",4,23,5,느티나무,ZS,126.988352377,37.486199235
"3876",7,13,2,은행나무,GB,127.05105807,37.453737846
"3877",7,20,4,칠엽수,AC,127.01373087,37.494332973
"3878",8,35,5,양버즘나무,PTA,126.992297281,37.482386178
"3879",7,12,3,느티나무,ZS,127.046476619,37.463110673
"3880",5,17,4,은행나무,GB,127.025208728,37.4706393
"3881",7,29,8,느티나무,ZS,127.031690111,37.48403258
"3882",12,30,10,가중나무,AA,127.006446661,37.511831854
"3883",4,6,2,왕벚나무,PS,127.052603835,37.450599303
"3884",6,15,2,은행나무,GB,127.04437898,37.466373597
"3885",6,14,4,은행나무,GB,126.984634351,37.469921189
"3886",8,15,3,느티나무,ZS,127.046666492,37.462540318
"3887",6,14,4,은행나무,GB,126.984691086,37.469864863
"3888",12,38,6,양버즘나무,PTA,126.989844549,37.486023912
"3889",12,24,10,가중나무,AA,127.007880841,37.509674902
"3890",12,26,8,양버즘나무,PTA,126.985950778,37.491101055
"3891",13,37,12,양버즘나무,PTA,127.020429867,37.512583257
"3892",9,44,12,느티나무,ZS,127.008536463,37.478158317
"3893",12,40,13,은행나무,GB,127.022125092,37.508979354
"3894",0,20,7,느티나무,ZS,127.037366098,37.484868805
"3895",9,47,13,양버즘나무,PTA,127.023815308,37.505434312
"3896",9,25,5,은행나무,GB,126.9979557,37.495328782
"3897",7,24,6,느티나무,ZS,127.070646405,37.457232401
"3898",11,23,6,양버즘나무,PTA,126.987257023,37.490066216
"3899",11,26,6,양버즘나무,PTA,127.008060366,37.491756843
"3900",12,27,12,느티나무,ZS,127.087967805,37.462794272
"3901",6,15,3,은행나무,GB,127.056883251,37.446133427
"3902",6,15,3,느티나무,ZS,127.046019369,37.462840492
"3903",5,10,2,메타세쿼이아,TB,126.996830018,37.473693577
"3904",13,24,7,양버즘나무,PTA,127.036734017,37.481620848
"3905",8,22,5,양버즘나무,PTA,126.987170913,37.477660999
"3906",8,18,2,느티나무,ZS,127.062453232,37.45621111
"3907",6,16,4,은행나무,GB,127.048119056,37.45705012
"3908",8,36,8,양버즘나무,PTA,127.036228629,37.468369966
"3909",13,34,12,가중나무,AA,127.011559168,37.516576645
"3910",5,15,4,느티나무,ZS,126.984719867,37.485628366
"3911",6,11,2,은행나무,GB,127.036736457,37.460918362
"3912",10,28,6,양버즘나무,PTA,127.005811821,37.506604178
"3913",6,12,2,메타세쿼이아,TB,126.997818962,37.473504233
"3914",4,48,12,느티나무,ZS,127.084225477,37.461356854
"3915",13,33,8,양버즘나무,PTA,127.027675217,37.497363759
"3916",12,45,12,가중나무,AA,127.007909745,37.509619924
"3917",11,33,6,양버즘나무,PTA,126.987515099,37.489630871
"3918",9,25,6,느티나무,ZS,127.031700175,37.482845592
"3919",10,22,5,은행나무,GB,127.009017219,37.512788421
"3920",15,37,10,튤립나무,LT,126.998106541,37.504184069
"3921",13,46,7,양버즘나무,PTA,127.008132736,37.490555416
"3922",7,15,4,은행나무,GB,127.050033476,37.455279207
"3923",6,18,4,은행나무,GB,127.045891896,37.467966351
"3924",9,19,4,양버즘나무,PTA,127.003712197,37.500325957
"3925",0,8,0,느티나무,ZS,127.035956324,37.484677205
"3926",7,18,6,은행나무,GB,127.013487995,37.502549856
"3927",9,32,7,느티나무,ZS,127.08355858,37.461375581
"3928",8,17,4,은행나무,GB,127.039145074,37.462747455
"3929",6,28,8,은행나무,GB,127.044684016,37.475829873
"3930",4,15,3,은행나무,GB,127.01270213,37.480899888
"3931",0,9,0,느티나무,ZS,127.021431412,37.482648658
"3932",11,33,10,양버즘나무,PTA,126.991652815,37.490739148
"3933",9,30,5,양버즘나무,PTA,127.027017845,37.491307736
"3934",9,29,5,양버즘나무,PTA,127.028926782,37.487313268
"3935",0,7,0,느티나무,ZS,127.022254777,37.483049756
"3936",8,17,6,양버즘나무,PTA,127.034215832,37.464390952
"3937",13,28,10,양버즘나무,PTA,127.000392664,37.506976343
"3938",8,29,8,회화나무,STJ,127.011183848,37.502581572
"3939",12,26,7,양버즘나무,PTA,127.038746191,37.479233055
"3940",11,33,6,양버즘나무,PTA,127.018306644,37.510048544
"3941",3,8,2,단풍나무,MP,126.983820862,37.485705573
"3942",6,31,9,느티나무,ZS,127.047495825,37.462450342
"3943",5,10,2,은행나무,GB,127.005511461,37.50277246
"3944",6,29,9,느티나무,ZS,127.013219575,37.457532317
"3945",7,24,5,은행나무,GB,127.049326825,37.472967665
"3946",13,44,13,은행나무,GB,127.021991495,37.509275066
"3947",8,34,6,양버즘나무,PTA,127.023204964,37.498873348
"3948",4,14,3,은행나무,GB,127.012506791,37.481513632
"3949",8,33,5,양버즘나무,PTA,127.019643057,37.489975526
"3950",15,37,8,양버즘나무,PTA,126.982282462,37.484339614
"3951",5,21,4,메타세쿼이아,TB,127.024055043,37.463639658
"3952",14,31,5,양버즘나무,PTA,127.004435574,37.499069711
"3953",12,29,4,양버즘나무,PTA,127.004872306,37.497200577
"3954",7,21,4,은행나무,GB,127.025964567,37.470738966
"3955",7,16,3,은행나무,GB,127.049060299,37.470260659
"3956",10,37,7,양버즘나무,PTA,127.01107039,37.48449689
"3957",8,21,4,양버즘나무,PTA,127.035820374,37.476112591
"3958",12,26,6,양버즘나무,PTA,126.986233862,37.50493229
"3959",9,9,1,은행나무,GB,127.025617395,37.494317435
"3960",9,33,10,느티나무,ZS,127.072095035,37.457731343
"3961",5,20,6,느티나무,ZS,127.044681489,37.463854255
"3962",6,20,5,느티나무,ZS,127.011995912,37.457318268
"3963",6,28,7,은행나무,GB,127.046909524,37.473686607
"3964",9,30,12,느티나무,ZS,127.031658969,37.482217311
"3965",13,17,4,양버즘나무,PTA,127.021970354,37.486713205
"3966",10,44,8,양버즘나무,PTA,127.009603525,37.48751434
"3967",8,42,7,느티나무,ZS,127.083387465,37.461333253
"3968",9,34,6,느티나무,ZS,127.083311476,37.460949973
"3969",5,10,2,메타세쿼이아,TB,126.99977798,37.474034827
"3970",12,31,11,양버즘나무,PTA,126.996789186,37.48859353
"3971",7,19,3,은행나무,GB,127.025639245,37.470507822
"3972",8,27,6,느티나무,ZS,127.076417609,37.458917641
"3973",13,12,3,은행나무,GB,127.051952029,37.4522025
"3974",5,8,3,단풍나무,MP,126.985619781,37.485912362
"3975",6,15,4,은행나무,GB,127.046308761,37.467811246
"3976",8,23,5,양버즘나무,PTA,126.990736226,37.47912421
"3977",6,32,7,은행나무,GB,127.044356872,37.474455888
"3978",6,18,5,은행나무,GB,127.045068617,37.46691889
"3979",12,30,12,가중나무,AA,127.007125068,37.514045135
"3980",12,37,6,양버즘나무,PTA,127.013087323,37.510457173
"3981",5,14,2,은행나무,GB,127.022227999,37.490605885
"3982",12,19,6,양버즘나무,PTA,127.009640505,37.507765187
"3983",6,23,5,메타세쿼이아,TB,127.02304043,37.462826021
"3984",7,26,8,은행나무,GB,126.985905788,37.468858974
"3985",7,21,4,양버즘나무,PTA,127.013384673,37.484381824
"3986",7,14,2,은행나무,GB,126.983356136,37.471719212
"3987",8,30,6,느티나무,ZS,127.020041962,37.460595541
"3988",12,34,7,메타세쿼이아,TB,127.043751658,37.478010348
"3989",7,15,2,은행나무,GB,127.043538173,37.466260291
"3990",8,33,8,느티나무,ZS,127.082239064,37.463389234
"3991",10,28,4,양버즘나무,PTA,127.005437203,37.480945229
"3992",8,19,3,은행나무,GB,127.011418773,37.51283532
"3993",14,21,7,양버즘나무,PTA,127.035489553,37.48277163
"3994",6,42,8,느티나무,ZS,127.025711579,37.460065344
"3995",12,41,12,가중나무,AA,127.009002239,37.515886021
"3996",4,29,9,칠엽수,AC,127.011626313,37.502005754
"3997",7,21,7,은행나무,GB,127.014086023,37.490682816
"3998",12,39,5,양버즘나무,PTA,127.027676363,37.492418154
"3999",9,35,8,양버즘나무,PTA,127.035387178,37.467791914
"4000",7,21,3,양버즘나무,PTA,127.0375117,37.477371177
"4001",5,16,3,느티나무,ZS,126.993957464,37.487625151
"4002",5,10,2,메타세쿼이아,TB,126.996608494,37.473684955
"4003",6,22,6,느티나무,ZS,127.050932822,37.46079055
"4004",12,27,10,양버즘나무,PTA,127.038060149,37.479244787
"4005",8,21,4,메타세쿼이아,TB,127.029833722,37.472899898
"4006",7,25,7,은행나무,GB,127.045388962,37.476766376
"4007",10,31,10,양버즘나무,PTA,127.010333534,37.487175674
"4008",8,36,6,은행나무,GB,127.017556239,37.515551779
"4009",6,25,5,메타세쿼이아,TB,127.025569774,37.46501133
"4010",13,28,8,느티나무,ZS,127.09145788,37.463727095
"4011",6,20,3,은행나무,GB,127.041394703,37.469557105
"4012",7,19,8,양버즘나무,PTA,127.036709854,37.468680651
"4013",7,11,2,은행나무,GB,126.983495927,37.471470682
"4014",5,10,2,메타세쿼이아,TB,127.005058304,37.476813967
"4015",9,30,7,양버즘나무,PTA,127.034264133,37.466830328
"4016",6,21,5,은행나무,GB,127.045716602,37.467837862
"4017",6,15,4,느티나무,ZS,126.99369308,37.487442107
"4018",8,29,8,칠엽수,AC,127.011810134,37.501314394
"4019",7,17,3,은행나무,GB,126.992193798,37.489860435
"4020",9,25,5,양버즘나무,PTA,127.002521043,37.48226107
"4021",9,29,3,양버즘나무,PTA,127.038305892,37.479609361
"4022",9,26,7,느티나무,ZS,127.015579116,37.457658186
"4023",8,38,7,메타세쿼이아,TB,127.027226979,37.466543127
"4024",5,14,2,느티나무,ZS,127.02383601,37.483306058
"4025",7,25,4,은행나무,GB,127.041156454,37.469434801
"4026",12,29,10,양버즘나무,PTA,126.985731394,37.504593535
"4027",5,8,3,왕벚나무,PS,127.051906842,37.452295222
"4028",5,10,2,메타세쿼이아,TB,126.988703745,37.474932822
"4029",5,10,2,메타세쿼이아,TB,127.001523758,37.474792877
"4030",4,6,2,왕벚나무,PS,127.056517169,37.446468069
"4031",5,10,2,메타세쿼이아,TB,126.990619191,37.474395106
"4032",5,10,2,메타세쿼이아,TB,126.997890335,37.473806924
"4033",5,10,2,메타세쿼이아,TB,127.005982268,37.476921771
"4034",5,12,2,메타세쿼이아,TB,127.006309471,37.477422184
"4035",4,6,2,왕벚나무,PS,127.055607218,37.447488962
"4036",13,31,8,양버즘나무,PTA,127.023605249,37.48280809
"4037",8,32,5,느티나무,ZS,127.024462583,37.504012446
"4038",9,27,6,느티나무,ZS,127.074330483,37.458540072
"4039",13,45,6,가중나무,AA,127.002874703,37.509087187
"4040",15,30,8,양버즘나무,PTA,127.032380623,37.487520773
"4041",10,38,8,양버즘나무,PTA,127.005892255,37.495900731
"4042",11,27,6,양버즘나무,PTA,126.989863484,37.502049914
"4043",8,23,4,양버즘나무,PTA,127.015372414,37.519380316
"4044",10,24,5,양버즘나무,PTA,127.011679278,37.487416213
"4045",7,14,4,은행나무,GB,126.984121979,37.47053824
"4046",7,32,6,은행나무,GB,127.041809352,37.47000156
"4047",6,18,4,느티나무,ZS,126.993624924,37.487499329
"4048",6,15,4,은행나무,GB,127.028466684,37.472529487
"4049",9,52,10,느티나무,ZS,127.012435354,37.498514461
"4050",13,34,8,양버즘나무,PTA,127.007006442,37.49363695
"4051",13,15,4,은행나무,GB,127.040344518,37.479246648
"4052",8,28,8,느티나무,ZS,127.053461577,37.459699707
"4053",7,21,5,은행나무,GB,127.041287047,37.472333816
"4054",5,8,3,왕벚나무,PS,127.048884672,37.456478853
"4055",9,28,8,양버즘나무,PTA,126.998743225,37.480043111
"4056",11,34,12,양버즘나무,PTA,127.011793639,37.498905992
"4057",11,32,6,양버즘나무,PTA,126.989154724,37.4922757
"4058",12,46,12,가중나무,AA,127.013524431,37.514763134
"4059",7,19,5,은행나무,GB,127.036553268,37.46128933
"4060",4,9,2,단풍나무,MP,126.994862006,37.488134812
"4061",9,25,4,느티나무,ZS,127.081408785,37.460154062
"4062",5,25,6,느티나무,ZS,127.023542631,37.506002661
"4063",6,34,7,느티나무,ZS,127.022568038,37.460458008
"4064",5,17,4,느티나무,ZS,127.042181434,37.46613358
"4065",9,30,6,느티나무,ZS,127.081806815,37.461036548
"4066",20,24,8,양버즘나무,PTA,127.037697919,37.480408725
"4067",8,25,6,느티나무,ZS,127.054245157,37.459364581
"4068",8,15,3,느티나무,ZS,127.062687504,37.455930375
"4069",12,29,6,양버즘나무,PTA,127.007647663,37.491504804
"4070",6,27,8,느티나무,ZS,127.023300772,37.460160593
"4071",5,8,3,왕벚나무,PS,127.051858956,37.452140057
"4072",12,37,10,가중나무,AA,127.013169343,37.515656986
"4073",8,30,8,양버즘나무,PTA,127.038868935,37.472312503
"4074",6,33,6,메타세쿼이아,TB,127.024815102,37.464111233
"4075",7,30,8,은행나무,GB,127.042838489,37.474515883
"4076",10,24,4,양버즘나무,PTA,127.004371473,37.487035821
"4077",10,30,4,양버즘나무,PTA,127.005183421,37.491208186
"4078",8,21,6,느티나무,ZS,127.079198761,37.459824087
"4079",9,25,5,양버즘나무,PTA,127.027224657,37.492130606
"4080",13,35,6,양버즘나무,PTA,126.992167909,37.482406085
"4081",6,36,7,느티나무,ZS,127.022841579,37.460447059
"4082",8,20,3,양버즘나무,PTA,127.021784426,37.502286025
"4083",6,15,4,은행나무,GB,127.056189248,37.446942814
"4084",4,17,3,느티나무,ZS,127.091258916,37.46366407
"4085",12,27,8,양버즘나무,PTA,126.999180197,37.489271669
"4086",10,28,6,은행나무,GB,127.016029097,37.514960007
"4087",8,31,5,양버즘나무,PTA,127.019234695,37.489702862
"4088",10,21,5,은행나무,GB,127.003301672,37.48238941
"4089",13,46,8,양버즘나무,PTA,127.007137273,37.493373332
"4090",12,44,8,메타세쿼이아,TB,127.040817398,37.474575956
"4091",12,36,8,양버즘나무,PTA,126.996928542,37.488731438
"4092",7,34,8,은행나무,GB,126.998354117,37.498918189
"4093",6,16,3,은행나무,GB,127.028832579,37.472743076
"4094",10,36,12,양버즘나무,PTA,127.0105123,37.484010577
"4095",8,27,7,느티나무,ZS,127.046989944,37.462447816
"4096",6,16,4,은행나무,GB,127.046686681,37.475403923
"4097",5,10,2,메타세쿼이아,TB,126.992368265,37.474217483
"4098",6,20,6,느티나무,ZS,127.018858238,37.459752009
"4099",7,27,8,칠엽수,AC,127.012002375,37.501654136
"4100",8,23,6,느티나무,ZS,127.060416327,37.456904194
"4101",5,21,4,메타세쿼이아,TB,127.024003746,37.463601906
"4102",11,12,3,은행나무,GB,127.009348702,37.512413276
"4103",13,38,10,양버즘나무,PTA,126.992738262,37.498038797
"4104",13,29,7,양버즘나무,PTA,127.022212702,37.49640514
"4105",7,11,2,은행나무,GB,127.025241546,37.495096858
"4106",8,18,4,양버즘나무,PTA,127.014329646,37.489293834
"4107",6,30,6,느티나무,ZS,127.015364642,37.481165002
"4108",11,26,4,양버즘나무,PTA,127.029594293,37.485563592
"4109",9,21,4,양버즘나무,PTA,127.004124221,37.486600374
"4110",12,48,12,느티나무,ZS,127.08953311,37.463311265
"4111",6,14,6,은행나무,GB,127.044055259,37.474249286
"4112",11,18,6,은행나무,GB,126.998286992,37.49949441
"4113",8,35,3,양버즘나무,PTA,127.038654074,37.471729769
"4114",7,22,6,은행나무,GB,127.047892816,37.474355387
"4115",10,18,7,양버즘나무,PTA,127.03852415,37.479811882
"4116",9,22,6,양버즘나무,PTA,127.034207374,37.466192059
"4117",5,32,8,양버즘나무,PTA,127.012564357,37.502710524
"4118",8,31,10,양버즘나무,PTA,127.007882158,37.50371381
"4119",7,13,3,은행나무,GB,126.983500936,37.497100323
"4120",12,36,8,양버즘나무,PTA,127.020270696,37.495840209
"4121",13,37,8,양버즘나무,PTA,127.023582948,37.4968272
"4122",6,14,2,은행나무,GB,126.995114298,37.485244412
"4123",10,19,5,양버즘나무,PTA,127.019519141,37.485734693
"4124",6,16,5,은행나무,GB,126.995541717,37.494067469
"4125",8,35,3,양버즘나무,PTA,127.038777047,37.470704779
"4126",8,27,4,양버즘나무,PTA,127.035072169,37.463689053
"4127",10,20,5,양버즘나무,PTA,126.987747219,37.489467243
"4128",8,18,4,은행나무,GB,127.011050908,37.509224437
"4129",13,40,10,가중나무,AA,127.006596593,37.513208393
"4130",12,29,10,느티나무,ZS,127.032230875,37.484110443
"4131",9,19,7,양버즘나무,PTA,127.013354472,37.512835582
"4132",8,14,3,은행나무,GB,126.982991957,37.472460007
"4133",8,17,3,은행나무,GB,126.982486681,37.473549261
"4134",8,35,8,느티나무,ZS,127.082217064,37.463141515
"4135",7,29,5,양버즘나무,PTA,126.99377635,37.480333121
"4136",10,26,10,양버즘나무,PTA,126.99685891,37.482898305
"4137",4,12,2,은행나무,GB,127.02173226,37.483012599
"4138",5,8,3,왕벚나무,PS,127.051403895,37.453313259
"4139",9,26,7,양버즘나무,PTA,127.013971597,37.491360422
"4140",8,23,5,느티나무,ZS,127.069361821,37.456431337
"4141",0,8,0,느티나무,ZS,127.03933569,37.485138335
"4142",6,14,2,은행나무,GB,127.047227794,37.458717627
"4143",10,31,8,양버즘나무,PTA,126.999311098,37.479174304
"4144",8,25,6,느티나무,ZS,127.065964253,37.455333968
"4145",7,24,3,은행나무,GB,127.030967242,37.473864097
"4146",13,22,10,양버즘나무,PTA,127.037750661,37.480200318
"4147",6,33,6,느티나무,ZS,127.023999534,37.460402903
"4148",15,26,7,양버즘나무,PTA,127.018153151,37.495190475
"4149",0,9,0,느티나무,ZS,127.021016045,37.482878488
"4150",13,33,4,양버즘나무,PTA,126.994793908,37.502992207
"4151",8,14,4,은행나무,GB,127.001359301,37.504367088
"4152",14,22,5,양버즘나무,PTA,127.036914529,37.482051606
"4153",7,17,4,은행나무,GB,127.050261514,37.455223962
"4154",8,16,4,은행나무,GB,126.984324205,37.470276994
"4155",9,33,6,느티나무,ZS,127.07217876,37.457766882
"4156",8,21,4,양버즘나무,PTA,127.032462039,37.474751615
"4157",5,14,3,은행나무,GB,127.02444587,37.469365094
"4158",5,28,8,느티나무,ZS,127.027375002,37.497414872
"4159",7,19,6,은행나무,GB,127.028928585,37.472636494
"4160",7,27,8,느티나무,ZS,127.002914565,37.492660532
"4161",11,39,6,양버즘나무,PTA,127.011718876,37.483165232
"4162",13,32,10,가중나무,AA,127.006092954,37.513038387
"4163",7,20,5,은행나무,GB,127.049428053,37.472869767
"4164",7,26,8,느티나무,ZS,127.003491678,37.492127296
"4165",7,11,3,은행나무,GB,126.994263142,37.493798296
"4166",4,23,5,느티나무,ZS,127.044217555,37.466195779
"4167",7,13,3,은행나무,GB,126.995241569,37.480564688
"4168",11,20,4,메타세쿼이아,TB,127.042563639,37.476603963
"4169",8,34,8,양버즘나무,PTA,127.039471281,37.469620183
"4170",10,23,5,양버즘나무,PTA,127.005481449,37.482830218
"4171",6,15,2,은행나무,GB,126.987838257,37.466738452
"4172",13,38,10,양버즘나무,PTA,127.025301379,37.502332418
"4173",12,38,8,은행나무,GB,126.998254251,37.497432663
"4174",11,38,10,양버즘나무,PTA,127.000074855,37.478021095
"4175",5,16,4,느티나무,ZS,126.994659865,37.488043792
"4176",9,26,5,양버즘나무,PTA,127.020631436,37.490280993
"4177",7,20,3,은행나무,GB,127.036083632,37.460484903
"4178",13,38,6,양버즘나무,PTA,126.990939878,37.484316715
"4179",19,23,5,양버즘나무,PTA,127.032527953,37.48721404
"4180",8,20,6,느티나무,ZS,127.060110994,37.457283139
"4181",7,15,3,메타세쿼이아,TB,127.042201712,37.47883714
"4182",6,14,3,메타세쿼이아,TB,127.010366929,37.507907228
"4183",5,14,2,메타세쿼이아,TB,127.010191395,37.507855306
"4184",15,33,5,양버즘나무,PTA,126.99747723,37.50378071
"4185",10,33,6,양버즘나무,PTA,127.025654121,37.497462675
"4186",9,28,4,양버즘나무,PTA,126.991910156,37.48298508
"4187",8,32,4,양버즘나무,PTA,127.034381167,37.465859847
"4188",6,14,4,은행나무,GB,127.067056925,37.433663945
"4189",6,23,4,양버즘나무,PTA,127.039637194,37.469340769
"4190",8,10,1,은행나무,GB,126.99396025,37.493840971
"4191",13,28,4,양버즘나무,PTA,127.041360167,37.480042658
"4192",8,18,6,은행나무,GB,127.010857859,37.493733463
"4193",4,24,5,느티나무,ZS,126.983903084,37.476044857
"4194",9,14,1,은행나무,GB,127.034397592,37.467794636
"4195",8,21,4,느티나무,ZS,127.06017765,37.457195827
"4196",5,34,7,느티나무,ZS,127.067746705,37.455904833
"4197",5,16,4,느티나무,ZS,126.991808644,37.487203213
"4198",5,10,2,메타세쿼이아,TB,127.00143922,37.474750898
"4199",7,20,4,은행나무,GB,127.045189391,37.476933044
"4200",0,9,0,느티나무,ZS,127.017356076,37.48209727
"4201",10,37,9,메타세쿼이아,TB,127.030968079,37.471409563
"4202",13,37,5,양버즘나무,PTA,126.982241651,37.483128819
"4203",9,43,8,양버즘나무,PTA,127.010434682,37.485806735
"4204",8,21,5,양버즘나무,PTA,127.012326363,37.513474574
"4205",11,32,8,메타세쿼이아,TB,127.042559963,37.476838422
"4206",7,20,5,은행나무,GB,127.050443801,37.47122566
"4207",6,39,5,느티나무,ZS,127.02303002,37.460438897
"4208",12,30,6,양버즘나무,PTA,126.989865805,37.50181925
"4209",6,12,2,은행나무,GB,127.064507261,37.436159064
"4210",4,27,7,느티나무,ZS,126.989216804,37.479321785
"4211",5,13,4,은행나무,GB,127.025398469,37.471804874
"4212",6,18,3,은행나무,GB,126.982013225,37.47486045
"4213",6,8,2,은행나무,GB,127.067515977,37.433218045
"4214",7,18,4,은행나무,GB,127.04406422,37.466647839
"4215",9,31,5,느티나무,ZS,127.082162795,37.460994209
"4216",13,26,4,양버즘나무,PTA,127.040545612,37.479151948
"4217",5,10,2,메타세쿼이아,TB,127.006404187,37.477124154
"4218",9,35,5,느티나무,ZS,127.04098509,37.464413247
"4219",7,18,4,은행나무,GB,127.048825718,37.470087593
"4220",3,15,4,은행나무,GB,127.048412418,37.469339225
"4221",9,21,5,은행나무,GB,127.010778412,37.510096842
"4222",9,14,4,느티나무,ZS,127.059325451,37.457372346
"4223",13,55,12,느티나무,ZS,127.090236656,37.46353791
"4224",7,14,3,은행나무,GB,126.987627173,37.497439119
"4225",0,26,10,양버즘나무,PTA,127.036976635,37.481342738
"4226",11,39,8,양버즘나무,PTA,127.010769348,37.492656733
"4227",9,23,4,양버즘나무,PTA,127.005675594,37.480450786
"4228",9,34,11,양버즘나무,PTA,127.031112252,37.49017161
"4229",11,39,7,양버즘나무,PTA,127.010586406,37.492873923
"4230",7,25,6,느티나무,ZS,127.072681514,37.457696312
"4231",11,35,6,양버즘나무,PTA,127.005231315,37.506099742
"4232",8,33,5,양버즘나무,PTA,126.999036377,37.481753757
"4233",4,35,12,느티나무,ZS,127.084708732,37.461515362
"4234",14,57,12,가중나무,AA,127.014502482,37.520247585
"4235",0,36,8,양버즘나무,PTA,127.038966141,37.477889082
"4236",10,19,5,양버즘나무,PTA,127.001761207,37.482318255
"4237",13,17,7,가중나무,AA,127.014680638,37.520100217
"4238",9,25,5,양버즘나무,PTA,127.027189853,37.490544835
"4239",10,21,4,양버즘나무,PTA,127.034027522,37.475289849
"4240",7,21,4,은행나무,GB,127.045772803,37.471936919
"4241",5,15,3,메타세쿼이아,TB,127.028333819,37.468194002
"4242",7,21,6,은행나무,GB,127.03471105,37.460209347
"4243",11,34,5,양버즘나무,PTA,127.029140862,37.486464911
"4244",6,26,5,은행나무,GB,127.046652049,37.472392946
"4245",5,31,6,느티나무,ZS,127.069154067,37.456722119
"4246",7,17,1,은행나무,GB,127.036326833,37.461124984
"4247",5,8,3,왕벚나무,PS,127.051965172,37.452174055
"4248",6,20,6,은행나무,GB,127.044082025,37.476411884
"4249",0,8,0,느티나무,ZS,127.036885223,37.48480491
"4250",8,15,4,느티나무,ZS,127.055317023,37.458894501
"4251",8,23,7,양버즘나무,PTA,127.038925392,37.472498502
"4252",10,24,8,양버즘나무,PTA,126.982956313,37.493855591
"4253",10,24,4,양버즘나무,PTA,127.036338435,37.477358033
"4254",12,43,8,양버즘나무,PTA,127.008683004,37.490205587
"4255",8,33,5,양버즘나무,PTA,127.018360568,37.489592257
"4256",12,41,10,양버즘나무,PTA,126.998555777,37.500021608
"4257",6,28,8,느티나무,ZS,127.045978305,37.461701448
"4258",9,14,2,메타세쿼이아,TB,127.02076895,37.511040501
"4282",0,9,0,느티나무,ZS,127.037098055,37.484831622
"4259",14,24,3,양버즘나무,PTA,127.037981439,37.48072498
"4260",6,16,8,회화나무,STJ,127.010593388,37.502984466
"4261",8,21,7,양버즘나무,PTA,127.034209112,37.464415651
"4262",7,22,4,느티나무,ZS,127.078073041,37.45971643
"4263",9,32,8,양버즘나무,PTA,127.031829328,37.488670848
"4264",11,30,6,양버즘나무,PTA,127.011468647,37.483663837
"4265",11,28,5,양버즘나무,PTA,127.028895203,37.486980715
"4266",8,13,2,은행나무,GB,126.983704384,37.471129694
"4267",0,9,0,느티나무,ZS,127.021905182,37.483001881
"4268",7,18,5,양버즘나무,PTA,127.009796437,37.505584094
"4269",5,10,2,메타세쿼이아,TB,126.998943702,37.474078798
"4270",7,25,7,은행나무,GB,127.043944987,37.473295335
"4271",7,33,10,양버즘나무,PTA,127.009258648,37.504248374
"4272",7,18,4,은행나무,GB,127.045010124,37.467325368
"4273",12,33,10,양버즘나무,PTA,126.986089605,37.503480497
"4274",9,32,8,느티나무,ZS,127.081909264,37.462153984
"4275",9,21,5,은행나무,GB,127.011304664,37.509132405
"4276",8,33,8,양버즘나무,PTA,127.012177401,37.49906263
"4277",7,22,7,회화나무,STJ,127.00993235,37.504207324
"4278",5,14,3,은행나무,GB,127.056716212,37.446453972
"4279",7,22,7,은행나무,GB,127.046578875,37.473888799
"4280",8,37,7,느티나무,ZS,127.083656052,37.461397939
"4281",5,15,3,느티나무,ZS,127.044289853,37.464174048
"4283",7,30,6,은행나무,GB,127.04441226,37.474390761
"4284",9,17,4,양버즘나무,PTA,127.038454314,37.473826023
"4285",6,18,4,은행나무,GB,127.047014505,37.468328688
"4286",12,33,6,양버즘나무,PTA,127.001713686,37.505026774
"4287",9,28,5,양버즘나무,PTA,126.993155075,37.480870035
"4288",14,38,7,양버즘나무,PTA,127.018435219,37.495276099
"4289",13,33,6,양버즘나무,PTA,127.004020758,37.500825101
"4290",11,27,10,양버즘나무,PTA,126.991963692,37.490237762
"4291",9,29,6,양버즘나무,PTA,127.023244659,37.498788336
"4292",9,17,6,은행나무,GB,126.998094692,37.495930646
"4293",10,39,8,양버즘나무,PTA,127.014811405,37.49416861
"4294",10,21,1,양버즘나무,PTA,127.016744555,37.501082721
"4295",9,15,4,은행나무,GB,126.99086942,37.492383884
"4296",10,31,5,양버즘나무,PTA,127.019966298,37.490078878
"4297",7,35,10,느티나무,ZS,127.014120057,37.480595267
"4298",9,31,12,느티나무,ZS,127.030883466,37.483919552
"4299",9,30,3,양버즘나무,PTA,127.029807732,37.484595365
"4300",7,14,3,은행나무,GB,126.982735449,37.473003158
"4301",10,36,5,느티나무,ZS,127.08242458,37.461076938
"4302",8,30,8,느티나무,ZS,127.06603371,37.455705041
"4303",5,15,3,은행나무,GB,126.996352107,37.48367962
"4304",5,16,3,느티나무,ZS,127.044596524,37.467069658
"4305",8,34,5,양버즘나무,PTA,127.01819355,37.489540858
"4306",9,15,4,은행나무,GB,126.992030543,37.493495853
"4307",17,20,4,양버즘나무,PTA,127.042053286,37.481106923
"4308",10,36,10,양버즘나무,PTA,126.990968848,37.492218631
"4309",13,31,4,양버즘나무,PTA,127.042273445,37.481349054
"4310",10,24,8,양버즘나무,PTA,127.036451346,37.468689665
"4311",10,33,10,양버즘나무,PTA,127.010525219,37.487218994
"4312",5,13,4,은행나무,GB,127.024338063,37.471424913
"4313",9,21,5,양버즘나무,PTA,127.028037893,37.488763612
"4314",5,8,3,왕벚나무,PS,127.052089945,37.451663561
"4315",10,19,6,양버즘나무,PTA,127.038950222,37.476931791
"4316",10,16,2,은행나무,GB,127.001532565,37.482013486
"4317",13,20,6,양버즘나무,PTA,127.03884949,37.478670189
"4318",4,6,2,왕벚나무,PS,127.055939258,37.447173705
"4319",0,9,0,느티나무,ZS,127.024801207,37.483432378
"4320",3,26,2,은행나무,GB,127.029595407,37.493200736
"4321",7,25,3,메타세쿼이아,TB,127.020545566,37.460474171
"4322",8,24,5,칠엽수,AC,127.011773439,37.502369636
"4323",6,11,4,은행나무,GB,127.068009115,37.432722608
"4324",11,23,6,양버즘나무,PTA,126.982894161,37.491822113
"4325",10,27,10,양버즘나무,PTA,127.040469835,37.468286115
"4326",7,18,5,양버즘나무,PTA,126.986528363,37.476758975
"4327",12,56,3,양버즘나무,PTA,127.0020705,37.505144393
"4328",7,22,5,은행나무,GB,127.043588423,37.473945143
"4329",13,37,10,양버즘나무,PTA,126.992831356,37.4980399
"4330",13,40,9,메타세쿼이아,TB,127.029996964,37.470367954
"4331",10,26,6,은행나무,GB,126.998379199,37.497648358
"4332",13,20,12,가중나무,AA,127.006207997,37.513150799
"4333",10,52,13,양버즘나무,PTA,127.022939821,37.507274206
"4334",9,32,5,양버즘나무,PTA,127.023350669,37.498956784
"4335",9,21,4,양버즘나무,PTA,126.991745554,37.483247879
"4336",5,15,3,느티나무,ZS,126.984975417,37.485656069
"4337",11,24,7,양버즘나무,PTA,126.99754491,37.488950304
"4338",9,25,10,양버즘나무,PTA,126.995343017,37.485245395
"4339",11,49,9,메타세쿼이아,TB,127.039910163,37.473914144
"4340",6,11,2,은행나무,GB,127.046781619,37.459550931
"4341",6,22,6,메타세쿼이아,TB,127.024001255,37.463395002
"4342",9,23,5,은행나무,GB,127.01088258,37.509910002
"4343",7,25,6,은행나무,GB,127.04824131,37.474013413
"4344",8,16,4,느티나무,ZS,127.039066063,37.469326115
"4345",10,27,6,양버즘나무,PTA,127.037614428,37.481262606
"4346",4,26,5,느티나무,ZS,126.988790519,37.479336366
"4347",5,10,3,단풍나무,MP,126.992048738,37.487327253
"4348",6,27,5,메타세쿼이아,TB,127.022220492,37.462020431
"4349",15,43,8,양버즘나무,PTA,126.997291993,37.503692415
"4350",11,22,8,양버즘나무,PTA,127.005462539,37.483032484
"4351",8,10,3,은행나무,GB,127.01450586,37.502460642
"4352",9,21,5,양버즘나무,PTA,127.015096408,37.487225656
"4353",9,30,7,메타세쿼이아,TB,127.037520308,37.475026603
"4354",3,8,2,단풍나무,MP,126.983733984,37.485693337
"4355",6,12,4,은행나무,GB,127.067785798,37.432940605
"4356",11,26,10,양버즘나무,PTA,127.006018287,37.51022238
"4357",6,25,8,칠엽수,AC,127.012537074,37.49815074
"4358",13,24,8,양버즘나무,PTA,127.038173356,37.478048395
"4359",8,10,3,은행나무,GB,127.037450803,37.461446275
"4360",14,28,5,양버즘나무,PTA,127.003855366,37.501689687
"4361",3,19,6,단풍나무,MP,127.010824904,37.493436286
"4362",13,30,12,가중나무,AA,127.011140247,37.516813544
"4363",9,31,10,양버즘나무,PTA,127.012632876,37.48069392
"4364",8,17,6,양버즘나무,PTA,127.034197722,37.464442734
"4365",6,17,4,은행나무,GB,127.04177315,37.469857135
"4366",10,22,4,양버즘나무,PTA,127.034579543,37.475505902
"4367",12,24,2,양버즘나무,PTA,127.036991881,37.482012704
"4368",9,23,5,양버즘나무,PTA,126.982476093,37.487465781
"4369",8,23,6,은행나무,GB,127.018009394,37.515699299
"4370",7,23,5,느티나무,ZS,127.051110326,37.460711189
"4371",7,23,4,양버즘나무,PTA,127.036675891,37.476744077
"4372",7,32,6,느티나무,ZS,127.046513039,37.463092516
"4373",8,28,7,느티나무,ZS,127.061003233,37.45665192
"4374",5,10,2,메타세쿼이아,TB,126.990201219,37.474511641
"4375",9,29,6,은행나무,GB,127.01689686,37.515203054
"4376",8,14,3,가중나무,AA,127.011421868,37.516488364
"4377",12,36,6,양버즘나무,PTA,126.98727737,37.49162305
"4378",9,23,5,양버즘나무,PTA,127.025434202,37.494229048
"4379",6,27,5,메타세쿼이아,TB,127.022096988,37.462116237
"4380",4,11,3,단풍나무,MP,126.994225636,37.487924421
"4381",7,24,6,양버즘나무,PTA,127.013138913,37.484335118
"4382",9,22,5,양버즘나무,PTA,127.00553046,37.48075453
"4383",15,36,6,양버즘나무,PTA,127.003750788,37.500351706
"4384",11,18,5,양버즘나무,PTA,127.008692892,37.511688568
"4385",7,25,8,은행나무,GB,127.046690653,37.473779961
"4386",12,45,12,가중나무,AA,127.012789824,37.519075511
"4387",9,33,7,메타세쿼이아,TB,127.038121694,37.475374515
"4388",10,24,7,양버즘나무,PTA,127.038879237,37.475375479
"4389",9,24,5,양버즘나무,PTA,127.027330246,37.490645678
"4390",9,24,8,양버즘나무,PTA,127.039107987,37.470486954
"4391",9,20,7,은행나무,GB,126.99821536,37.496773314
"4392",7,28,7,은행나무,GB,127.044131531,37.474302112
"4393",12,27,4,가중나무,AA,127.013632999,37.515392963
"4394",6,16,3,은행나무,GB,127.046368803,37.460619708
"4395",8,31,6,메타세쿼이아,TB,127.030917112,37.471749598
"4396",6,11,4,은행나무,GB,127.044929854,37.474732339
"4397",10,20,4,양버즘나무,PTA,127.005697027,37.480405087
"4398",6,16,3,은행나무,GB,127.047626101,37.457556806
"4399",6,10,2,은행나무,GB,127.051260179,37.453581881
"4400",10,16,4,양버즘나무,PTA,127.034630524,37.475529374
"4401",6,14,3,은행나무,GB,127.043276484,37.466072826
"4402",12,26,6,양버즘나무,PTA,127.011063357,37.484205501
"4403",9,24,5,양버즘나무,PTA,127.027131417,37.491073781
"4404",13,36,12,가중나무,AA,127.002968515,37.509224908
"4405",7,26,5,은행나무,GB,127.045057331,37.472225522
"4406",6,21,5,은행나무,GB,127.04180646,37.475184306
"4407",12,21,6,양버즘나무,PTA,127.010603793,37.483819299
"4408",6,10,3,은행나무,GB,127.067565589,37.433161074
"4409",0,9,0,느티나무,ZS,127.020953495,37.482584836
"4410",9,18,5,양버즘나무,PTA,127.004210927,37.482591798
"4411",6,24,6,느티나무,ZS,127.011905071,37.457283672
"4412",5,24,4,느티나무,ZS,127.043440926,37.464999458
"4413",11,27,6,양버즘나무,PTA,126.991195178,37.502327685
"4414",9,24,6,양버즘나무,PTA,127.013818994,37.492301419
"4415",6,16,4,은행나무,GB,127.046531087,37.46019099
"4416",9,25,5,메타세쿼이아,TB,127.031024288,37.471198388
"4417",9,25,7,양버즘나무,PTA,127.013962537,37.49142134
"4418",6,29,8,느티나무,ZS,126.987476887,37.485942376
"4419",9,36,12,양버즘나무,PTA,127.011970123,37.499036722
"4420",7,13,2,은행나무,GB,127.01193903,37.513248643
"4421",7,33,6,은행나무,GB,127.043600979,37.473631074
"4446",5,32,6,느티나무,ZS,127.015615061,37.481238618
"4422",7,30,5,양버즘나무,PTA,126.989325065,37.478498046
"4423",11,29,8,느티나무,ZS,127.033328842,37.484260483
"4424",11,28,6,양버즘나무,PTA,126.992062779,37.49008406
"4425",5,25,6,느티나무,ZS,126.98526079,37.47616862
"4426",8,13,5,가중나무,AA,127.010928771,37.516770835
"4427",5,10,2,메타세쿼이아,TB,126.993611451,37.473912597
"4428",6,17,4,은행나무,GB,126.997193562,37.482383791
"4429",8,27,10,양버즘나무,PTA,127.012110534,37.499053544
"4430",5,8,3,왕벚나무,PS,127.049917364,37.455539681
"4431",7,15,3,은행나무,GB,127.051131305,37.453590533
"4432",7,24,5,은행나무,GB,127.047939688,37.469443622
"4433",9,29,3,은행나무,GB,126.987070877,37.501504139
"4434",9,31,6,양버즘나무,PTA,127.029326253,37.48894726
"4435",5,22,5,메타세쿼이아,TB,127.028868014,37.468889023
"4436",8,16,4,은행나무,GB,127.038796091,37.462487793
"4437",6,17,4,은행나무,GB,127.051037439,37.454039684
"4438",7,11,3,메타세쿼이아,TB,127.041927836,37.478514931
"4439",0,0,0,느티나무,ZS,127.082801232,37.461189594
"4440",6,13,2,은행나무,GB,127.058242317,37.443931921
"4441",10,31,8,양버즘나무,PTA,127.036599359,37.481754053
"4442",6,17,5,은행나무,GB,127.046962549,37.475243019
"4443",5,10,1,은행나무,GB,127.053065392,37.450088922
"4444",9,30,8,느티나무,ZS,127.073105496,37.457837717
"4445",7,33,7,느티나무,ZS,127.082085769,37.462012381
"4447",13,64,12,느티나무,ZS,127.088664578,37.463021483
"4448",8,24,6,메타세쿼이아,TB,127.022300504,37.500810204
"4449",11,35,8,양버즘나무,PTA,126.98619044,37.501021847
"4450",5,13,4,느티나무,ZS,127.023297194,37.483216263
"4451",8,32,6,양버즘나무,PTA,127.029586091,37.48902615
"4452",10,30,12,양버즘나무,PTA,126.986208391,37.503124191
"4453",9,28,4,양버즘나무,PTA,127.039010206,37.471872792
"4454",8,20,7,양버즘나무,PTA,127.038395826,37.476307255
"4455",10,27,12,양버즘나무,PTA,126.99555148,37.48455933
"4456",7,24,6,양버즘나무,PTA,126.995084813,37.480540051
"4457",10,25,10,양버즘나무,PTA,126.999571558,37.478377973
"4458",20,32,10,양버즘나무,PTA,127.037773861,37.480144793
"4459",10,27,12,양버즘나무,PTA,126.994908786,37.485557198
"4460",11,40,6,양버즘나무,PTA,126.987764772,37.489246877
"4461",6,37,8,느티나무,ZS,127.024362281,37.460387929
"4462",5,11,3,은행나무,GB,127.056143864,37.446824447
"4463",7,25,7,은행나무,GB,127.044633028,37.471537585
"4464",5,18,3,은행나무,GB,127.025073018,37.469900714
"4465",6,18,4,은행나무,GB,127.047764849,37.468866247
"4466",10,39,8,양버즘나무,PTA,127.038334015,37.469583796
"4467",6,19,4,은행나무,GB,127.041454935,37.469552508
"4468",14,40,7,양버즘나무,PTA,126.989001556,37.487331223
"4469",7,37,10,느티나무,ZS,127.012652133,37.480153597
"4470",8,33,8,양버즘나무,PTA,127.035218298,37.463342473
"4471",7,13,2,은행나무,GB,127.035278787,37.460463083
"4472",9,26,6,양버즘나무,PTA,126.991803973,37.482968872
"4473",10,16,4,양버즘나무,PTA,127.024938175,37.487407852
"4474",0,9,0,느티나무,ZS,127.021463974,37.482939752
"4475",8,17,6,양버즘나무,PTA,127.034157196,37.464557344
"4476",6,20,5,은행나무,GB,127.045594184,37.46729369
"4477",6,11,2,메타세쿼이아,TB,127.001401283,37.47507038
"4478",9,22,6,양버즘나무,PTA,127.013764419,37.492637321
"4479",9,17,3,느티나무,ZS,127.078526872,37.459400817
"4480",5,23,5,칠엽수,AC,127.012945916,37.4975069
"4481",5,15,3,느티나무,ZS,126.982995329,37.485364356
"4482",15,23,4,양버즘나무,PTA,127.040457949,37.479057104
"4483",7,36,7,은행나무,GB,127.044827677,37.472588039
"4484",8,25,5,양버즘나무,PTA,127.023998006,37.491155778
"4485",8,22,8,양버즘나무,PTA,127.038462555,37.477381929
"4486",7,17,6,은행나무,GB,127.044835195,37.477427623
"4487",9,27,8,느티나무,ZS,127.031494364,37.483801774
"4488",7,8,1,은행나무,GB,127.037373657,37.459800876
"4489",12,31,4,양버즘나무,PTA,127.041366949,37.480363636
"4490",12,27,8,양버즘나무,PTA,127.007604985,37.511140843
"4491",13,17,6,은행나무,GB,127.042548819,37.482497981
"4492",5,8,3,단풍나무,MP,126.992248157,37.487400712
"4493",9,27,6,느티나무,ZS,127.075712522,37.45840858
"4494",11,28,7,양버즘나무,PTA,126.996459019,37.488589299
"4495",7,28,5,느티나무,ZS,127.054293519,37.459718411
"4496",0,9,0,느티나무,ZS,127.019278642,37.482343443
"4497",6,15,4,은행나무,GB,126.987701639,37.460834924
"4498",9,18,3,양버즘나무,PTA,127.013558493,37.514328131
"4499",13,41,8,양버즘나무,PTA,127.001482519,37.504212861
"4500",4,13,2,은행나무,GB,127.022103858,37.483060412
"4501",12,35,12,가중나무,AA,127.00836525,37.515259658
"4502",7,22,4,느티나무,ZS,127.053121261,37.460221819
"4503",10,23,4,양버즘나무,PTA,127.005681296,37.480058067
"4504",10,30,6,양버즘나무,PTA,126.989414908,37.486684483
"4505",8,17,4,은행나무,GB,127.006131515,37.491500203
"4506",9,24,6,느티나무,ZS,127.073524018,37.457971957
"4507",12,32,8,양버즘나무,PTA,126.982636901,37.488935047
"4508",7,14,2,은행나무,GB,127.045246725,37.467498661
"4509",8,31,3,양버즘나무,PTA,127.038656802,37.471894207
"4510",6,19,4,은행나무,GB,127.048831755,37.469641423
"4511",14,32,12,느티나무,ZS,127.085564618,37.462005431
"4512",9,20,5,양버즘나무,PTA,127.009804876,37.498747462
"4513",7,22,5,느티나무,ZS,127.053081297,37.460239633
"4514",6,28,8,느티나무,ZS,127.014636653,37.457344822
"4515",6,41,6,느티나무,ZS,127.021753157,37.460488482
"4516",6,26,6,은행나무,GB,127.046288322,37.472110773
"4517",8,24,8,양버즘나무,PTA,127.03411672,37.464928585
"4518",9,17,4,양버즘나무,PTA,127.011112354,37.51260711
"4519",7,9,2,은행나무,GB,127.036639567,37.460433785
"4520",12,41,8,양버즘나무,PTA,127.008256605,37.491077121
"4521",8,32,5,양버즘나무,PTA,127.024634427,37.491498063
"4522",8,26,8,양버즘나무,PTA,127.034153104,37.46543733
"4523",9,40,12,양버즘나무,PTA,127.030568104,37.491313306
"4524",8,29,6,느티나무,ZS,127.059415182,37.457521416
"4525",9,29,5,양버즘나무,PTA,127.025079519,37.494976224
"4526",5,10,2,메타세쿼이아,TB,127.00259803,37.475307268
"4527",11,33,6,양버즘나무,PTA,127.006640802,37.491655484
"4528",11,24,5,양버즘나무,PTA,126.990627677,37.484981209
"4529",11,25,12,양버즘나무,PTA,126.994793711,37.485736923
"4530",7,12,4,은행나무,GB,126.98575167,37.468974361
"4531",4,27,6,느티나무,ZS,127.044406981,37.464658401
"4532",11,30,10,양버즘나무,PTA,127.008228208,37.51146042
"4533",14,32,6,양버즘나무,PTA,127.002416058,37.503085692
"4534",7,29,6,느티나무,ZS,127.046767914,37.462959729
"4535",7,22,6,은행나무,GB,127.048000855,37.46949225
"4536",8,24,5,은행나무,GB,127.010449452,37.493836641
"4537",6,15,3,메타세쿼이아,TB,127.01884013,37.510462669
"4538",13,33,8,양버즘나무,PTA,126.991219074,37.498047698
"4539",9,31,8,양버즘나무,PTA,127.035279352,37.467735352
"4540",7,16,3,은행나무,GB,126.98820873,37.465940036
"4541",6,28,7,은행나무,GB,127.043824157,37.474098301
"4542",6,29,8,느티나무,ZS,127.022776043,37.460188842
"4543",6,11,3,은행나무,GB,127.048339042,37.456978312
"4544",7,38,8,느티나무,ZS,127.081882843,37.461827894
"4545",5,11,2,메타세쿼이아,TB,126.997350668,37.473732239
"4546",9,31,8,느티나무,ZS,127.03482547,37.484385728
"4547",6,24,5,메타세쿼이아,TB,127.021464273,37.461639643
"4548",6,24,6,느티나무,ZS,127.013124846,37.457522869
"4549",4,23,6,느티나무,ZS,127.016485144,37.457679588
"4550",4,30,10,느티나무,ZS,127.086575942,37.462129014
"4551",9,18,5,양버즘나무,PTA,127.019462929,37.510657713
"4552",6,37,8,느티나무,ZS,127.025048675,37.460355815
"4553",7,31,6,메타세쿼이아,TB,127.020695515,37.460871398
"4554",12,33,7,양버즘나무,PTA,127.009913669,37.492663613
"4555",11,27,6,양버즘나무,PTA,127.00732748,37.491594096
"4556",9,23,6,느티나무,ZS,127.079859218,37.460321959
"4557",5,13,3,은행나무,GB,127.056868794,37.446308582
"4558",5,16,4,은행나무,GB,127.023647622,37.472156657
"4559",8,18,7,양버즘나무,PTA,127.038925532,37.472656294
"4560",13,15,3,은행나무,GB,127.019536747,37.515401541
"4561",6,20,3,은행나무,GB,126.985140079,37.469439217
"4608",4,20,3,느티나무,ZS,126.991484479,37.486937856
"4562",6,32,7,느티나무,ZS,127.050770384,37.460855294
"4563",7,10,2,은행나무,GB,126.997018711,37.503902179
"4564",9,17,3,양버즘나무,PTA,127.017698875,37.485403944
"4565",6,12,4,은행나무,GB,127.056302519,37.446836522
"4566",9,30,6,가중나무,AA,127.014175082,37.5152045
"4567",12,36,12,양버즘나무,PTA,127.029108701,37.494382756
"4568",13,33,12,느티나무,ZS,127.085364904,37.46194212
"4569",7,20,8,회화나무,STJ,127.011264008,37.484869823
"4570",8,26,6,느티나무,ZS,127.047564823,37.462235054
"4571",9,14,2,메타세쿼이아,TB,127.001982363,37.505443047
"4572",8,33,5,양버즘나무,PTA,127.014103126,37.488302488
"4573",9,26,8,양버즘나무,PTA,126.997489737,37.481916356
"4574",13,24,7,양버즘나무,PTA,127.039340887,37.478433126
"4575",6,18,5,느티나무,ZS,127.066891335,37.455626847
"4576",13,38,8,양버즘나무,PTA,127.008268069,37.490267099
"4577",8,28,3,은행나무,GB,126.986764391,37.501553516
"4578",4,8,2,은행나무,GB,127.024515517,37.469282008
"4579",6,16,4,은행나무,GB,127.04818836,37.457110417
"4580",8,16,4,은행나무,GB,127.005529961,37.510050896
"4581",11,27,8,양버즘나무,PTA,126.99509964,37.485624398
"4582",11,45,8,양버즘나무,PTA,127.006437542,37.494798043
"4583",7,10,3,은행나무,GB,127.004062447,37.502219793
"4584",10,26,4,양버즘나무,PTA,127.014778308,37.509292256
"4585",12,24,6,양버즘나무,PTA,126.989228114,37.49458836
"4586",9,27,5,양버즘나무,PTA,127.017011614,37.489183575
"4587",0,9,0,느티나무,ZS,127.021828949,37.482993477
"4588",7,8,3,메타세쿼이아,TB,127.043113289,37.479912788
"4589",6,27,7,느티나무,ZS,127.011008431,37.456524838
"4590",10,37,7,양버즘나무,PTA,127.013356886,37.512795578
"4591",11,25,6,양버즘나무,PTA,126.985260945,37.490837415
"4592",8,18,3,느티나무,ZS,127.061726683,37.456527752
"4593",6,23,6,느티나무,ZS,126.988083959,37.486008061
"4594",11,38,10,양버즘나무,PTA,126.99847501,37.499989286
"4595",14,27,6,양버즘나무,PTA,127.037650424,37.481215495
"4596",7,16,3,은행나무,GB,126.99200807,37.493394178
"4597",12,41,10,느티나무,ZS,127.012445169,37.498368145
"4598",11,28,7,양버즘나무,PTA,126.982988426,37.494736004
"4599",6,32,6,양버즘나무,PTA,127.016552369,37.484386351
"4600",10,33,6,양버즘나무,PTA,127.004030527,37.49888242
"4601",11,32,6,양버즘나무,PTA,126.982210753,37.482863387
"4602",12,39,12,양버즘나무,PTA,127.009344741,37.498603004
"4603",8,12,4,은행나무,GB,127.038847567,37.462529003
"4604",6,10,2,은행나무,GB,127.051721702,37.452673084
"4605",11,30,11,양버즘나무,PTA,126.996731197,37.48857716
"4606",6,39,10,느티나무,ZS,127.014464847,37.480895481
"4607",4,14,4,은행나무,GB,127.01250047,37.482321997
"4609",6,31,8,느티나무,ZS,127.049930061,37.461218553
"4610",4,8,2,꽃사과,PRS,126.994794622,37.487855782
"4611",10,19,5,은행나무,GB,126.99843335,37.498369535
"4612",3,29,6,느티나무,ZS,127.067881971,37.456301931
"4613",7,14,3,은행나무,GB,127.010453544,37.512494356
"4614",7,18,4,은행나무,GB,127.003220029,37.508697232
"4615",5,12,4,은행나무,GB,127.028414224,37.472494232
"4616",8,14,3,은행나무,GB,127.025804007,37.501293632
"4617",0,9,0,느티나무,ZS,127.017338191,37.481789898
"4618",6,18,5,은행나무,GB,127.010198718,37.494346114
"4619",5,11,2,메타세쿼이아,TB,127.002905201,37.475787658
"4620",7,18,3,은행나무,GB,127.024886092,37.469850699
"4621",8,24,6,양버즘나무,PTA,126.993480017,37.480013248
"4622",9,32,6,양버즘나무,PTA,127.011685854,37.50925198
"4623",8,22,4,느티나무,ZS,127.08089752,37.460312706
"4624",6,25,8,느티나무,ZS,127.026003451,37.460318159
"4625",8,16,6,은행나무,GB,127.005177207,37.509830979
"4626",8,25,5,양버즘나무,PTA,127.015320355,37.486357303
"4627",6,20,7,회화나무,STJ,127.01101117,37.485400143
"4628",9,16,5,양버즘나무,PTA,127.038940015,37.476299626
"4629",12,40,6,가중나무,AA,127.00342448,37.507939619
"4630",10,22,10,양버즘나무,PTA,127.009063012,37.51167015
"4631",6,19,6,은행나무,GB,127.052394283,37.451047296
"4632",6,22,5,은행나무,GB,127.045283966,37.47187069
"4633",11,31,10,양버즘나무,PTA,126.999720792,37.478563616
"4634",5,18,4,느티나무,ZS,127.042265332,37.466055483
"4635",7,15,3,메타세쿼이아,TB,127.012437462,37.508522472
"4636",13,37,12,가중나무,AA,127.010358148,37.516885061
"4637",4,13,3,은행나무,GB,127.028055381,37.472278306
"4638",11,36,6,양버즘나무,PTA,126.991723538,37.483094777
"4639",8,26,8,느티나무,ZS,127.062471884,37.456020422
"4640",8,28,7,은행나무,GB,127.010694311,37.493330051
"4641",5,13,3,칠엽수,AC,127.010392974,37.504373099
"4642",5,13,4,은행나무,GB,127.025913465,37.470879339
"4643",12,18,7,양버즘나무,PTA,127.005558567,37.491003019
"4644",11,29,7,양버즘나무,PTA,127.008837614,37.492329399
"4645",8,18,4,느티나무,ZS,127.010289364,37.51251451
"4646",7,15,3,은행나무,GB,127.01037389,37.512454742
"4647",9,24,4,양버즘나무,PTA,127.003795184,37.484635516
"4648",10,27,4,양버즘나무,PTA,127.00400478,37.485822557
"4649",10,25,6,양버즘나무,PTA,127.026236292,37.497648527
"4650",9,28,5,양버즘나무,PTA,126.993261334,37.480703361
"4651",7,12,3,은행나무,GB,127.025870803,37.501154228
"4652",9,22,4,양버즘나무,PTA,127.005747298,37.479921419
"4653",10,27,10,양버즘나무,PTA,127.004461984,37.489264611
"4654",9,33,8,양버즘나무,PTA,127.009646258,37.487421764
"4678",8,24,4,메타세쿼이아,TB,127.030626069,37.47079752
"4655",7,30,5,양버즘나무,PTA,126.989262252,37.478719516
"4656",6,31,10,양버즘나무,PTA,127.014566153,37.489457453
"4657",9,31,12,양버즘나무,PTA,126.994339347,37.486446067
"4658",8,31,6,느티나무,ZS,127.062664407,37.456118202
"4659",12,29,8,양버즘나무,PTA,127.038000981,37.479586984
"4660",6,18,4,은행나무,GB,126.98771741,37.461051995
"4661",8,24,6,메타세쿼이아,TB,127.022643219,37.500099536
"4662",6,24,3,은행나무,GB,126.988443346,37.464133407
"4663",7,24,4,양버즘나무,PTA,127.036620823,37.476704007
"4664",12,47,8,양버즘나무,PTA,127.008912521,37.48894154
"4665",8,20,4,은행나무,GB,127.01704708,37.515390959
"4666",8,32,5,칠엽수,AC,127.011852184,37.502148143
"4667",11,38,8,양버즘나무,PTA,127.00586161,37.49596481
"4668",4,28,12,느티나무,ZS,127.086775451,37.462192853
"4669",11,26,8,양버즘나무,PTA,127.035034488,37.48430559
"4670",12,33,12,느티나무,ZS,127.086374751,37.462276499
"4671",4,11,2,꽃사과,PRS,126.99454569,37.487778191
"4672",7,20,5,은행나무,GB,127.008192864,37.511349803
"4673",7,24,4,은행나무,GB,127.018330349,37.515804391
"4674",13,36,7,양버즘나무,PTA,127.007568197,37.506805656
"4675",6,13,5,회화나무,STJ,127.010732166,37.503176612
"4676",8,18,5,양버즘나무,PTA,127.02782431,37.492317087
"4677",9,21,8,양버즘나무,PTA,127.038439572,37.470832831
"4679",7,13,2,은행나무,GB,127.052449837,37.451188134
"4680",10,25,4,양버즘나무,PTA,127.034751215,37.475587673
"4681",4,11,3,칠엽수,AC,127.012181173,37.49968864
"4682",7,15,2,은행나무,GB,126.992299864,37.493508777
"4683",8,25,4,양버즘나무,PTA,127.034363006,37.465809349
"4684",7,8,2,은행나무,GB,127.037791058,37.459430811
"4685",7,20,5,느티나무,ZS,127.051843572,37.460771343
"4686",11,30,3,양버즘나무,PTA,127.017998795,37.50998436
"4687",14,28,7,양버즘나무,PTA,127.004365497,37.498123327
"4688",5,16,4,칠엽수,AC,127.012459138,37.499653335
"4689",7,28,5,은행나무,GB,127.025392632,37.470251945
"4690",7,15,3,은행나무,GB,127.049371048,37.455889211
"4691",8,25,6,느티나무,ZS,127.069626504,37.456516107
"4692",7,16,2,양버즘나무,PTA,127.033822522,37.475071095
"4693",11,38,8,양버즘나무,PTA,126.982142406,37.481581206
"4694",6,10,4,은행나무,GB,127.011602571,37.493229237
"4695",9,23,4,느티나무,ZS,127.061353157,37.456688428
"4696",6,24,5,은행나무,GB,127.051728866,37.452390639
"4697",0,9,0,느티나무,ZS,127.024828416,37.483435897
"4698",14,27,6,양버즘나무,PTA,126.991239147,37.483846564
"4699",5,11,3,왕벚나무,PS,127.035691985,37.477910894
"4700",10,36,6,양버즘나무,PTA,127.025545172,37.49719488
"4701",4,6,2,왕벚나무,PS,127.057112715,37.446074631
"4702",13,43,7,양버즘나무,PTA,127.001194907,37.504579288
"4703",10,29,5,메타세쿼이아,TB,127.040276934,37.473967471
"4704",14,30,6,양버즘나무,PTA,127.038411436,37.479319872
"4705",7,42,10,느티나무,ZS,127.010597251,37.479184453
"4706",8,24,4,양버즘나무,PTA,126.991512958,37.48360794
"4707",7,18,6,은행나무,GB,127.010176623,37.494392431
"4708",6,16,3,메타세쿼이아,TB,127.017452009,37.510044231
"4709",9,27,5,양버즘나무,PTA,127.028792295,37.492613443
"4710",9,27,5,양버즘나무,PTA,127.017975838,37.489326557
"4711",13,23,4,메타세쿼이아,TB,127.044102016,37.47800734
"4712",7,14,3,은행나무,GB,126.982797811,37.472867378
"4713",12,24,6,양버즘나무,PTA,126.997394328,37.488745264
"4714",8,14,4,양버즘나무,PTA,127.010809101,37.512460084
"4715",14,16,4,은행나무,GB,127.002721201,37.502713923
"4716",15,21,8,은행나무,GB,127.044070075,37.479119491
"4717",9,33,5,양버즘나무,PTA,127.026344213,37.491859574
"4718",11,43,12,느티나무,ZS,127.088557698,37.462988987
"4719",7,20,1,양버즘나무,PTA,127.036765079,37.468715246
"4720",8,34,6,느티나무,ZS,127.055226211,37.458943283
"4721",4,8,2,느티나무,ZS,126.982839803,37.485346078
"4722",5,22,3,메타세쿼이아,TB,127.028756701,37.468762518
"4723",0,9,0,느티나무,ZS,127.019824128,37.482429468
"4724",5,15,4,느티나무,ZS,126.992681682,37.487510605
"4725",7,36,7,양버즘나무,PTA,127.035757111,37.460703113
"4726",8,19,3,은행나무,GB,127.039058341,37.458178316
"4727",6,29,9,느티나무,ZS,127.013306409,37.457538621
"4728",8,32,5,양버즘나무,PTA,127.02138874,37.502738773
"4729",0,8,0,느티나무,ZS,127.038083954,37.48496662
"4730",5,18,3,느티나무,ZS,127.041270126,37.464626925
"4731",5,10,2,메타세쿼이아,TB,127.00167185,37.474863839
"4732",10,29,8,양버즘나무,PTA,127.0413907,37.466803384
"4733",7,16,3,은행나무,GB,127.046020427,37.472127322
"4734",11,27,6,양버즘나무,PTA,127.01900908,37.510289684
"4735",12,32,6,양버즘나무,PTA,126.986255667,37.504936502
"4736",9,20,4,양버즘나무,PTA,127.00423332,37.487312832
"4737",9,22,5,느티나무,ZS,127.07671435,37.458745104
"4738",5,17,4,느티나무,ZS,126.991964537,37.487093053
"4739",9,33,12,양버즘나무,PTA,126.998420424,37.481702467
"4740",8,25,4,은행나무,GB,127.017862723,37.515648512
"4741",8,15,2,은행나무,GB,127.01211401,37.513355333
"4742",7,14,3,양버즘나무,PTA,127.019093145,37.51031475
"4743",5,14,2,은행나무,GB,127.053336046,37.44971466
"4744",10,28,8,양버즘나무,PTA,127.032693904,37.469621708
"4745",14,41,6,양버즘나무,PTA,127.002369807,37.503142364
"4746",6,14,3,은행나무,GB,127.01433268,37.489265369
"4747",4,15,3,느티나무,ZS,127.015383813,37.484755459
"4748",11,26,6,양버즘나무,PTA,126.991137032,37.502314349
"4749",11,27,8,느티나무,ZS,127.033050263,37.484221668
"4750",8,36,8,느티나무,ZS,127.081869847,37.461670945
"4751",12,43,6,양버즘나무,PTA,126.988861524,37.495152499
"4752",12,31,10,양버즘나무,PTA,127.021461122,37.510385615
"4753",11,25,8,양버즘나무,PTA,127.020989224,37.4959221
"4754",8,18,3,은행나무,GB,127.037804108,37.45926597
"4755",9,22,5,양버즘나무,PTA,127.021561247,37.49041
"4756",6,23,4,양버즘나무,PTA,127.003976757,37.482754715
"4757",10,36,8,양버즘나무,PTA,126.987328595,37.489363771
"4758",7,14,3,은행나무,GB,127.058324611,37.443820694
"4759",13,31,9,양버즘나무,PTA,126.991451403,37.498331926
"4760",4,24,4,느티나무,ZS,127.044856716,37.464239124
"4761",6,31,6,메타세쿼이아,TB,127.026408356,37.465777312
"4762",8,16,3,은행나무,GB,126.983025213,37.472394266
"4763",10,16,4,양버즘나무,PTA,127.006873972,37.477973837
"4764",10,31,5,양버즘나무,PTA,127.029081438,37.486591762
"4765",11,26,8,양버즘나무,PTA,126.997739457,37.488850193
"4766",13,37,12,가중나무,AA,127.014045166,37.520012252
"4767",7,18,3,은행나무,GB,127.04991663,37.47065403
"4768",11,29,6,양버즘나무,PTA,126.987222492,37.490191434
"4769",6,11,3,은행나무,GB,127.066120221,37.43459041
"4770",6,13,2,은행나무,GB,127.005984658,37.502958874
"4771",8,34,8,칠엽수,AC,127.011961258,37.501828406
"4772",5,30,7,느티나무,ZS,127.067662554,37.455876948
"4773",5,12,2,메타세쿼이아,TB,127.005563105,37.476723092
"4774",6,23,5,메타세쿼이아,TB,127.022710375,37.462578015
"4775",5,22,5,느티나무,ZS,127.048280138,37.469745342
"4776",10,21,6,양버즘나무,PTA,127.01526384,37.519086099
"4777",11,28,10,양버즘나무,PTA,126.986034847,37.503646896
"4778",13,22,5,양버즘나무,PTA,127.038895836,37.478418518
"4779",9,34,5,양버즘나무,PTA,127.005418698,37.480600593
"4780",4,13,3,은행나무,GB,127.01253584,37.481450647
"4781",5,14,4,은행나무,GB,127.023722594,37.472092083
"4782",9,20,5,양버즘나무,PTA,127.038946793,37.471470853
"4783",6,33,7,느티나무,ZS,127.082068608,37.462714955
"4784",10,29,8,양버즘나무,PTA,126.98213914,37.481513618
"4785",13,31,6,양버즘나무,PTA,126.982176397,37.482332604
"4786",13,29,6,양버즘나무,PTA,127.004714564,37.498292748
"4787",0,8,0,느티나무,ZS,127.039865682,37.485214888
"4788",6,16,4,은행나무,GB,126.988139956,37.462534401
"4789",11,32,7,양버즘나무,PTA,127.012649289,37.49350288
"4790",15,32,6,양버즘나무,PTA,126.997196342,37.503668558
"4791",13,41,8,양버즘나무,PTA,127.006940291,37.493772861
"4792",7,19,5,은행나무,GB,127.045115436,37.475295327
"4793",0,8,0,느티나무,ZS,127.022301206,37.483056446
"4794",9,28,5,양버즘나무,PTA,127.025054489,37.495030323
"4818",9,38,8,은행나무,GB,126.998165651,37.495730136
"4795",11,34,8,양버즘나무,PTA,127.012985617,37.493339202
"4796",9,19,5,양버즘나무,PTA,127.015264394,37.486909461
"4797",4,6,2,왕벚나무,PS,127.053087508,37.449759671
"4798",12,27,5,양버즘나무,PTA,127.004968549,37.490327862
"4799",7,16,2,은행나무,GB,127.039441531,37.462909757
"4800",12,39,8,느티나무,ZS,127.032775336,37.484511587
"4801",8,29,5,양버즘나무,PTA,127.028836922,37.487500012
"4802",10,19,6,은행나무,GB,127.010758973,37.509759696
"4803",11,32,6,양버즘나무,PTA,127.006806757,37.491707095
"4804",5,8,3,왕벚나무,PS,127.051462529,37.453196726
"4805",7,27,6,은행나무,GB,127.043207586,37.474017792
"4806",5,10,2,메타세쿼이아,TB,127.004718318,37.476650415
"4807",9,26,5,양버즘나무,PTA,127.004926731,37.481997358
"4808",5,21,3,느티나무,ZS,127.044392614,37.466924607
"4809",6,15,3,은행나무,GB,127.04676254,37.459582729
"4810",5,10,2,메타세쿼이아,TB,127.002011535,37.475023672
"4811",6,19,4,양버즘나무,PTA,126.993410596,37.480655368
"4812",12,44,6,양버즘나무,PTA,126.99251726,37.502375306
"4813",7,14,2,은행나무,GB,127.036443094,37.460454737
"4814",6,10,2,메타세쿼이아,TB,127.001452504,37.475095063
"4815",9,14,2,은행나무,GB,127.002718602,37.482276339
"4816",6,19,4,느티나무,ZS,127.031138479,37.473440953
"4817",9,23,5,양버즘나무,PTA,127.014988093,37.487488975
"4819",7,28,6,은행나무,GB,127.043641555,37.473590072
"4820",6,25,4,양버즘나무,PTA,126.99318259,37.481009535
"4821",7,23,4,은행나무,GB,127.003801267,37.507488482
"4822",7,37,10,느티나무,ZS,127.032437414,37.484464968
"4823",6,17,5,은행나무,GB,127.042112247,37.470210081
"4824",10,27,12,양버즘나무,PTA,127.004308554,37.487795772
"4825",10,26,4,메타세쿼이아,TB,127.042514466,37.476786278
"4826",7,18,4,은행나무,GB,127.042541837,37.474662872
"4827",11,36,8,양버즘나무,PTA,127.012435159,37.493166027
"4828",9,10,2,은행나무,GB,127.011056707,37.509578093
"4829",12,30,8,양버즘나무,PTA,126.990931455,37.491905488
"4830",10,34,11,양버즘나무,PTA,126.996784362,37.499317783
"4831",9,19,5,은행나무,GB,127.010337776,37.51054675
"4832",8,26,7,느티나무,ZS,127.058051614,37.457735399
"4833",13,23,12,가중나무,AA,127.008046418,37.514624409
"4834",8,15,5,은행나무,GB,127.037912655,37.462066396
"4835",6,21,4,은행나무,GB,127.04899677,37.469763736
"4836",6,29,8,느티나무,ZS,127.025621519,37.460070912
"4837",5,11,3,왕벚나무,PS,127.035172786,37.478345019
"4838",7,13,2,은행나무,GB,127.039147557,37.463159679
"4839",14,27,7,양버즘나무,PTA,127.018898705,37.495169529
"4840",16,30,6,양버즘나무,PTA,127.018098872,37.494924895
"4841",11,30,4,가중나무,AA,127.0130047,37.515580371
"4842",8,25,6,느티나무,ZS,127.065422754,37.455231197
"4843",6,17,4,은행나무,GB,127.051894101,37.452317414
"4844",15,40,8,튤립나무,LT,126.993594511,37.502908673
"4845",7,27,5,느티나무,ZS,127.053308982,37.460140402
"4846",6,28,6,양버즘나무,PTA,127.039895318,37.468980899
"4847",9,29,8,느티나무,ZS,127.029541306,37.484070642
"4848",10,27,8,느티나무,ZS,127.032363765,37.484126315
"4849",7,25,6,은행나무,GB,126.993513393,37.479995876
"4850",12,33,12,양버즘나무,PTA,127.011210736,37.498828257
"4851",8,25,8,회화나무,STJ,127.010978266,37.50266875
"4852",6,18,5,느티나무,ZS,127.002345382,37.50369533
"4853",8,29,5,양버즘나무,PTA,127.02492828,37.495678967
"4854",12,34,8,양버즘나무,PTA,127.011899915,37.483542338
"4855",6,20,6,은행나무,GB,127.050540995,37.454722705
"4856",0,9,0,느티나무,ZS,127.020972452,37.482896252
"4857",9,25,4,양버즘나무,PTA,127.015098015,37.518632956
"4858",8,29,8,느티나무,ZS,127.057318891,37.458047707
"4859",3,8,1,은행나무,GB,127.023675929,37.497922872
"4860",5,10,2,메타세쿼이아,TB,126.989206768,37.475080668
"4861",9,26,8,양버즘나무,PTA,127.000973731,37.482117416
"4862",7,14,2,은행나무,GB,126.983421496,37.471595363
"4863",8,21,5,은행나무,GB,126.986673231,37.501767556
"4864",8,20,3,은행나무,GB,126.991588763,37.490842286
"4865",7,30,6,은행나무,GB,127.043863395,37.473376521
"4866",6,32,9,느티나무,ZS,127.014368285,37.457334865
"4867",7,12,2,양버즘나무,PTA,127.009903498,37.512275178
"4868",9,22,4,느티나무,ZS,127.077041997,37.45888097
"4869",8,18,5,은행나무,GB,127.03816642,37.462249841
"4870",6,20,5,은행나무,GB,126.98216674,37.480948541
"4871",10,33,8,양버즘나무,PTA,127.035257209,37.467918244
"4872",4,53,10,느티나무,ZS,127.090821216,37.463517842
"4873",4,6,2,왕벚나무,PS,127.052950203,37.450026001
"4874",8,28,8,메타세쿼이아,TB,127.035477612,37.473905088
"4875",6,17,2,은행나무,GB,127.041101509,37.469519944
"4876",0,21,6,양버즘나무,PTA,127.03838458,37.475336698
"4877",5,15,3,은행나무,GB,127.017440829,37.485097874
"4878",8,15,6,은행나무,GB,127.004324366,37.508937947
"4879",5,30,6,느티나무,ZS,126.983153142,37.476567545
"4880",7,29,7,은행나무,GB,127.047270392,37.473223984
"4881",11,34,6,양버즘나무,PTA,127.001289412,37.475723642
"4882",12,30,7,양버즘나무,PTA,127.019283469,37.495539819
"4883",11,27,7,양버즘나무,PTA,126.988915414,37.501851467
"4884",13,25,7,양버즘나무,PTA,127.039109314,37.478077894
"4885",11,37,13,양버즘나무,PTA,127.023213758,37.50669797
"4886",10,34,10,양버즘나무,PTA,127.030852992,37.490714175
"4887",11,45,8,양버즘나무,PTA,127.009692914,37.507782201
"4888",6,26,5,양버즘나무,PTA,126.987826306,37.477986133
"4889",9,18,4,양버즘나무,PTA,127.006908137,37.477901675
"4890",8,15,6,가중나무,AA,127.00848156,37.515373755
"4891",11,42,7,양버즘나무,PTA,127.00599358,37.495701643
"4892",6,25,4,양버즘나무,PTA,127.03986157,37.468944578
"4893",10,24,7,양버즘나무,PTA,126.99814853,37.481465907
"4894",12,42,6,양버즘나무,PTA,126.999470294,37.504634592
"4895",10,19,4,양버즘나무,PTA,127.035295849,37.475908731
"4896",12,30,8,양버즘나무,PTA,126.990197683,37.501888778
"4897",8,15,5,양버즘나무,PTA,126.990173588,37.501883727
"4898",11,33,5,양버즘나무,PTA,127.013905904,37.493342854
"4899",8,19,7,양버즘나무,PTA,127.038459337,37.475751967
"4900",8,29,6,은행나무,GB,127.01717482,37.515431261
"4901",12,28,12,양버즘나무,PTA,127.010150103,37.498681309
"4902",8,12,1,은행나무,GB,126.982919522,37.492971106
"4903",6,23,7,느티나무,ZS,127.012539157,37.457152329
"4904",5,8,3,왕벚나무,PS,127.048726553,37.456483763
"4905",4,11,3,단풍나무,MP,126.994356653,37.487970678
"4906",5,10,2,메타세쿼이아,TB,126.989508915,37.474704476
"4907",11,39,12,느티나무,ZS,127.084411513,37.461633619
"4908",15,33,7,튤립나무,LT,126.997744155,37.504074451
"4909",8,27,12,양버즘나무,PTA,126.995875858,37.484057237
"4910",6,12,2,메타세쿼이아,TB,126.995616243,37.473408664
"4911",4,30,12,가중나무,AA,127.010720001,37.517238775
"4912",12,32,12,가중나무,AA,127.007766693,37.509880129
"4913",7,21,6,은행나무,GB,126.994904853,37.480454955
"4914",7,9,1,은행나무,GB,127.036498723,37.460556366
"4915",9,18,6,양버즘나무,PTA,127.0342212,37.466378187
"4916",12,34,6,양버즘나무,PTA,127.011824201,37.48370214
"4917",5,8,2,메타세쿼이아,TB,126.988366242,37.475026111
"4918",8,25,5,양버즘나무,PTA,127.015774867,37.48500223
"4919",6,35,10,느티나무,ZS,127.030957198,37.484259536
"4920",12,38,8,양버즘나무,PTA,126.987855711,37.49185258
"4921",0,9,0,느티나무,ZS,127.018314236,37.482080485
"4922",8,28,7,메타세쿼이아,TB,127.027550929,37.466879877
"4923",12,33,10,양버즘나무,PTA,127.000278749,37.506248474
"4924",9,27,6,느티나무,ZS,127.075527086,37.458938486
"4925",10,14,5,양버즘나무,PTA,127.038939808,37.475818006
"4926",3,8,3,꽃사과,PRS,126.982893489,37.485315266
"4927",8,30,6,느티나무,ZS,127.080568709,37.460509341
"4928",9,36,5,양버즘나무,PTA,126.992983928,37.481138388
"4929",10,31,12,양버즘나무,PTA,127.004033271,37.484884128
"4930",9,40,5,느티나무,ZS,127.077452277,37.459051538
"4931",5,8,2,은행나무,GB,127.057594348,37.44465408
"4932",5,13,4,은행나무,GB,127.025166309,37.470881698
"4933",7,28,5,느티나무,ZS,127.057378538,37.458399236
"4934",6,20,3,은행나무,GB,127.046818879,37.459432115
"4935",7,23,6,은행나무,GB,127.028161311,37.472169618
"4936",8,24,4,양버즘나무,PTA,127.034287093,37.464912106
"4937",5,10,2,메타세쿼이아,TB,126.987241016,37.47534742
"4938",4,15,3,느티나무,ZS,126.994263079,37.473804922
"4939",6,38,8,느티나무,ZS,127.026528647,37.460035231
"4940",11,28,7,메타세쿼이아,TB,127.042868338,37.477195965
"4941",7,17,4,느티나무,ZS,126.995499246,37.473700602
"4942",11,31,7,양버즘나무,PTA,127.010360274,37.492801838
"4943",6,29,6,느티나무,ZS,127.015172446,37.481105552
"4944",5,16,4,은행나무,GB,127.056987296,37.446192367
"4945",0,9,0,느티나무,ZS,127.017394003,37.481807638
"4946",8,22,5,느티나무,ZS,127.076670186,37.459004166
"4947",13,42,12,가중나무,AA,127.014657274,37.520328881
"4948",8,25,10,회화나무,STJ,127.010109595,37.504355024
"4949",8,27,6,느티나무,ZS,127.059031385,37.457686861
"4950",12,39,12,가중나무,AA,127.012445133,37.516074666
"4951",7,16,3,메타세쿼이아,TB,127.011638787,37.50850275
"4952",9,29,8,양버즘나무,PTA,126.998889919,37.479829163
"4953",5,10,2,메타세쿼이아,TB,127.00121838,37.474646806
"4954",9,23,5,양버즘나무,PTA,127.015238202,37.48695823
"4955",10,31,5,양버즘나무,PTA,127.005031999,37.48177043
"4956",12,34,6,양버즘나무,PTA,126.990689283,37.484698474
"4957",8,33,5,양버즘나무,PTA,127.016826841,37.488982092
"4981",9,27,6,은행나무,GB,127.018420951,37.515686796
"4958",12,15,8,양버즘나무,PTA,127.017637452,37.494783919
"4959",7,17,2,은행나무,GB,126.992680674,37.493569416
"4960",0,9,0,느티나무,ZS,127.021391075,37.482927363
"4961",7,14,2,은행나무,GB,127.043900415,37.473483083
"4962",7,25,5,양버즘나무,PTA,126.994276973,37.480497422
"4963",8,17,4,느티나무,ZS,127.039395769,37.468910531
"4964",7,25,6,느티나무,ZS,127.0709701,37.45734858
"4965",10,35,7,양버즘나무,PTA,127.026356868,37.497722286
"4966",5,10,2,메타세쿼이아,TB,126.993685707,37.473903343
"4967",7,18,3,은행나무,GB,127.049980203,37.470697908
"4968",7,22,4,메타세쿼이아,TB,127.030951467,37.471354217
"4969",8,33,6,양버즘나무,PTA,127.030792105,37.489194147
"4970",7,11,2,은행나무,GB,127.056715172,37.44628668
"4971",7,25,6,은행나무,GB,127.048198952,37.474054377
"4972",7,11,2,은행나무,GB,127.036589791,37.461366594
"4973",9,33,6,양버즘나무,PTA,126.998356703,37.504013176
"4974",11,35,6,양버즘나무,PTA,126.99024985,37.485390931
"4975",12,30,8,양버즘나무,PTA,127.035976647,37.47776551
"4976",5,10,2,메타세쿼이아,TB,127.006202887,37.477026414
"4977",5,8,3,왕벚나무,PS,127.050289723,37.455199322
"4978",0,9,0,느티나무,ZS,127.008162981,37.478355619
"4979",13,34,6,은행나무,GB,127.019806186,37.514492175
"4980",6,28,9,느티나무,ZS,127.013523523,37.457551205
"4982",3,8,2,꽃사과,PRS,126.98515044,37.485645172
"4983",7,22,6,은행나무,GB,127.044262586,37.471411705
"4984",14,33,7,양버즘나무,PTA,127.018254511,37.495221473
"4985",13,27,4,양버즘나무,PTA,127.025102257,37.487460297
"4986",7,15,2,은행나무,GB,126.987125112,37.489377796
"4987",8,25,6,은행나무,GB,127.010566425,37.493581297
"4988",8,13,2,은행나무,GB,127.038966983,37.45826366
"4989",15,14,4,은행나무,GB,127.023126123,37.48685013
"4990",6,25,7,느티나무,ZS,127.046660847,37.462810792
"4991",4,20,5,느티나무,ZS,126.987505388,37.479397818
"4992",9,28,5,양버즘나무,PTA,127.028451309,37.487905976
"4993",7,19,5,은행나무,GB,126.992542747,37.493550139
"4994",9,21,7,은행나무,GB,127.010413328,37.494635722
"4995",8,27,3,양버즘나무,PTA,127.026422398,37.492552123
"4996",5,13,3,은행나무,GB,127.053212416,37.449875209
"4997",8,27,8,양버즘나무,PTA,127.038461682,37.476451666
"4998",5,8,3,왕벚나무,PS,127.048777241,37.456573011
"4999",13,41,7,메타세쿼이아,TB,127.04198043,37.47592304
"5000",11,30,5,양버즘나무,PTA,127.016910606,37.509653599
"5001",5,15,3,칠엽수,AC,127.012116439,37.499973812
"5002",14,27,7,양버즘나무,PTA,127.004378493,37.498206996
"5003",5,19,4,느티나무,ZS,126.990629893,37.486679375
"5004",9,19,4,느티나무,ZS,127.078836316,37.459500852
"5005",8,27,6,느티나무,ZS,127.082405063,37.463689665
"5006",9,30,8,느티나무,ZS,127.032297967,37.484118117
"5007",11,24,5,양버즘나무,PTA,126.98883825,37.487776125
"5008",8,25,8,양버즘나무,PTA,127.034138968,37.465228216
"5009",9,27,5,느티나무,ZS,127.081943272,37.460386768
"5010",14,33,6,양버즘나무,PTA,127.004080419,37.500531354
"5011",8,20,4,메타세쿼이아,TB,127.03657943,37.462312318
"5012",9,24,5,느티나무,ZS,127.076737672,37.459230732
"5013",9,16,5,양버즘나무,PTA,127.038939907,37.476229793
"5014",0,9,0,느티나무,ZS,127.011485423,37.480043737
"5015",11,33,7,메타세쿼이아,TB,127.042854954,37.476928421
"5016",5,10,2,메타세쿼이아,TB,126.9997848,37.474353083
"5017",6,22,6,느티나무,ZS,127.015494655,37.481201631
"5018",12,35,10,양버즘나무,PTA,127.000498659,37.505773463
"5019",13,38,9,튤립나무,LT,126.997488053,37.503997339
"5020",11,33,6,양버즘나무,PTA,126.988125018,37.488693809
"5021",12,29,7,양버즘나무,PTA,126.988915533,37.492275488
"5022",15,27,6,느티나무,ZS,127.028829018,37.483630468
"5023",7,36,6,은행나무,GB,127.045701923,37.474735192
"5024",8,28,4,메타세쿼이아,TB,127.035761392,37.463058608
"5025",5,25,6,느티나무,ZS,127.043715102,37.46474534
"5026",6,19,6,은행나무,GB,127.045524652,37.47502812
"5027",8,25,7,양버즘나무,PTA,127.038380023,37.471484287
"5028",9,19,6,칠엽수,AC,127.012133048,37.499901618
"5029",8,21,5,양버즘나무,PTA,126.992691978,37.481596328
"5030",7,15,2,은행나무,GB,127.036195326,37.461080729
"5031",6,20,5,회화나무,STJ,127.011396885,37.484600279
"5032",8,22,5,양버즘나무,PTA,127.028187265,37.488856047
"5033",5,14,4,은행나무,GB,127.023946281,37.471903627
"5034",5,10,2,메타세쿼이아,TB,127.004304997,37.476123386
"5035",0,9,0,느티나무,ZS,127.024730943,37.483422553
"5036",8,24,4,양버즘나무,PTA,127.036309771,37.476662072
"5037",13,36,12,양버즘나무,PTA,127.02939332,37.493779033
"5038",12,40,8,양버즘나무,PTA,127.017253166,37.494664519
"5039",8,10,2,은행나무,GB,127.004181731,37.502274581
"5040",9,15,5,느티나무,ZS,127.064751803,37.455531819
"5041",10,25,3,양버즘나무,PTA,127.004432368,37.490976805
"5042",0,9,0,느티나무,ZS,127.020627781,37.482538098
"5043",5,18,3,왕벚나무,PS,127.049055129,37.45632956
"5044",5,10,2,메타세쿼이아,TB,126.993287194,37.473710248
"5045",13,29,7,양버즘나무,PTA,127.023286798,37.49674001
"5046",4,21,4,느티나무,ZS,126.990512114,37.486644623
"5047",9,27,3,양버즘나무,PTA,127.026578158,37.492227755
"5048",10,17,3,은행나무,GB,127.020998648,37.486195377
"5049",9,22,4,양버즘나무,PTA,127.029359117,37.485833846
"5050",4,13,4,은행나무,GB,127.055551626,37.447539547
"5051",8,28,4,양버즘나무,PTA,127.023829639,37.497953341
"5052",11,37,8,양버즘나무,PTA,127.009097482,37.492137651
"5053",11,23,10,양버즘나무,PTA,127.006476209,37.483226686
"5054",12,24,8,느티나무,ZS,127.04451934,37.477982102
"5055",8,21,6,느티나무,ZS,127.063516759,37.455585607
"5056",3,8,2,단풍나무,MP,126.98461337,37.48579472
"5057",8,25,6,느티나무,ZS,127.075911833,37.458958458
"5058",6,15,5,은행나무,GB,127.043449514,37.480512054
"5059",12,30,6,양버즘나무,PTA,127.025936204,37.49756148
"5060",5,10,2,메타세쿼이아,TB,126.986665683,37.475797599
"5061",10,22,4,양버즘나무,PTA,126.99867784,37.48013753
"5062",6,25,5,은행나무,GB,126.985100556,37.469479493
"5063",7,11,3,은행나무,GB,127.014000184,37.519744086
"5064",6,24,5,메타세쿼이아,TB,127.021519272,37.461681684
"5065",9,25,5,양버즘나무,PTA,127.03898038,37.471301179
"5066",12,27,7,양버즘나무,PTA,126.997799314,37.489027698
"5067",8,35,10,양버즘나무,PTA,127.034654304,37.463863602
"5068",10,26,12,느티나무,ZS,127.008323553,37.478053419
"5069",4,13,2,은행나무,GB,127.024232203,37.471656653
"5070",10,29,6,양버즘나무,PTA,126.987635518,37.489629378
"5071",12,25,6,양버즘나무,PTA,126.982840622,37.490495177
"5072",8,23,8,양버즘나무,PTA,127.038447174,37.472190518
"5073",12,31,10,양버즘나무,PTA,126.985709453,37.504662433
"5074",3,24,5,양버즘나무,PTA,127.008725038,37.483457974
"5075",5,16,4,느티나무,ZS,126.987044332,37.485890485
"5076",5,26,5,느티나무,ZS,127.001954373,37.50416117
"5077",5,19,5,칠엽수,AC,127.012744403,37.497229772
"5078",13,21,5,은행나무,GB,127.04312771,37.481212369
"5079",8,25,5,양버즘나무,PTA,127.025835033,37.493789207
"5080",13,28,12,느티나무,ZS,127.088080325,37.462833342
"5081",12,27,6,가중나무,AA,127.005238077,37.511878684
"5082",10,29,8,양버즘나무,PTA,126.999343317,37.479127508
"5083",5,10,2,메타세쿼이아,TB,126.991974778,37.474027169
"5084",8,18,4,은행나무,GB,127.039053068,37.462658293
"5085",9,16,5,양버즘나무,PTA,127.006383419,37.478608427
"5086",0,9,0,느티나무,ZS,127.024816486,37.483143932
"5087",6,14,3,느티나무,ZS,127.017950519,37.458695357
"5088",3,8,2,꽃사과,PRS,126.983963963,37.485508611
"5089",8,26,6,느티나무,ZS,127.079281152,37.459850516
"5090",8,18,4,느티나무,ZS,127.076926908,37.459083898
"5091",10,23,4,양버즘나무,PTA,127.034974772,37.475704903
"5092",14,16,8,양버즘나무,PTA,127.023855858,37.482028467
"5093",13,31,4,양버즘나무,PTA,127.041909813,37.4806402
"5094",8,16,2,은행나무,GB,127.037263141,37.459735243
"5095",8,25,6,느티나무,ZS,127.076250524,37.45886364
"5096",6,26,6,느티나무,ZS,127.054622947,37.459389823
"5097",8,21,3,은행나무,GB,127.038256089,37.462547001
"5098",8,22,5,느티나무,ZS,127.066401935,37.455468535
"5099",5,8,3,왕벚나무,PS,127.050437135,37.45506202
"5100",7,16,4,은행나무,GB,127.003987419,37.507092462
"5101",4,24,6,느티나무,ZS,127.001340046,37.474706018
"5102",5,10,2,메타세쿼이아,TB,127.004322442,37.476465914
"5103",10,12,3,양버즘나무,PTA,127.004817167,37.482229598
"5104",6,16,5,은행나무,GB,127.04205261,37.470170599
"5105",7,23,6,은행나무,GB,127.044032154,37.473216334
"5106",9,31,5,메타세쿼이아,TB,127.039864422,37.473749029
"5107",8,13,2,은행나무,GB,127.038735713,37.462891628
"5108",7,25,4,은행나무,GB,127.044324709,37.476067935
"5109",13,20,6,양버즘나무,PTA,127.015539273,37.501689876
"5110",4,12,2,은행나무,GB,127.022350043,37.483093522
"5111",13,25,8,가중나무,AA,127.007800352,37.509304084
"5112",10,26,8,양버즘나무,PTA,127.03623653,37.468544148
"5113",6,33,10,느티나무,ZS,127.009408245,37.478599877
"5114",6,18,4,느티나무,ZS,127.03216543,37.472299672
"5115",5,12,2,느티나무,ZS,127.001522574,37.504674757
"5116",14,34,6,양버즘나무,PTA,127.004152591,37.500362873
"5117",7,15,8,은행나무,GB,126.998358888,37.498990809
"5118",9,14,4,은행나무,GB,126.990820331,37.492462681
"5119",7,28,5,양버즘나무,PTA,126.990946373,37.479415893
"5120",8,27,4,양버즘나무,PTA,127.034324532,37.465410454
"5121",9,28,6,느티나무,ZS,127.081876598,37.460317806
"5122",7,13,2,은행나무,GB,127.035683045,37.460701678
"5123",8,23,5,느티나무,ZS,127.061880287,37.456089091
"5124",7,15,5,양버즘나무,PTA,127.038834463,37.469886125
"5125",8,25,5,메타세쿼이아,TB,127.029499832,37.469376811
"5126",7,24,5,은행나무,GB,127.043902932,37.473337257
"5127",6,10,2,은행나무,GB,127.000331876,37.500730733
"5128",11,22,2,양버즘나무,PTA,127.014978049,37.518309255
"5129",13,23,10,양버즘나무,PTA,126.988049318,37.498113006
"5130",4,48,10,느티나무,ZS,127.085482277,37.461764589
"5131",8,15,2,은행나무,GB,127.012055214,37.513150251
"5132",9,17,3,양버즘나무,PTA,127.017631231,37.485388499
"5133",6,23,6,메타세쿼이아,TB,127.023938346,37.463344982
"5134",10,21,5,양버즘나무,PTA,127.001500065,37.482033716
"5135",12,27,8,양버즘나무,PTA,126.997797446,37.488868054
"5136",10,36,8,양버즘나무,PTA,127.009768472,37.487174743
"5137",4,15,4,은행나무,GB,127.024155676,37.471724559
"5138",13,29,8,양버즘나무,PTA,126.981974752,37.478448526
"5139",10,18,4,메타세쿼이아,TB,127.040307372,37.474226901
"5140",12,41,8,양버즘나무,PTA,127.016850587,37.494789192
"5141",8,19,4,느티나무,ZS,127.059653079,37.457046657
"5142",8,29,8,은행나무,GB,127.010739596,37.493974054
"5143",9,27,6,양버즘나무,PTA,127.027135264,37.488283795
"5144",7,19,2,은행나무,GB,127.003655548,37.507786157
"5145",8,35,3,양버즘나무,PTA,127.038809812,37.47057896
"5146",4,6,2,왕벚나무,PS,127.052959668,37.45024181
"5147",9,18,6,느티나무,ZS,127.031725588,37.48275446
"5148",12,27,5,양버즘나무,PTA,126.989140352,37.487306855
"5149",10,25,4,양버즘나무,PTA,127.006730424,37.478276656
"5150",6,28,6,느티나무,ZS,127.0571401,37.458310873
"5151",8,16,5,은행나무,GB,127.037864223,37.462028616
"5152",4,13,4,은행나무,GB,127.012354733,37.482626626
"5153",4,6,2,왕벚나무,PS,127.052480387,37.450851732
"5154",4,25,7,느티나무,ZS,126.988444445,37.486207384
"5155",10,28,7,메타세쿼이아,TB,127.030759533,37.471693632
"5156",9,25,5,느티나무,ZS,127.014673522,37.484366752
"5157",7,15,5,느티나무,ZS,127.023698098,37.481687933
"5158",10,30,8,양버즘나무,PTA,126.982107326,37.481230032
"5159",0,24,6,느티나무,ZS,127.038997457,37.473361365
"5160",7,23,5,양버즘나무,PTA,127.02217675,37.50145095
"5161",4,12,2,은행나무,GB,127.012149739,37.513251015
"5162",6,41,10,느티나무,ZS,127.081853326,37.461516286
"5163",7,35,7,은행나무,GB,127.043477066,37.47668721
"5164",5,19,4,양버즘나무,PTA,127.014219253,37.516269666
"5165",5,13,4,은행나무,GB,127.025079304,37.470068533
"5166",6,24,3,메타세쿼이아,TB,127.02799336,37.467139384
"5167",7,18,3,양버즘나무,PTA,127.012699933,37.513574695
"5168",15,38,8,양버즘나무,PTA,126.982279764,37.484280966
"5169",12,43,8,양버즘나무,PTA,127.00932666,37.492209557
"5170",9,27,5,양버즘나무,PTA,127.003872212,37.482525168
"5171",12,23,6,느티나무,ZS,127.02897281,37.483651108
"5172",4,6,2,왕벚나무,PS,127.056164014,37.44696618
"5173",12,27,5,양버즘나무,PTA,126.987319335,37.505160945
"5174",9,24,10,양버즘나무,PTA,126.995763569,37.484592461
"5175",6,10,2,은행나무,GB,127.000029133,37.500612868
"5176",13,27,7,양버즘나무,PTA,127.022708824,37.496556933
"5177",11,33,8,양버즘나무,PTA,126.982060596,37.480309848
"5178",9,23,6,은행나무,GB,127.010818271,37.509649215
"5179",7,8,3,메타세쿼이아,TB,127.043009044,37.479777717
"5180",10,25,6,양버즘나무,PTA,127.024881946,37.496977925
"5181",7,14,2,은행나무,GB,127.03639827,37.460493493
"5182",7,15,6,은행나무,GB,127.046848612,37.473628116
"5183",11,28,4,가중나무,AA,127.012484521,37.51588261
"5184",12,32,6,양버즘나무,PTA,126.982865665,37.491308528
"5185",7,17,5,은행나무,GB,126.981981316,37.475041643
"5186",8,31,6,은행나무,GB,127.017302654,37.515471612
"5187",10,19,5,느티나무,ZS,127.036998673,37.481295271
"5188",7,11,2,은행나무,GB,127.008516976,37.508483587
"5189",13,38,12,가중나무,AA,127.012664394,37.515947931
"5190",12,41,6,양버즘나무,PTA,126.992415673,37.502354041
"5191",12,33,6,양버즘나무,PTA,126.990790651,37.48454159
"5192",7,15,4,은행나무,GB,127.035341914,37.460452664
"5193",10,32,6,양버즘나무,PTA,127.025999473,37.497579234
"5194",9,21,7,양버즘나무,PTA,127.015410967,37.519490429
"5195",12,46,12,양버즘나무,PTA,126.985365111,37.498856373
"5196",10,47,10,양버즘나무,PTA,126.994596007,37.498444531
"5197",12,37,6,양버즘나무,PTA,126.983009302,37.49549256
"5198",14,24,5,양버즘나무,PTA,127.003910661,37.50140464
"5199",15,32,7,양버즘나무,PTA,127.018517052,37.495301077
"5200",13,31,5,양버즘나무,PTA,126.990261093,37.485561444
"5201",6,31,10,느티나무,ZS,127.01745678,37.458317979
"5202",8,24,6,느티나무,ZS,127.059187006,37.4574329
"5203",7,22,6,은행나무,GB,127.043036397,37.473488233
"5204",8,25,5,메타세쿼이아,TB,127.029408109,37.469270354
"5205",8,23,2,양버즘나무,PTA,127.012735447,37.51363306
"5206",8,16,6,양버즘나무,PTA,127.010550767,37.498735412
"5207",12,35,7,양버즘나무,PTA,127.008209249,37.50699479
"5208",6,16,4,은행나무,GB,127.052475833,37.451132161
"5209",5,13,4,은행나무,GB,127.024611376,37.469550338
"5210",6,13,3,은행나무,GB,127.048922712,37.473357256
"5211",9,22,1,은행나무,GB,127.014156413,37.484692713
"5212",7,28,5,느티나무,ZS,127.051838794,37.460398063
"5213",7,27,4,양버즘나무,PTA,127.032151653,37.474496239
"5214",7,25,5,은행나무,GB,127.043038456,37.474183371
"5215",3,19,5,단풍나무,MP,127.010672927,37.493740133
"5216",8,36,10,양버즘나무,PTA,127.03029507,37.491889915
"5217",7,15,2,은행나무,GB,127.035843316,37.460195215
"5218",6,21,5,칠엽수,AC,127.012636688,37.497709717
"5219",6,24,7,느티나무,ZS,127.014348782,37.457585567
"5220",5,16,2,느티나무,ZS,126.992937795,37.487594426
"5221",5,16,4,은행나무,GB,127.053424082,37.449608734
"5222",3,8,2,단풍나무,MP,126.984984907,37.485837777
"5223",8,21,5,메타세쿼이아,TB,127.029817614,37.469739941
"5224",3,21,6,단풍나무,MP,127.010793565,37.493501976
"5225",5,10,2,메타세쿼이아,TB,127.006318929,37.477082978
"5226",5,29,5,메타세쿼이아,TB,127.024995272,37.464489198
"5227",8,28,5,양버즘나무,PTA,127.026098203,37.493226116
"5228",8,23,5,느티나무,ZS,127.059675331,37.45741086
"5229",6,17,3,은행나무,GB,127.047065836,37.459140336
"5230",7,15,5,칠엽수,AC,127.012870596,37.496681117
"5231",5,12,3,은행나무,GB,127.052935688,37.450277677
"5232",10,24,4,양버즘나무,PTA,127.034279253,37.475379956
"5233",7,20,4,양버즘나무,PTA,127.040752421,37.468080299
"5234",7,13,3,은행나무,GB,127.035711546,37.460245477
"5235",8,21,3,은행나무,GB,127.017588592,37.500992387
"5236",14,30,7,양버즘나무,PTA,127.019214616,37.495518523
"5237",7,21,5,칠엽수,AC,127.011383773,37.503141268
"5238",13,34,6,양버즘나무,PTA,127.005140102,37.496662439
"5239",12,27,7,양버즘나무,PTA,127.017914199,37.495117157
"5240",9,21,4,양버즘나무,PTA,127.004402747,37.487243027
"5241",8,18,4,칠엽수,AC,127.01207798,37.500149386
"5242",8,32,8,칠엽수,AC,127.012284189,37.500402393
"5243",7,14,3,은행나무,GB,126.987402357,37.497426125
"5244",11,19,5,양버즘나무,PTA,127.028668009,37.49272356
"5245",7,22,5,양버즘나무,PTA,127.029896749,37.488917449
"5246",9,21,5,양버즘나무,PTA,127.015120717,37.487181062
"5247",8,15,3,느티나무,ZS,127.046218281,37.462742449
"5248",9,12,2,은행나무,GB,127.00993433,37.512093331
"5249",12,29,8,양버즘나무,PTA,127.000066315,37.507690533
"5250",7,18,7,은행나무,GB,127.042483946,37.473218235
"5251",12,40,12,양버즘나무,PTA,126.985066248,37.498797529
"5252",6,12,2,메타세쿼이아,TB,126.998340338,37.473609278
"5253",9,32,8,느티나무,ZS,127.034849148,37.484341675
"5254",7,17,4,은행나무,GB,127.047702034,37.468820835
"5255",7,15,4,은행나무,GB,127.040232664,37.478803082
"5256",11,29,5,양버즘나무,PTA,127.011007348,37.487214461
"5257",6,44,10,느티나무,ZS,127.030422314,37.484186966
"5258",12,45,8,가중나무,AA,127.008264054,37.508446019
"5259",6,20,5,은행나무,GB,127.046184827,37.461108321
"5260",6,19,6,은행나무,GB,127.010790343,37.512599681
"5261",13,34,6,양버즘나무,PTA,126.991210941,37.483889017
"5262",5,14,3,은행나무,GB,127.028594043,37.472596747
"5263",6,16,3,은행나무,GB,127.051838996,37.452438209
"5264",10,29,4,양버즘나무,PTA,126.987233372,37.490546169
"5265",10,38,13,양버즘나무,PTA,127.023401202,37.506304238
"5266",7,21,4,양버즘나무,PTA,127.031963772,37.474420405
"5267",12,27,5,양버즘나무,PTA,127.004990053,37.490380766
"5268",6,35,10,느티나무,ZS,127.031568503,37.484342611
"5269",12,30,6,양버즘나무,PTA,127.011446715,37.483710421
"5270",7,25,8,은행나무,GB,127.046794896,37.473679613
"5271",12,43,8,양버즘나무,PTA,126.986004373,37.491122424
"5272",5,12,3,은행나무,GB,127.024684561,37.469630787
"5273",9,19,4,은행나무,GB,127.010463707,37.51032106
"5274",10,50,12,느티나무,ZS,127.008631105,37.478207479
"5275",8,19,5,양버즘나무,PTA,127.014263279,37.489669566
"5276",12,34,6,메타세쿼이아,TB,127.013880279,37.515695659
"5277",7,20,5,은행나무,GB,127.026205391,37.470903922
"5278",7,12,2,은행나무,GB,127.036821561,37.460266392
"5279",8,28,6,느티나무,ZS,127.082398624,37.463466714
"5280",6,29,8,느티나무,ZS,127.016292277,37.484742455
"5281",7,13,2,은행나무,GB,127.03834891,37.458953992
"5282",8,24,6,메타세쿼이아,TB,127.022490007,37.500417889
"5283",7,18,3,칠엽수,AC,127.012883934,37.49776826
"5284",10,23,5,양버즘나무,PTA,127.029538841,37.485824911
"5285",8,20,6,느티나무,ZS,127.078775226,37.45968498
"5286",7,23,6,은행나무,GB,127.048139351,37.474111401
"5287",5,10,2,메타세쿼이아,TB,127.004674961,37.476300327
"5288",6,20,4,느티나무,ZS,127.030931399,37.473642838
"5289",9,23,4,양버즘나무,PTA,127.006352896,37.479053208
"5290",6,25,6,느티나무,ZS,126.982453184,37.476651678
"5291",6,34,7,느티나무,ZS,127.082064309,37.461779982
"5292",10,21,4,양버즘나무,PTA,127.004153827,37.486786834
"5293",5,13,3,은행나무,GB,127.024379715,37.471387422
"5294",0,9,0,느티나무,ZS,127.014684016,37.481309201
"5295",8,31,8,느티나무,ZS,127.06979141,37.456573116
"5296",7,12,3,은행나무,GB,127.028336386,37.488147069
"5297",9,19,5,칠엽수,AC,127.01106902,37.503212988
"5298",6,10,1,은행나무,GB,127.049438252,37.455971571
"5299",12,26,5,양버즘나무,PTA,126.982833663,37.490313571
"5300",6,12,2,메타세쿼이아,TB,126.998107196,37.473553727
"5301",9,37,7,양버즘나무,PTA,127.011960858,37.513016606
"5302",12,30,6,양버즘나무,PTA,126.989072211,37.495186842
"5303",13,23,8,양버즘나무,PTA,127.034901202,37.484158755
"5304",7,13,4,은행나무,GB,127.048176423,37.469615562
"5305",5,10,2,메타세쿼이아,TB,126.995876054,37.47368879
"5306",12,34,12,가중나무,AA,127.009875692,37.516416593
"5307",10,31,6,양버즘나무,PTA,126.982315214,37.484672172
"5308",4,32,6,느티나무,ZS,127.083557562,37.461074325
"5309",10,16,5,은행나무,GB,126.998376332,37.49757454
"5310",11,29,7,양버즘나무,PTA,127.008535954,37.491964279
"5311",5,12,2,은행나무,GB,127.022158865,37.490593648
"5312",14,32,8,가중나무,AA,127.012765417,37.519325002
"5313",10,27,5,양버즘나무,PTA,126.988655394,37.488057504
"5314",6,18,8,양버즘나무,PTA,127.022036438,37.496240909
"5315",8,31,5,양버즘나무,PTA,126.989810934,37.478992718
"5316",6,18,5,은행나무,GB,127.046958184,37.468282317
"5317",11,14,2,메타세쿼이아,TB,127.002209952,37.505512337
"5318",7,14,4,은행나무,GB,127.003576013,37.507614418
"5319",6,20,3,은행나무,GB,127.040311856,37.468853665
"5320",7,17,4,은행나무,GB,127.047961069,37.457337226
"5321",10,40,6,양버즘나무,PTA,127.006152774,37.494595051
"5322",8,23,5,양버즘나무,PTA,127.014277025,37.489592005
"5323",9,20,5,양버즘나무,PTA,127.01793702,37.489464194
"5324",4,14,3,느티나무,ZS,126.983688372,37.485654383
"5325",11,19,4,양버즘나무,PTA,127.021253116,37.4864948
"5326",8,14,2,은행나무,GB,126.983257193,37.471916594
"5327",7,13,3,은행나무,GB,127.050162817,37.455157329
"5328",11,32,7,양버즘나무,PTA,127.010500515,37.492843107
"5329",6,13,2,은행나무,GB,126.998133072,37.499544732
"5330",8,20,3,느티나무,ZS,127.039261797,37.469102134
"5331",6,20,4,양버즘나무,PTA,127.040448303,37.46837071
"5332",10,25,5,양버즘나무,PTA,127.025868348,37.493310801
"5333",15,26,4,양버즘나무,PTA,127.041924451,37.480966116
"5334",11,36,12,양버즘나무,PTA,126.995444703,37.498784094
"5335",7,39,5,양버즘나무,PTA,127.025517926,37.49160216
"5336",6,14,4,은행나무,GB,127.042462527,37.470448803
"5337",8,23,5,느티나무,ZS,127.08201815,37.461097055
"5338",7,21,6,느티나무,ZS,127.06673255,37.455576274
"5339",15,40,8,양버즘나무,PTA,126.982276953,37.484221328
"5340",5,16,2,느티나무,ZS,127.041858499,37.465110322
"5341",6,16,4,은행나무,GB,127.048003807,37.469037665
"5342",7,18,5,은행나무,GB,127.043282071,37.470894826
"5343",11,45,7,양버즘나무,PTA,127.012110692,37.483113671
"5344",7,12,3,은행나무,GB,127.05069111,37.471508926
"5345",6,20,4,느티나무,ZS,127.039688841,37.469303751
"5346",7,28,6,은행나무,GB,127.018135815,37.515740815
"5347",3,21,5,단풍나무,MP,127.01057902,37.493934858
"5348",6,10,1,은행나무,GB,127.036544029,37.460777192
"5349",14,37,6,양버즘나무,PTA,127.004031632,37.500765793
"5350",14,25,6,은행나무,GB,127.043145305,37.481172907
"5351",9,24,8,은행나무,GB,126.998315859,37.496648784
"5352",5,15,4,은행나무,GB,127.025038828,37.470991305
"5353",7,37,8,느티나무,ZS,127.031465103,37.483950304
"5354",5,16,4,느티나무,ZS,127.041855159,37.466427376
"5355",6,19,6,은행나무,GB,127.044659855,37.477816088
"5356",9,27,3,은행나무,GB,126.986699286,37.501700172
"5357",9,17,5,양버즘나무,PTA,127.026674824,37.491638301
"5358",8,22,6,양버즘나무,PTA,127.015520628,37.48604562
"5359",13,29,10,가중나무,AA,127.006482477,37.511765485
"5360",8,16,5,은행나무,GB,127.005310318,37.509919168
"5361",8,18,5,은행나무,GB,127.010868305,37.512637664
"5362",12,35,10,양버즘나무,PTA,127.000181721,37.506458098
"5363",6,27,8,칠엽수,AC,127.0133108,37.494835797
"5364",13,38,6,양버즘나무,PTA,126.992199698,37.482359256
"5365",6,12,1,은행나무,GB,127.058280294,37.443876309
"5366",11,23,10,양버즘나무,PTA,127.03081625,37.490791757
"5367",7,17,5,은행나무,GB,126.987538722,37.467202977
"5368",8,25,5,느티나무,ZS,127.077679364,37.459329762
"5369",6,36,10,느티나무,ZS,127.015462478,37.45739407
"5370",10,34,11,양버즘나무,PTA,127.03104922,37.490305146
"5371",7,23,5,은행나무,GB,127.045067953,37.474823845
"5372",6,30,6,메타세쿼이아,TB,127.023410853,37.463118469
"5373",7,30,5,메타세쿼이아,TB,127.021837558,37.46173213
"5374",8,22,4,느티나무,ZS,127.071165755,37.456948791
"5375",15,26,5,양버즘나무,PTA,127.025490944,37.487785397
"5376",7,22,2,양버즘나무,PTA,127.033297208,37.474890383
"5377",5,8,3,왕벚나무,PS,127.051545782,37.453029745
"5378",7,13,2,은행나무,GB,127.035855971,37.460230113
"5379",7,17,4,은행나무,GB,127.004026223,37.507009016
"5380",5,20,4,느티나무,ZS,126.989116185,37.47933704
"5381",9,21,4,양버즘나무,PTA,127.035081862,37.475773084
"5382",8,11,4,은행나무,GB,127.009946028,37.512243753
"5383",12,33,8,양버즘나무,PTA,126.99116386,37.491529991
"5384",8,27,4,양버즘나무,PTA,127.034463067,37.464307022
"5385",8,23,6,느티나무,ZS,127.002524774,37.503479929
"5386",13,32,10,양버즘나무,PTA,127.029165552,37.494249261
"5387",14,45,12,가중나무,AA,127.008701632,37.508149613
"5388",7,15,6,은행나무,GB,127.050877627,37.45408929
"5389",14,16,4,은행나무,GB,127.015403918,37.501756751
"5390",14,45,8,양버즘나무,PTA,127.007073723,37.493503204
"5391",11,32,5,양버즘나무,PTA,127.011002735,37.484106115
"5392",0,9,0,느티나무,ZS,127.01955542,37.48267326
"5393",10,35,8,양버즘나무,PTA,127.010100357,37.486493945
"5394",10,23,8,양버즘나무,PTA,127.009620312,37.512203916
"5395",8,20,8,메타세쿼이아,TB,127.035709327,37.473955044
"5396",12,35,10,양버즘나무,PTA,126.999621234,37.507686042
"5397",8,10,3,은행나무,GB,127.02581339,37.493910833
"5398",3,27,6,느티나무,ZS,127.068402962,37.45647458
"5399",11,36,7,메타세쿼이아,TB,127.040999268,37.475026466
"5400",4,15,4,은행나무,GB,127.012289223,37.482752483
"5401",13,29,12,가중나무,AA,127.0135316,37.519745212
"5402",7,18,4,은행나무,GB,127.047756352,37.45754424
"5403",7,15,2,은행나무,GB,126.986981444,37.489318949
"5404",0,9,0,느티나무,ZS,127.01509843,37.481434099
"5405",11,21,5,양버즘나무,PTA,127.013347424,37.513969786
"5406",12,32,10,양버즘나무,PTA,126.999031106,37.508892222
"5407",7,26,4,느티나무,ZS,127.052240019,37.460226086
"5408",11,30,6,양버즘나무,PTA,126.983676933,37.490958158
"5409",6,16,3,은행나무,GB,127.051916638,37.452273089
"5410",13,39,10,가중나무,AA,127.013262644,37.515604365
"5411",5,13,5,단풍나무,MP,127.010448469,37.49420167
"5412",6,18,5,은행나무,GB,127.046585165,37.472353402
"5413",9,21,5,양버즘나무,PTA,127.027910024,37.492343032
"5414",5,25,6,느티나무,ZS,127.067575713,37.455849705
"5415",8,25,7,양버즘나무,PTA,127.038460495,37.476941713
"5416",10,39,8,메타세쿼이아,TB,127.036474604,37.474448591
"5417",4,17,3,느티나무,ZS,127.045184598,37.463945551
"5418",4,12,3,회화나무,STJ,127.015730627,37.520365673
"5419",13,38,6,양버즘나무,PTA,127.005525726,37.495873123
"5420",6,12,3,은행나무,GB,127.058153711,37.444068422
"5421",6,24,5,양버즘나무,PTA,126.993257198,37.480894244
"5422",5,8,3,왕벚나무,PS,127.048578545,37.456622239
"5423",11,31,5,양버즘나무,PTA,127.027588035,37.492390912
"5424",6,31,6,느티나무,ZS,127.015547227,37.48121886
"5425",10,35,7,양버즘나무,PTA,126.991560178,37.483347305
"5426",7,10,3,은행나무,GB,126.983423281,37.496976539
"5427",6,11,1,은행나무,GB,127.036593061,37.460813252
"5428",6,21,5,느티나무,ZS,127.015942695,37.481333345
"5429",8,35,10,느티나무,ZS,127.013930058,37.48053737
"5430",9,30,6,느티나무,ZS,127.060364335,37.456739696
"5431",10,32,7,양버즘나무,PTA,127.026560289,37.497769926
"5432",9,28,5,양버즘나무,PTA,127.025104153,37.494922973
"5433",8,18,3,은행나무,GB,127.010002749,37.483909281
"5434",5,16,3,느티나무,ZS,126.990751028,37.474648711
"5435",13,36,6,양버즘나무,PTA,127.008033404,37.490758576
"5436",7,18,3,은행나무,GB,127.047026837,37.47345712
"5437",13,36,10,양버즘나무,PTA,126.991704727,37.498040989
"5438",9,31,6,양버즘나무,PTA,127.023607207,37.498067511
"5439",9,28,5,양버즘나무,PTA,126.993303273,37.480637557
"5440",13,16,5,양버즘나무,PTA,127.038484316,37.47973592
"5441",4,16,4,은행나무,GB,127.012184082,37.4829634
"5442",12,13,2,메타세쿼이아,TB,127.041293105,37.475130124
"5443",13,23,6,양버즘나무,PTA,127.002338752,37.503180413
"5444",7,36,10,양버즘나무,PTA,127.007539709,37.503576534
"5445",8,21,6,양버즘나무,PTA,127.021997105,37.501437511
"5446",5,19,4,느티나무,ZS,126.982599456,37.485753602
"5447",8,26,6,느티나무,ZS,127.064842252,37.455525325
"5448",4,17,3,느티나무,ZS,127.043504264,37.465585753
"5449",6,26,5,메타세쿼이아,TB,127.025983883,37.465390533
"5450",5,14,4,느티나무,ZS,126.994047911,37.487652884
"5451",14,39,12,가중나무,AA,127.01329802,37.519623191
"5452",6,18,4,은행나무,GB,127.045954581,37.468009672
"5453",9,30,6,양버즘나무,PTA,127.038883255,37.47695006
"5454",6,16,4,양버즘나무,PTA,127.040586536,37.468245719
"5455",6,27,5,메타세쿼이아,TB,127.02290824,37.462726664
"5456",8,16,4,은행나무,GB,127.010702572,37.512498507
"5457",8,26,6,느티나무,ZS,127.082239107,37.463431348
"5458",5,12,3,은행나무,GB,127.04965567,37.455619614
"5459",7,10,4,은행나무,GB,127.052244683,37.45133593
"5460",6,10,2,칠엽수,AC,127.012686043,37.497500215
"5461",11,45,8,양버즘나무,PTA,127.010066858,37.492441406
"5462",8,24,5,양버즘나무,PTA,127.015298554,37.486393449
"5463",6,10,2,은행나무,GB,127.065819384,37.434905003
"5464",6,20,4,메타세쿼이아,TB,127.026801539,37.465923033
"5465",9,14,4,양버즘나무,PTA,127.012088108,37.513081334
"5466",11,30,7,양버즘나무,PTA,126.98298115,37.494587271
"5467",7,16,3,은행나무,GB,127.049684108,37.470487571
"5468",7,23,5,은행나무,GB,127.050039858,37.472279582
"5469",6,32,8,느티나무,ZS,127.048537314,37.462002134
"5470",5,26,6,느티나무,ZS,127.044136484,37.464351733
"5471",8,33,8,느티나무,ZS,127.032425208,37.48413557
"5472",13,35,10,느티나무,ZS,127.09115255,37.463842372
"5473",11,33,11,양버즘나무,PTA,126.997192245,37.49948031
"5474",8,10,1,은행나무,GB,127.010856971,37.512519685
"5475",7,19,3,양버즘나무,PTA,127.012143511,37.513366318
"5476",6,19,5,칠엽수,AC,127.013185387,37.496457682
"5477",6,20,6,칠엽수,AC,127.013015288,37.496076847
"5478",4,24,5,양버즘나무,PTA,127.014209388,37.491506415
"5479",8,27,8,양버즘나무,PTA,127.007026381,37.50337533
"5480",8,21,8,양버즘나무,PTA,127.026406783,37.497590394
"5481",6,14,3,은행나무,GB,127.047816876,37.474427379
"5482",6,17,5,은행나무,GB,127.045365348,37.467125451
"5483",7,26,5,양버즘나무,PTA,126.990242139,37.478938945
"5484",6,18,4,느티나무,ZS,127.016285797,37.484836598
"5485",7,19,6,은행나무,GB,127.028549665,37.472407364
"5486",10,35,5,양버즘나무,PTA,127.004540166,37.482420152
"5487",9,22,4,느티나무,ZS,127.059982585,37.456905735
"5488",5,19,5,느티나무,ZS,127.015878595,37.481317192
"5489",14,29,8,양버즘나무,PTA,126.982032474,37.479316161
"5490",6,15,3,은행나무,GB,126.988341979,37.4654447
"5491",8,33,8,느티나무,ZS,127.030151739,37.483819249
"5492",5,14,5,느티나무,ZS,127.003138593,37.475899341
"5493",8,14,6,은행나무,GB,127.021636608,37.502601772
"5494",9,20,8,양버즘나무,PTA,127.038461869,37.477683945
"5495",7,32,6,느티나무,ZS,127.052476843,37.460122493
"5496",5,19,4,은행나무,GB,127.025062126,37.471576003
"5497",8,23,8,은행나무,GB,127.018633721,37.515898585
"5520",5,12,2,메타세쿼이아,TB,127.004442003,37.476533392
"5498",7,23,5,양버즘나무,PTA,127.003519855,37.48266418
"5499",10,29,10,양버즘나무,PTA,127.024904904,37.503156685
"5500",12,31,8,양버즘나무,PTA,127.013442053,37.493936425
"5501",11,24,7,양버즘나무,PTA,126.99243356,37.489471106
"5502",11,32,7,양버즘나무,PTA,126.98956081,37.492437798
"5503",8,36,9,양버즘나무,PTA,127.011933818,37.513002644
"5504",6,29,8,느티나무,ZS,127.023722927,37.460148059
"5505",4,16,2,은행나무,GB,127.029651438,37.493083896
"5506",5,12,4,은행나무,GB,127.027029033,37.471616538
"5507",7,16,3,은행나무,GB,127.049279476,37.456120212
"5508",12,39,8,양버즘나무,PTA,126.989268316,37.501694543
"5509",8,24,6,메타세쿼이아,TB,127.022695643,37.499996636
"5510",8,14,4,메타세쿼이아,TB,127.012502442,37.508541245
"5511",8,29,8,칠엽수,AC,127.011820823,37.501258162
"5512",9,28,7,양버즘나무,PTA,127.038400956,37.476641716
"5513",5,26,6,느티나무,ZS,127.04456821,37.463956836
"5514",7,19,4,은행나무,GB,127.034915526,37.460276015
"5515",10,28,4,양버즘나무,PTA,127.005490892,37.491301772
"5516",10,23,8,양버즘나무,PTA,127.041236137,37.466946251
"5517",8,25,6,느티나무,ZS,127.062147748,37.45615991
"5518",13,34,10,느티나무,ZS,127.091905199,37.464070648
"5519",8,25,5,느티나무,ZS,127.047364581,37.462320807
"5521",7,17,3,은행나무,GB,127.003495686,37.508121826
"5522",8,19,6,양버즘나무,PTA,127.038883514,37.476599641
"5523",8,21,3,은행나무,GB,127.017925924,37.500871953
"5524",7,18,5,은행나무,GB,127.011483694,37.512932729
"5525",7,14,4,은행나무,GB,127.01033506,37.51232123
"5526",11,29,7,양버즘나무,PTA,127.001474052,37.475437621
"5527",9,34,6,양버즘나무,PTA,127.003694653,37.500638014
"5528",10,28,4,양버즘나무,PTA,127.038311191,37.47966699
"5529",14,32,12,느티나무,ZS,127.089131477,37.463179024
"5530",7,32,5,메타세쿼이아,TB,127.021480505,37.461464469
"5531",7,20,8,회화나무,STJ,127.010162783,37.503785337
"5532",7,12,3,은행나무,GB,126.996392789,37.494107706
"5533",8,17,3,은행나무,GB,126.994245025,37.493881822
"5534",12,38,8,양버즘나무,PTA,127.009352348,37.488819702
"5535",8,27,5,양버즘나무,PTA,127.027605989,37.490076385
"5536",4,35,8,느티나무,ZS,127.06805124,37.456361286
"5537",6,14,3,은행나무,GB,126.997012544,37.482297858
"5538",6,26,6,느티나무,ZS,127.054512156,37.459436589
"5539",7,16,3,은행나무,GB,127.047882272,37.469402063
"5540",6,15,4,은행나무,GB,127.048294257,37.469252016
"5541",10,28,6,양버즘나무,PTA,127.03396545,37.468258039
"5542",9,34,10,양버즘나무,PTA,127.008860363,37.511569554
"5543",8,44,8,양버즘나무,PTA,127.037971423,37.469329511
"5544",6,26,5,메타세쿼이아,TB,127.021594656,37.461738532
"5545",6,20,4,메타세쿼이아,TB,127.021787032,37.461881825
"5546",10,23,8,양버즘나무,PTA,127.037184561,37.469169282
"5547",13,40,10,느티나무,ZS,127.091258978,37.463873605
"5548",7,19,5,양버즘나무,PTA,127.015276823,37.488503735
"5549",12,31,7,양버즘나무,PTA,127.00730523,37.506725597
"5550",13,24,6,양버즘나무,PTA,126.991028006,37.484173426
"5551",8,24,5,양버즘나무,PTA,126.994147852,37.480455263
"5552",9,26,5,양버즘나무,PTA,127.028884809,37.487397105
"5553",6,32,6,메타세쿼이아,TB,127.023233046,37.462782803
"5554",11,41,8,양버즘나무,PTA,127.009605682,37.488301343
"5555",7,51,10,느티나무,ZS,127.030769852,37.484232299
"5556",9,23,4,양버즘나무,PTA,127.004461666,37.487620378
"5557",13,37,6,양버즘나무,PTA,126.990848578,37.484458287
"5558",6,47,8,느티나무,ZS,127.024223219,37.460392188
"5559",11,34,8,양버즘나무,PTA,127.016720576,37.494749082
"5560",4,27,4,양버즘나무,PTA,127.014258982,37.491212197
"5561",9,20,5,양버즘나무,PTA,127.004106125,37.482570548
"5562",8,25,8,회화나무,STJ,127.010040327,37.504002793
"5563",0,10,0,느티나무,ZS,127.027485111,37.483778239
"5564",8,26,6,양버즘나무,PTA,127.015791175,37.485592815
"5565",7,25,3,양버즘나무,PTA,127.010746165,37.512733803
"5566",9,29,5,양버즘나무,PTA,127.023480145,37.498676701
"5567",10,18,7,느티나무,ZS,127.031755225,37.482621202
"5568",6,15,5,은행나무,GB,127.025747158,37.47076699
"5569",10,27,7,양버즘나무,PTA,127.014861029,37.517987085
"5570",7,10,2,은행나무,GB,126.983946443,37.470786375
"5571",12,37,12,가중나무,AA,127.006489387,37.513423189
"5572",10,30,7,양버즘나무,PTA,127.018914417,37.510238176
"5573",7,29,7,은행나무,GB,127.044666915,37.472601684
"5574",6,23,6,은행나무,GB,127.04183321,37.469899808
"5575",7,8,2,은행나무,GB,127.036541756,37.460376693
"5576",9,27,5,양버즘나무,PTA,126.995477107,37.480890046
"5577",10,28,8,양버즘나무,PTA,127.032849223,37.469452269
"5578",7,29,8,느티나무,ZS,127.050566302,37.461368462
"5579",4,22,4,느티나무,ZS,127.044291727,37.464761677
"5580",7,27,5,은행나무,GB,127.04489156,37.475509689
"5581",8,15,2,은행나무,GB,126.99492706,37.493979505
"5582",10,20,5,메타세쿼이아,TB,127.042525901,37.476563084
"5583",12,44,10,양버즘나무,PTA,126.999794067,37.507319411
"5584",10,31,10,양버즘나무,PTA,127.00251576,37.502258953
"5585",8,21,4,양버즘나무,PTA,127.014719332,37.509273015
"5586",8,38,6,양버즘나무,PTA,127.007641922,37.506824382
"5587",6,43,12,느티나무,ZS,127.030828653,37.483911331
"5588",12,26,6,양버즘나무,PTA,127.002632967,37.502819914
"5589",8,23,6,느티나무,ZS,127.059496693,37.457301178
"5590",8,17,6,양버즘나무,PTA,127.034176597,37.464498129
"5591",7,19,4,은행나무,GB,127.028819036,37.472572189
"5592",6,10,3,은행나무,GB,126.983394168,37.496903048
"5593",12,35,6,양버즘나무,PTA,126.988742268,37.495337484
"5594",0,9,0,느티나무,ZS,127.010098943,37.479338181
"5595",12,28,5,양버즘나무,PTA,127.029015206,37.487132435
"5596",12,28,5,양버즘나무,PTA,127.02852263,37.487765122
"5597",10,18,3,양버즘나무,PTA,127.013486042,37.514010769
"5598",4,15,4,느티나무,ZS,126.993348993,37.487770804
"5599",6,26,6,느티나무,ZS,127.014856005,37.48101209
"5600",0,9,0,느티나무,ZS,127.011397439,37.479996628
"5601",9,22,5,양버즘나무,PTA,127.019249867,37.510594725
"5602",9,8,1,양버즘나무,PTA,127.013395547,37.513612616
"5603",7,14,2,은행나무,GB,127.003876361,37.506987948
"5604",9,25,5,양버즘나무,PTA,127.015335114,37.486800381
"5605",8,37,10,느티나무,ZS,127.031564368,37.482698834
"5606",9,24,9,양버즘나무,PTA,127.000550897,37.477316722
"5607",7,28,5,양버즘나무,PTA,127.008496084,37.507419776
"5608",6,29,8,칠엽수,AC,127.012933463,37.496423121
"5609",10,26,10,양버즘나무,PTA,126.993203381,37.498092044
"5610",5,8,2,메타세쿼이아,TB,126.988289545,37.475047252
"5611",6,14,4,은행나무,GB,126.987737149,37.461121233
"5612",0,8,0,느티나무,ZS,127.035315319,37.484583521
"5613",6,18,4,은행나무,GB,127.046364202,37.467850969
"5614",9,31,6,양버즘나무,PTA,127.024511487,37.496159986
"5615",6,35,8,느티나무,ZS,127.025529107,37.460074344
"5616",0,9,0,느티나무,ZS,127.01239924,37.480506661
"5617",9,16,3,양버즘나무,PTA,127.017874575,37.485452221
"5618",9,24,6,느티나무,ZS,127.080169576,37.460396664
"5619",3,7,2,은행나무,GB,127.014314466,37.516907837
"5620",7,19,5,은행나무,GB,127.043950859,37.466561825
"5621",6,36,10,느티나무,ZS,127.03052507,37.48420034
"5622",8,24,5,양버즘나무,PTA,127.015031675,37.486816758
"5623",8,13,2,은행나무,GB,127.009986883,37.512116182
"5624",7,19,4,은행나무,GB,126.991539522,37.493217024
"5625",15,37,6,양버즘나무,PTA,126.9938795,37.503023031
"5626",11,46,8,양버즘나무,PTA,127.014609711,37.494107743
"5627",7,31,6,은행나무,GB,127.046768561,37.473817943
"5628",12,33,10,가중나무,AA,127.013015262,37.515741141
"5629",9,34,6,느티나무,ZS,127.07306481,37.458124467
"5630",7,12,3,메타세쿼이아,TB,127.041782725,37.478342453
"5631",9,30,6,느티나무,ZS,127.014694272,37.484233696
"5632",5,12,3,왕벚나무,PS,127.035650609,37.477940606
"5633",11,26,8,양버즘나무,PTA,127.009953055,37.49240248
"5634",7,17,2,은행나무,GB,127.043819769,37.473420918
"5635",14,37,6,양버즘나무,PTA,126.990657833,37.484752332
"5636",6,11,3,은행나무,GB,127.056045493,37.446915231
"5637",7,16,3,은행나무,GB,127.044466514,37.472938604
"5638",12,38,8,양버즘나무,PTA,126.997902223,37.488897867
"5639",6,23,6,느티나무,ZS,126.985326582,37.476149776
"5640",11,29,8,양버즘나무,PTA,127.008053678,37.491505171
"5641",4,23,5,느티나무,ZS,126.987443755,37.479458994
"5642",7,34,6,메타세쿼이아,TB,127.020851504,37.460988714
"5643",6,10,2,은행나무,GB,127.005805441,37.502885795
"5644",11,34,7,양버즘나무,PTA,126.989318543,37.501935893
"5645",15,19,4,양버즘나무,PTA,127.022602014,37.486687331
"5646",7,15,3,은행나무,GB,126.994928834,37.485888626
"5647",8,27,5,양버즘나무,PTA,127.023575914,37.491021237
"5648",8,30,10,양버즘나무,PTA,127.009919757,37.512062017
"5649",7,12,3,은행나무,GB,127.049608795,37.455662456
"5650",5,12,4,은행나무,GB,127.024940022,37.471495383
"5651",13,23,6,양버즘나무,PTA,127.038881938,37.47850734
"5652",14,28,8,양버즘나무,PTA,127.03805914,37.479435406
"5653",7,15,5,은행나무,GB,127.044710981,37.472560256
"5654",10,28,5,양버즘나무,PTA,127.007569442,37.483229695
"5655",0,9,0,느티나무,ZS,127.01408904,37.481139641
"5656",6,10,2,은행나무,GB,127.00488347,37.502526905
"5657",8,28,10,양버즘나무,PTA,127.006453638,37.50315297
"5658",8,24,6,메타세쿼이아,TB,127.022542421,37.500308558
"5659",8,20,5,양버즘나무,PTA,127.014189264,37.491617267
"5660",8,12,3,은행나무,GB,127.025792023,37.49395337
"5661",6,17,3,은행나무,GB,127.046667663,37.459830088
"5662",7,16,3,은행나무,GB,127.050345887,37.470941415
"5663",11,28,5,양버즘나무,PTA,126.989860882,37.486184689
"5664",9,31,6,느티나무,ZS,127.072983828,37.458100088
"5665",15,45,6,양버즘나무,PTA,126.998952469,37.504473001
"5666",5,14,2,은행나무,GB,127.024282185,37.471613332
"5667",5,15,2,은행나무,GB,127.051387752,37.45334291
"5668",7,35,4,느티나무,ZS,127.046687954,37.462999446
"5669",9,10,2,은행나무,GB,127.025032202,37.495078504
"5670",4,23,5,느티나무,ZS,126.989839295,37.486598634
"5671",12,24,6,양버즘나무,PTA,126.989712945,37.494192747
"5672",13,25,3,양버즘나무,PTA,127.037648883,37.481254238
"5673",12,40,6,양버즘나무,PTA,127.009749256,37.507834207
"5674",9,16,4,은행나무,GB,126.989272519,37.501926241
"5675",9,24,8,양버즘나무,PTA,127.034166769,37.4655997
"5676",6,22,5,은행나무,GB,127.046415997,37.468425226
"5677",9,30,5,양버즘나무,PTA,127.004794314,37.481897344
"5678",4,27,7,느티나무,ZS,127.070248529,37.457076127
"5679",8,26,7,양버즘나무,PTA,127.038400353,37.476134463
"5680",8,31,8,양버즘나무,PTA,127.038869031,37.472417571
"5681",8,29,6,은행나무,GB,127.042810637,37.473431409
"5682",11,30,10,양버즘나무,PTA,126.997824762,37.481678206
"5683",4,11,3,회화나무,STJ,127.016369968,37.520674754
"5684",14,39,6,양버즘나무,PTA,126.982016761,37.479459383
"5685",12,42,6,양버즘나무,PTA,127.009861517,37.507868793
"5686",7,24,5,양버즘나무,PTA,127.014863027,37.487856524
"5687",7,29,5,양버즘나무,PTA,126.98937583,37.478529005
"5688",4,24,5,느티나무,ZS,127.044007829,37.466054711
"5689",8,14,4,은행나무,GB,126.982943549,37.49337834
"5690",7,24,7,은행나무,GB,127.045657442,37.474778223
"5691",10,24,6,은행나무,GB,126.998382153,37.497693976
"5692",11,26,5,메타세쿼이아,TB,127.039696183,37.473842982
"5693",7,15,4,은행나무,GB,127.01164955,37.513009823
"5694",12,20,4,양버즘나무,PTA,127.02262014,37.486913955
"5695",4,12,4,은행나무,GB,127.012271104,37.482790202
"5696",6,11,4,은행나무,GB,127.064808151,37.435873852
"5697",7,24,6,은행나무,GB,126.993720548,37.48005316
"5698",5,22,4,느티나무,ZS,126.989167627,37.479332365
"5699",10,38,9,양버즘나무,PTA,127.006187812,37.479006112
"5700",8,29,5,양버즘나무,PTA,127.019160346,37.489681281
"5701",11,21,6,양버즘나무,PTA,127.014446835,37.502491117
"5702",9,22,7,양버즘나무,PTA,127.038920543,37.472230625
"5703",5,14,3,느티나무,ZS,126.983973395,37.476432634
"5704",11,36,10,양버즘나무,PTA,126.998975418,37.509030767
"5705",6,16,3,은행나무,GB,127.046956279,37.459434471
"5706",13,35,10,양버즘나무,PTA,126.989538413,37.498080854
"5707",8,27,5,양버즘나무,PTA,127.013458646,37.488111505
"5708",5,8,3,왕벚나무,PS,127.049307478,37.45609396
"5709",0,21,5,느티나무,ZS,127.038298818,37.477347287
"5710",7,20,6,은행나무,GB,127.00875892,37.511620258
"5711",8,14,4,은행나무,GB,127.012170766,37.513158746
"5712",9,27,5,양버즘나무,PTA,126.992776212,37.48146434
"5713",8,23,4,느티나무,ZS,127.039319528,37.468936407
"5714",6,18,3,은행나무,GB,127.04627221,37.460873176
"5715",7,20,6,칠엽수,AC,127.01314004,37.496647845
"5716",6,15,2,은행나무,GB,127.023558992,37.472098785
"5717",7,13,4,은행나무,GB,126.99514683,37.494010985
"5718",8,19,5,은행나무,GB,127.037749848,37.461944203
"5719",5,15,4,느티나무,ZS,126.992609727,37.487483932
"5720",9,25,6,양버즘나무,PTA,127.013809482,37.492356742
"5721",6,13,4,은행나무,GB,127.048003017,37.457285623
"5722",4,9,3,회화나무,STJ,127.016227779,37.520695253
"5723",8,16,4,은행나무,GB,127.004283207,37.508873745
"5724",4,13,3,은행나무,GB,127.011837133,37.48290568
"5725",12,33,12,가중나무,AA,127.008952737,37.515837942
"5726",9,30,5,양버즘나무,PTA,127.018625625,37.489671545
"5727",8,27,6,양버즘나무,PTA,127.015481783,37.486114618
"5728",15,38,6,양버즘나무,PTA,127.00387147,37.4997008
"5729",10,34,7,메타세쿼이아,TB,127.030370943,37.471989326
"5730",5,14,4,느티나무,ZS,126.994839545,37.488101984
"5731",6,22,3,은행나무,GB,127.043857638,37.473524062
"5732",9,13,2,양버즘나무,PTA,127.013688038,37.514858036
"5733",5,10,2,메타세쿼이아,TB,126.993053806,37.474040849
"5734",6,27,4,느티나무,ZS,127.038960897,37.471997771
"5735",5,15,3,은행나무,GB,127.025239748,37.470250094
"5736",0,9,0,느티나무,ZS,127.010244367,37.47941275
"5737",0,25,5,느티나무,ZS,127.03832338,37.47727676
"5738",7,8,3,은행나무,GB,127.002848886,37.502559756
"5739",6,18,6,느티나무,ZS,127.002624817,37.503360916
"5740",6,27,8,느티나무,ZS,127.014106567,37.457325045
"5741",7,32,6,은행나무,GB,127.044624468,37.475772625
"5742",4,16,3,은행나무,GB,127.038266311,37.477784633
"5743",12,31,6,양버즘나무,PTA,127.003223567,37.505484845
"5744",5,34,5,양버즘나무,PTA,127.013010784,37.487972619
"5745",10,25,8,양버즘나무,PTA,126.998708217,37.480092437
"5746",11,23,7,양버즘나무,PTA,127.014975098,37.518711616
"5747",12,31,8,양버즘나무,PTA,126.997686144,37.488833075
"5748",3,8,4,꽃사과,PRS,126.985707989,37.485709242
"5749",7,21,5,은행나무,GB,127.027618402,37.471836038
"5750",5,9,3,단풍나무,MP,126.991859546,37.487257873
"5751",6,26,6,메타세쿼이아,TB,127.024123754,37.463499807
"5752",12,36,7,양버즘나무,PTA,127.008840959,37.492061417
"5753",6,17,4,은행나무,GB,127.047914917,37.457367453
"5754",8,33,6,느티나무,ZS,127.054826416,37.459115692
"5755",4,29,7,느티나무,ZS,127.070152604,37.457047588
"5756",8,23,4,양버즘나무,PTA,127.031888357,37.474543787
"5757",5,13,4,은행나무,GB,127.025212599,37.470840028
"5758",8,22,5,양버즘나무,PTA,127.015505232,37.484950823
"5759",6,19,6,칠엽수,AC,127.013283947,37.494957707
"5760",8,26,5,양버즘나무,PTA,127.03083994,37.489210002
"5761",8,17,5,양버즘나무,PTA,127.024680817,37.495799007
"5762",6,22,6,느티나무,ZS,126.984429945,37.476354517
"5763",8,21,6,느티나무,ZS,127.066485637,37.455493564
"5764",5,14,3,은행나무,GB,127.025273907,37.470285126
"5765",7,25,5,은행나무,GB,127.045848157,37.471963733
"5766",4,29,4,느티나무,ZS,127.04528933,37.463860703
"5767",6,31,6,느티나무,ZS,127.02103117,37.460497308
"5768",7,9,2,은행나무,GB,127.00981021,37.512178837
"5769",8,19,5,양버즘나무,PTA,126.99226651,37.48243283
"5770",7,18,8,회화나무,STJ,127.010505099,37.503132851
"5771",6,16,4,양버즘나무,PTA,127.042531721,37.466394596
"5772",6,19,5,은행나무,GB,127.053271898,37.449539373
"5773",6,21,6,느티나무,ZS,127.050941246,37.460971202
"5774",10,29,7,은행나무,GB,126.998229271,37.496895587
"5775",12,31,6,양버즘나무,PTA,126.982909673,37.492274929
"5776",7,23,6,칠엽수,AC,127.01354487,37.494978949
"5777",5,10,2,메타세쿼이아,TB,126.993980382,37.473565953
"5778",10,26,10,양버즘나무,PTA,126.992957135,37.498058482
"5779",9,29,5,양버즘나무,PTA,127.039035272,37.470911888
"5780",4,15,4,은행나무,GB,127.011868683,37.48283974
"5781",12,33,6,메타세쿼이아,TB,127.041075543,37.474868626
"5782",9,25,5,양버즘나무,PTA,127.013443323,37.511137718
"5783",6,16,1,은행나무,GB,126.985707707,37.469006598
"5784",4,6,2,왕벚나무,PS,127.05329553,37.449514892
"5785",10,18,5,양버즘나무,PTA,127.015092377,37.488603262
"5786",0,9,0,느티나무,ZS,127.035554056,37.484613235
"5787",10,25,10,양버즘나무,PTA,127.008381404,37.51152047
"5788",8,31,8,느티나무,ZS,127.082226444,37.463198488
"5789",12,28,4,양버즘나무,PTA,126.986554132,37.501452917
"5790",6,16,6,회화나무,STJ,127.010883292,37.502967147
"5791",11,42,8,메타세쿼이아,TB,127.042102774,37.476061712
"5792",6,16,3,은행나무,GB,127.011452829,37.50886221
"5793",7,16,3,은행나무,GB,127.048472938,37.469583663
"5794",12,28,6,양버즘나무,PTA,127.007385598,37.491549016
"5795",10,20,4,양버즘나무,PTA,127.035187665,37.47583549
"5796",8,17,5,은행나무,GB,127.010827005,37.512675801
"5797",4,13,3,느티나무,ZS,126.983997156,37.485689231
"5798",8,38,10,메타세쿼이아,TB,127.028036126,37.467435327
"5799",12,47,12,가중나무,AA,127.011099414,37.516673273
"5800",6,26,6,칠엽수,AC,127.013002645,37.497256881
"5801",9,11,2,은행나무,GB,127.002776676,37.482285566
"5825",8,16,3,은행나무,GB,126.990336238,37.493265488
"5802",14,20,5,양버즘나무,PTA,127.038812408,37.478855244
"5803",4,18,3,은행나무,GB,127.052727231,37.450630885
"5804",9,20,4,느티나무,ZS,127.078317371,37.459332336
"5805",14,37,5,양버즘나무,PTA,127.003873561,37.501608839
"5806",5,8,3,왕벚나무,PS,127.049202992,37.456191545
"5807",7,24,10,양버즘나무,PTA,127.012949069,37.502872947
"5808",10,30,8,양버즘나무,PTA,126.982239294,37.483312311
"5809",9,22,6,느티나무,ZS,127.068912059,37.456456278
"5810",9,18,3,은행나무,GB,127.011089694,37.509153366
"5811",5,11,3,왕벚나무,PS,127.035561666,37.478018187
"5812",12,14,6,은행나무,GB,127.041280919,37.485302894
"5813",8,23,6,느티나무,ZS,127.082404706,37.46333294
"5814",10,36,6,가중나무,AA,127.011830522,37.51625309
"5815",8,16,3,은행나무,GB,127.012870455,37.510242109
"5816",13,48,12,느티나무,ZS,127.0908319,37.463740836
"5817",4,39,10,은행나무,GB,127.026395938,37.500037919
"5818",4,15,3,은행나무,GB,127.012632331,37.481258943
"5819",10,21,10,양버즘나무,PTA,126.999732538,37.478129391
"5820",13,30,5,양버즘나무,PTA,127.041670651,37.480380854
"5821",9,30,6,느티나무,ZS,127.081467227,37.460770654
"5822",5,15,3,은행나무,GB,127.051359094,37.453406805
"5823",8,35,3,양버즘나무,PTA,127.038655604,37.472026288
"5824",5,10,2,메타세쿼이아,TB,127.001316935,37.474693628
"5826",5,10,2,메타세쿼이아,TB,126.990022973,37.474850645
"5827",7,21,5,양버즘나무,PTA,127.001302995,37.482201506
"5828",11,41,14,양버즘나무,PTA,127.031540399,37.489283006
"5829",9,24,5,은행나무,GB,127.011281149,37.509173774
"5830",7,22,4,느티나무,ZS,127.052727552,37.46001424
"5831",11,26,5,양버즘나무,PTA,126.990285084,37.485519516
"5832",12,35,10,양버즘나무,PTA,127.012274148,37.498971941
"5833",9,31,5,양버즘나무,PTA,127.022468019,37.490839246
"5834",6,21,6,은행나무,GB,127.045854098,37.474702837
"5835",15,40,9,튤립나무,LT,126.998490443,37.504299098
"5836",6,37,8,느티나무,ZS,127.02644136,37.46003791
"5837",10,28,6,양버즘나무,PTA,127.033557324,37.468699234
"5838",9,24,5,은행나무,GB,126.998315046,37.498372903
"5839",8,29,5,양버즘나무,PTA,127.025347594,37.49480423
"5840",8,24,4,느티나무,ZS,127.061181832,37.456762229
"5841",9,29,6,양버즘나무,PTA,127.02721235,37.488308242
"5842",9,33,8,느티나무,ZS,127.068352536,37.456258748
"5843",8,27,6,은행나무,GB,127.018198514,37.515761464
"5844",6,27,6,칠엽수,AC,127.013191983,37.495347453
"5845",9,21,5,양버즘나무,PTA,127.015301454,37.486851946
"5846",5,28,6,느티나무,ZS,126.984051266,37.476012363
"5847",10,43,8,양버즘나무,PTA,127.015441818,37.494092476
"5848",7,23,6,칠엽수,AC,127.013530085,37.495036929
"5849",8,28,8,회화나무,STJ,127.01094308,37.502921025
"5850",8,27,4,느티나무,ZS,127.079021913,37.460073308
"5851",8,22,5,은행나무,GB,127.042369738,37.474812647
"5852",8,22,5,양버즘나무,PTA,127.022074368,37.490570958
"5853",9,22,10,양버즘나무,PTA,126.995682082,37.48471968
"5854",9,24,5,양버즘나무,PTA,127.013590243,37.484583399
"5855",9,39,7,양버즘나무,PTA,127.01080565,37.485032978
"5856",4,26,6,느티나무,ZS,127.044440935,37.464622017
"5857",4,15,3,느티나무,ZS,127.000785465,37.474768794
"5858",8,30,10,양버즘나무,PTA,127.006596109,37.503208399
"5859",10,27,6,양버즘나무,PTA,127.036257639,37.477528572
"5860",4,6,2,왕벚나무,PS,127.052799203,37.450259718
"5861",8,32,5,양버즘나무,PTA,127.020462766,37.490227583
"5862",9,24,6,양버즘나무,PTA,127.034125483,37.466226336
"5863",7,14,1,은행나무,GB,127.036004876,37.460892973
"5864",9,31,5,양버즘나무,PTA,126.995287736,37.480828079
"5865",8,22,5,양버즘나무,PTA,127.025188033,37.491500809
"5866",13,33,12,느티나무,ZS,127.08530059,37.461919368
"5867",6,25,6,은행나무,GB,126.98779633,37.461300511
"5868",9,21,5,양버즘나무,PTA,127.012992857,37.484466262
"5869",5,11,2,메타세쿼이아,TB,126.997208314,37.473717745
"5870",6,25,5,메타세쿼이아,TB,127.023690258,37.463147784
"5871",6,15,5,은행나무,GB,127.041737274,37.475221014
"5872",8,18,4,느티나무,ZS,127.080580498,37.460218737
"5873",8,18,5,은행나무,GB,127.010904307,37.49363903
"5874",7,16,3,은행나무,GB,127.038812226,37.4585358
"5875",8,21,7,양버즘나무,PTA,127.040350836,37.467831665
"5876",7,27,5,양버즘나무,PTA,126.989509387,37.478840358
"5877",4,26,10,느티나무,ZS,127.086343162,37.462049317
"5878",6,30,7,느티나무,ZS,127.017820285,37.459006744
"5879",11,41,7,양버즘나무,PTA,127.009217545,37.492450507
"5880",12,32,6,양버즘나무,PTA,126.988703121,37.495398186
"5881",6,18,4,은행나무,GB,127.048612112,37.456593785
"5882",8,29,6,느티나무,ZS,127.053144352,37.459834986
"5883",4,11,2,회화나무,STJ,127.015669101,37.520195253
"5884",4,17,4,느티나무,ZS,126.992590483,37.47387918
"5885",0,9,0,느티나무,ZS,127.021800467,37.482703248
"5886",8,25,6,은행나무,GB,127.042303239,37.483036982
"5887",9,25,5,양버즘나무,PTA,127.01349185,37.484565348
"5888",6,16,4,은행나무,GB,127.029539844,37.473173125
"5889",11,39,8,양버즘나무,PTA,127.015710634,37.494444198
"5890",5,29,7,느티나무,ZS,126.988358476,37.480271518
"5891",5,10,2,메타세쿼이아,TB,126.992343367,37.473929319
"5892",6,14,2,은행나무,GB,127.023598039,37.472064626
"5893",10,34,3,메타세쿼이아,TB,127.042642971,37.476694311
"5894",8,13,5,양버즘나무,PTA,127.038453759,37.473336515
"5895",8,27,6,느티나무,ZS,127.082407842,37.463360189
"5896",11,31,7,양버즘나무,PTA,127.012722228,37.493526225
"5897",7,12,3,은행나무,GB,126.982912233,37.492843021
"5898",8,26,7,칠엽수,AC,127.010604462,37.504078196
"5899",8,27,7,양버즘나무,PTA,127.038935154,37.473203167
"5900",0,9,0,느티나무,ZS,127.010377409,37.47948365
"5901",13,37,8,양버즘나무,PTA,126.991616354,37.498042751
"5902",6,32,8,느티나무,ZS,127.016492564,37.484422492
"5903",9,37,5,양버즘나무,PTA,127.025717258,37.491663597
"5904",3,16,4,느티나무,ZS,127.014862502,37.48465917
"5905",4,13,4,은행나무,GB,127.011977918,37.482621927
"5906",11,26,7,메타세쿼이아,TB,127.03893077,37.473883439
"5907",3,10,4,꽃사과,PRS,126.985498284,37.485684785
"5908",8,25,5,양버즘나무,PTA,127.022589817,37.500578805
"5909",10,12,2,은행나무,GB,127.007258543,37.491919547
"5910",5,22,4,느티나무,ZS,127.043557614,37.464893411
"5911",11,19,7,양버즘나무,PTA,127.015065501,37.518970506
"5912",8,32,5,양버즘나무,PTA,127.013200868,37.488031345
"5913",13,34,8,양버즘나무,PTA,127.027665167,37.497260203
"5914",7,22,3,은행나무,GB,127.037424688,37.459756056
"5915",7,20,7,칠엽수,AC,127.011936279,37.500754798
"5916",5,13,4,은행나무,GB,127.025253364,37.470806499
"5917",9,24,4,느티나무,ZS,127.078405298,37.459358998
"5918",10,31,5,양버즘나무,PTA,126.987362962,37.490077962
"5919",7,30,10,양버즘나무,PTA,127.012868107,37.502885505
"5920",13,31,6,양버즘나무,PTA,127.005493384,37.495940085
"5921",0,9,0,느티나무,ZS,127.017723981,37.481903967
"5922",5,22,9,느티나무,ZS,127.014412339,37.484790817
"5923",9,27,6,느티나무,ZS,127.014739584,37.483977413
"5924",4,26,6,느티나무,ZS,127.069981197,37.456986746
"5925",10,26,6,양버즘나무,PTA,127.029325913,37.485987767
"5926",11,25,8,양버즘나무,PTA,126.982067241,37.480429523
"5927",11,46,7,양버즘나무,PTA,127.008268142,37.507012867
"5928",10,28,8,양버즘나무,PTA,127.042371544,37.46589235
"5929",5,10,2,메타세쿼이아,TB,126.99030408,37.47477252
"5930",8,31,6,칠엽수,AC,127.011089544,37.503691057
"5931",12,23,8,양버즘나무,PTA,127.014466105,37.502216877
"5932",12,19,4,양버즘나무,PTA,127.023083657,37.487058907
"5933",9,32,6,양버즘나무,PTA,127.022926074,37.499471578
"5934",5,10,2,메타세쿼이아,TB,126.992615967,37.473870127
"5935",7,13,3,은행나무,GB,127.011235862,37.512872172
"5936",11,41,3,양버즘나무,PTA,127.004886803,37.491117643
"5937",6,24,6,칠엽수,AC,127.012846871,37.497951889
"5938",7,26,5,은행나무,GB,127.04227087,37.474903126
"5939",12,33,12,가중나무,AA,127.011281424,37.516734258
"5940",7,19,3,양버즘나무,PTA,127.037390265,37.477279347
"5941",8,23,3,양버즘나무,PTA,127.010329212,37.512534156
"5942",8,22,5,양버즘나무,PTA,127.022690874,37.500359285
"5943",12,21,8,양버즘나무,PTA,126.999301922,37.48930898
"5944",8,24,6,메타세쿼이아,TB,127.039249278,37.473668492
"5945",9,21,6,느티나무,ZS,127.073438313,37.457943806
"5946",8,38,9,메타세쿼이아,TB,127.028247958,37.467790317
"5947",12,27,5,메타세쿼이아,TB,127.044167218,37.478033022
"5948",7,22,4,느티나무,ZS,127.05760156,37.458301938
"5949",14,35,8,양버즘나무,PTA,127.020759375,37.495990084
"5950",9,17,5,양버즘나무,PTA,127.021884919,37.49051164
"5951",7,24,10,양버즘나무,PTA,127.009554374,37.504355676
"5952",5,16,3,느티나무,ZS,127.041821573,37.465051855
"5953",6,17,3,은행나무,GB,126.996884494,37.482496074
"5954",9,20,7,양버즘나무,PTA,126.992744223,37.489354436
"5955",7,26,5,느티나무,ZS,127.055365297,37.459256066
"5956",6,24,3,은행나무,GB,127.040799252,37.469189467
"5957",4,6,2,왕벚나무,PS,127.056691552,37.446306054
"5958",8,13,2,은행나무,GB,127.038607084,37.462808546
"5959",7,24,3,양버즘나무,PTA,126.995297486,37.480609933
"5960",4,22,5,느티나무,ZS,127.013223839,37.481094781
"5961",10,18,3,양버즘나무,PTA,127.018379022,37.485379896
"5962",6,13,3,은행나무,GB,127.0433151,37.47103297
"5963",9,23,5,양버즘나무,PTA,127.028056148,37.48871869
"5964",7,34,5,양버즘나무,PTA,127.025602786,37.491630123
"5988",7,28,8,느티나무,ZS,127.002803721,37.492758503
"5965",14,16,8,양버즘나무,PTA,127.023872505,37.482722478
"5966",7,16,3,은행나무,GB,127.044358666,37.466856712
"5967",7,25,7,느티나무,ZS,127.067085167,37.455688288
"5968",11,28,5,양버즘나무,PTA,127.00324542,37.50181555
"5969",12,29,5,양버즘나무,PTA,127.004828176,37.489795311
"5970",7,11,2,은행나무,GB,127.034808478,37.460272321
"5971",8,25,7,느티나무,ZS,127.061972849,37.456049257
"5972",8,17,2,은행나무,GB,127.037339546,37.459672728
"5973",13,32,8,느티나무,ZS,127.033427605,37.484273703
"5974",13,52,12,가중나무,AA,127.011280203,37.518107533
"5975",6,15,4,은행나무,GB,127.052191902,37.451713652
"5976",14,38,12,가중나무,AA,127.011522856,37.518038118
"5977",7,31,8,칠엽수,AC,127.012125009,37.501103069
"5978",9,25,4,양버즘나무,PTA,126.991691139,37.483331996
"5979",6,34,7,느티나무,ZS,127.048645282,37.46195647
"5980",7,13,2,은행나무,GB,127.036922608,37.460052623
"5981",5,16,3,느티나무,ZS,126.991275759,37.487035296
"5982",13,30,12,느티나무,ZS,127.088339384,37.462914195
"5983",11,30,5,양버즘나무,PTA,126.990019563,37.485937718
"5984",8,14,3,은행나무,GB,126.998329797,37.498535624
"5985",7,18,6,은행나무,GB,127.029007657,37.472685437
"5986",10,23,10,양버즘나무,PTA,127.008556864,37.51160686
"5987",12,31,10,양버즘나무,PTA,127.000405737,37.505974176
"5989",9,19,5,양버즘나무,PTA,127.028201138,37.488829043
"5990",11,32,6,메타세쿼이아,TB,127.0401078,37.474034522
"5991",12,36,10,양버즘나무,PTA,126.999585581,37.507763546
"5992",4,6,2,왕벚나무,PS,127.052866271,37.450151608
"5993",6,18,6,은행나무,GB,127.047378124,37.473231299
"5994",10,28,5,양버즘나무,PTA,127.004907078,37.482039755
"5995",10,25,6,양버즘나무,PTA,127.028553631,37.488712759
"5996",4,6,2,왕벚나무,PS,127.055857309,37.447256147
"5997",0,9,0,느티나무,ZS,127.022510209,37.483084706
"5998",13,27,8,느티나무,ZS,127.09198437,37.464089469
"5999",9,18,12,가중나무,AA,127.007753743,37.514349131
"6000",9,23,6,양버즘나무,PTA,127.003674207,37.500526819
"6001",11,39,4,양버즘나무,PTA,127.007469942,37.492700721
"6002",8,24,5,느티나무,ZS,127.076749976,37.459028779
"6003",13,45,12,가중나무,AA,127.008085819,37.50929063
"6004",6,22,5,양버즘나무,PTA,126.982456606,37.487198381
"6005",6,21,6,칠엽수,AC,127.01316013,37.496562717
"6006",9,18,4,은행나무,GB,127.013431739,37.508822206
"6007",7,18,8,양버즘나무,PTA,127.025978457,37.497460438
"6008",13,20,5,양버즘나무,PTA,127.004326958,37.499260365
"6009",12,19,7,양버즘나무,PTA,126.998872858,37.489345934
"6010",8,22,6,양버즘나무,PTA,127.03840728,37.477439681
"6011",9,21,6,메타세쿼이아,TB,127.03510112,37.473910584
"6012",6,15,6,양버즘나무,PTA,127.038407822,37.477021208
"6013",12,38,12,가중나무,AA,127.010698915,37.517116902
"6014",6,14,5,은행나무,GB,126.988379859,37.463589785
"6015",7,19,5,은행나무,GB,127.049246479,37.473046312
"6016",9,29,5,양버즘나무,PTA,127.027174669,37.490979547
"6017",5,22,4,양버즘나무,PTA,127.017023484,37.484073587
"6018",4,25,7,느티나무,ZS,127.007100347,37.477478604
"6019",10,27,5,양버즘나무,PTA,127.007257138,37.483167449
"6020",12,19,6,양버즘나무,PTA,126.998487376,37.489071105
"6021",11,15,4,메타세쿼이아,TB,127.039335113,37.473805801
"6022",5,16,3,느티나무,ZS,126.9855345,37.485722095
"6023",8,35,5,양버즘나무,PTA,127.010931154,37.487340592
"6024",4,12,4,은행나무,GB,126.982452211,37.48715072
"6025",13,33,12,느티나무,ZS,127.086228888,37.462227813
"6026",5,14,4,느티나무,ZS,127.048771464,37.470099875
"6027",8,16,4,느티나무,ZS,127.039149017,37.46918272
"6028",5,10,2,메타세쿼이아,TB,127.004060287,37.47600898
"6029",10,19,7,양버즘나무,PTA,127.038930618,37.475399141
"6030",5,8,3,왕벚나무,PS,127.052226549,37.451362558
"6031",5,15,4,느티나무,ZS,126.982746567,37.485336188
"6032",7,12,3,메타세쿼이아,TB,127.042371353,37.479034042
"6033",6,31,10,느티나무,ZS,127.009703013,37.478699458
"6034",4,34,10,느티나무,ZS,127.086284873,37.462028229
"6128",10,26,8,양버즘나무,PTA,126.995054537,37.485694127
"6035",12,32,6,양버즘나무,PTA,126.989544067,37.492525898
"6036",6,17,4,느티나무,ZS,127.03164028,37.472888639
"6037",6,12,2,은행나무,GB,127.04699828,37.459316452
"6038",9,31,5,양버즘나무,PTA,127.020802139,37.490332783
"6039",5,16,4,느티나무,ZS,127.041002163,37.467219492
"6040",5,11,3,왕벚나무,PS,127.0352288,37.478406083
"6041",10,31,8,양버즘나무,PTA,127.037534853,37.469338735
"6042",0,9,0,느티나무,ZS,127.02234759,37.482781346
"6043",12,24,5,양버즘나무,PTA,126.989306284,37.487043539
"6044",13,30,6,양버즘나무,PTA,126.99013135,37.485579564
"6045",8,15,3,은행나무,GB,127.015223597,37.509452592
"6046",11,32,6,메타세쿼이아,TB,127.040163622,37.474076551
"6047",15,20,6,양버즘나무,PTA,127.037151905,37.481147262
"6048",8,22,6,느티나무,ZS,127.062370619,37.456063276
"6049",5,20,4,느티나무,ZS,127.045750909,37.462355936
"6050",7,26,7,은행나무,GB,127.041009402,37.472250472
"6051",11,26,6,양버즘나무,PTA,126.990145261,37.502108883
"6052",9,18,6,느티나무,ZS,127.077346424,37.45922055
"6053",8,27,6,메타세쿼이아,TB,127.026968979,37.466292064
"6054",0,9,0,느티나무,ZS,127.008723084,37.478644326
"6055",14,27,4,양버즘나무,PTA,127.040592698,37.479206952
"6056",6,21,6,은행나무,GB,127.046113602,37.472061283
"6057",8,18,7,양버즘나무,PTA,127.03425532,37.464327127
"6058",4,14,2,느티나무,ZS,126.984886095,37.485791236
"6059",10,16,5,양버즘나무,PTA,126.989991948,37.485979285
"6060",7,14,3,은행나무,GB,126.99022717,37.493416064
"6061",9,28,5,양버즘나무,PTA,127.028812595,37.487549969
"6062",8,35,10,느티나무,ZS,127.031541605,37.482804833
"6063",6,12,2,은행나무,GB,127.051474414,37.45316988
"6064",6,18,4,은행나무,GB,127.052627086,37.450560724
"6065",10,28,6,양버즘나무,PTA,127.013415641,37.512368419
"6066",10,35,6,양버즘나무,PTA,126.982031432,37.479744906
"6067",4,13,4,은행나무,GB,127.024732382,37.471050555
"6068",20,23,8,양버즘나무,PTA,127.037727581,37.480356435
"6069",7,29,5,양버즘나무,PTA,127.017875138,37.48929913
"6070",7,19,5,은행나무,GB,127.045422662,37.472016107
"6071",9,31,8,느티나무,ZS,127.073275139,37.457889906
"6072",12,26,8,양버즘나무,PTA,126.985787053,37.491035779
"6073",9,40,10,양버즘나무,PTA,126.999011649,37.500204018
"6074",0,9,0,느티나무,ZS,127.027575358,37.483487617
"6075",7,36,12,느티나무,ZS,127.030373828,37.483847592
"6076",5,19,4,메타세쿼이아,TB,127.024244569,37.463806425
"6077",0,9,0,느티나무,ZS,127.00907264,37.4788182
"6078",8,31,5,느티나무,ZS,127.047473261,37.462272665
"6079",4,9,3,단풍나무,MP,126.994611201,37.488051253
"6080",12,38,12,가중나무,AA,127.014731195,37.520367231
"6081",5,23,5,양버즘나무,PTA,127.014477452,37.516999886
"6082",10,32,7,메타세쿼이아,TB,127.030428347,37.471952414
"6083",7,23,4,은행나무,GB,127.045656964,37.467797703
"6084",6,14,3,은행나무,GB,127.046415954,37.460498497
"6085",8,19,5,은행나무,GB,127.005241434,37.509875192
"6086",8,33,8,느티나무,ZS,127.082245566,37.463676594
"6087",9,27,5,느티나무,ZS,127.01465452,37.484495605
"6088",13,47,4,양버즘나무,PTA,127.007375074,37.492898006
"6089",6,18,5,양버즘나무,PTA,127.014593056,37.487872078
"6090",7,9,3,메타세쿼이아,TB,127.041700984,37.478248109
"6091",0,18,5,느티나무,ZS,127.038304534,37.477194051
"6092",12,38,6,양버즘나무,PTA,127.023816066,37.496898321
"6093",10,28,4,양버즘나무,PTA,127.036377505,37.477323981
"6094",6,25,8,느티나무,ZS,127.052573652,37.460270379
"6095",7,9,2,은행나무,GB,127.036812583,37.460151959
"6096",6,36,8,느티나무,ZS,127.014737471,37.457349364
"6097",5,16,3,느티나무,ZS,127.048002105,37.469539602
"6098",15,17,4,양버즘나무,PTA,127.023445052,37.486949576
"6099",9,28,4,양버즘나무,PTA,127.01323389,37.510796442
"6100",7,15,2,은행나무,GB,127.011927194,37.513209579
"6101",7,20,2,양버즘나무,PTA,126.987761966,37.497243688
"6102",13,42,12,가중나무,AA,127.01050887,37.516939925
"6103",10,17,5,양버즘나무,PTA,127.005693029,37.480033639
"6104",10,41,9,메타세쿼이아,TB,127.036644188,37.474555291
"6151",8,15,4,은행나무,GB,127.039094797,37.462710228
"6105",13,32,5,양버즘나무,PTA,127.029540656,37.484999315
"6106",6,27,6,은행나무,GB,127.044499826,37.475895179
"6107",5,14,3,느티나무,ZS,127.072379526,37.457266973
"6108",6,32,7,은행나무,GB,127.044796932,37.472473944
"6109",5,25,4,은행나무,GB,127.041571807,37.469838644
"6110",8,26,5,양버즘나무,PTA,126.992810381,37.481411526
"6111",9,34,5,은행나무,GB,127.002428228,37.482213561
"6112",9,22,5,양버즘나무,PTA,127.015551811,37.48495963
"6113",12,36,5,양버즘나무,PTA,127.017268451,37.489260503
"6114",7,13,3,은행나무,GB,126.996514772,37.494125695
"6115",8,21,5,은행나무,GB,127.037816074,37.461994175
"6116",10,31,8,양버즘나무,PTA,127.032237676,37.47010694
"6117",6,20,6,느티나무,ZS,127.054211563,37.459566215
"6118",6,10,2,은행나무,GB,127.066694033,37.434023137
"6119",5,17,4,은행나무,GB,127.027269836,37.471778006
"6120",11,24,5,양버즘나무,PTA,126.990961096,37.48445567
"6121",9,17,9,양버즘나무,PTA,127.011920696,37.512996557
"6122",7,19,5,느티나무,ZS,127.057853235,37.458193582
"6123",15,27,4,양버즘나무,PTA,127.041995232,37.480731754
"6124",7,23,6,은행나무,GB,127.045895459,37.476275728
"6125",4,6,2,왕벚나무,PS,127.056741253,37.446426962
"6126",15,32,8,양버즘나무,PTA,127.03615241,37.482240262
"6127",6,34,8,느티나무,ZS,127.025350588,37.460081101
"6129",10,38,6,양버즘나무,PTA,127.00933768,37.507728698
"6130",11,28,6,양버즘나무,PTA,126.982026587,37.479651442
"6131",11,14,5,은행나무,GB,127.041104709,37.485380224
"6132",13,19,5,양버즘나무,PTA,127.038527315,37.479618278
"6133",9,26,3,양버즘나무,PTA,127.02637875,37.492643614
"6134",10,35,7,양버즘나무,PTA,127.026254173,37.497688388
"6135",6,21,4,느티나무,ZS,127.039718408,37.469375382
"6136",9,26,5,양버즘나무,PTA,127.028497497,37.487812242
"6137",12,22,10,양버즘나무,PTA,127.037911916,37.479878244
"6138",18,24,5,양버즘나무,PTA,127.035707802,37.482568116
"6139",7,36,9,느티나무,ZS,127.031438781,37.483275924
"6140",4,6,2,왕벚나무,PS,127.053566792,37.449236474
"6141",6,24,6,은행나무,GB,127.045149485,37.475381854
"6142",7,23,5,은행나무,GB,127.035273164,37.460418872
"6143",8,20,5,양버즘나무,PTA,127.021483468,37.490384962
"6144",12,33,6,양버즘나무,PTA,126.982810158,37.489909435
"6145",8,26,5,느티나무,ZS,127.061098892,37.456797379
"6146",10,18,8,양버즘나무,PTA,126.986203707,37.476660656
"6147",8,27,6,은행나무,GB,127.017234722,37.51545035
"6148",5,10,2,메타세쿼이아,TB,126.99779242,37.473790587
"6149",7,22,1,은행나무,GB,127.051625136,37.452604992
"6150",9,19,4,은행나무,GB,127.010724068,37.509828901
"6152",6,17,4,은행나무,GB,126.986916147,37.467937468
"6153",13,25,7,양버즘나무,PTA,126.990577261,37.498343307
"6154",10,31,5,양버즘나무,PTA,127.007952984,37.483306561
"6155",13,30,5,양버즘나무,PTA,127.004806882,37.489692069
"6156",7,12,3,은행나무,GB,127.04997076,37.455337926
"6157",5,10,2,메타세쿼이아,TB,126.996760379,37.473689881
"6158",12,37,8,양버즘나무,PTA,126.991404395,37.483588846
"6159",7,9,1,은행나무,GB,127.011977856,37.513023422
"6160",3,9,2,단풍나무,MP,126.985221443,37.485863689
"6161",8,18,5,느티나무,ZS,127.063155736,37.455535282
"6162",6,28,5,메타세쿼이아,TB,127.021135536,37.461391902
"6163",14,16,2,양버즘나무,PTA,127.004105265,37.500384956
"6164",6,13,3,은행나무,GB,127.046907486,37.459550869
"6165",6,27,5,느티나무,ZS,127.016994646,37.457965758
"6166",7,29,6,느티나무,ZS,127.082186567,37.462584397
"6167",8,21,5,양버즘나무,PTA,127.034399586,37.466329964
"6168",0,9,0,느티나무,ZS,127.020090091,37.482746871
"6169",9,24,7,양버즘나무,PTA,127.034318688,37.46710902
"6170",12,41,7,메타세쿼이아,TB,127.040886962,37.474656911
"6171",12,38,8,양버즘나무,PTA,127.005410194,37.48302321
"6172",6,10,3,은행나무,GB,127.066852212,37.433864599
"6173",7,20,6,은행나무,GB,127.044422873,37.471569684
"6174",5,10,2,메타세쿼이아,TB,127.003009835,37.475505
"6175",11,26,6,양버즘나무,PTA,127.027400593,37.497541137
"6176",5,10,2,은행나무,GB,127.052982864,37.450203825
"6177",9,26,6,양버즘나무,PTA,127.039080234,37.470394608
"6178",11,35,10,양버즘나무,PTA,126.999462363,37.508023019
"6179",8,14,3,은행나무,GB,127.004757651,37.509484669
"6180",8,23,8,양버즘나무,PTA,127.017477683,37.494849527
"6181",11,22,6,양버즘나무,PTA,127.028654399,37.488742448
"6182",6,27,8,느티나무,ZS,127.024444926,37.460122972
"6183",9,20,4,양버즘나무,PTA,127.039970162,37.478541367
"6184",7,18,6,은행나무,GB,127.045839786,37.474605012
"6185",5,16,4,은행나무,GB,127.023903067,37.471941533
"6186",7,25,6,양버즘나무,PTA,127.033908547,37.46855631
"6187",9,30,5,양버즘나무,PTA,127.024829793,37.495889927
"6188",5,21,5,느티나무,ZS,127.067919431,37.455960543
"6189",7,22,5,은행나무,GB,127.041868795,37.472718943
"6190",7,17,3,은행나무,GB,127.04642604,37.472274274
"6191",8,21,5,느티나무,ZS,127.061010831,37.456888249
"6192",7,24,5,은행나무,GB,127.043532868,37.476654864
"6193",13,32,7,양버즘나무,PTA,126.994141616,37.503092401
"6194",8,20,3,은행나무,GB,127.017520993,37.501016446
"6195",6,15,4,은행나무,GB,127.053589081,37.449214561
"6196",12,26,6,양버즘나무,PTA,126.989581585,37.494397097
"6197",9,23,6,메타세쿼이아,TB,127.03686222,37.47461162
"6198",5,13,2,은행나무,GB,127.053253537,37.44982068
"6199",5,10,2,메타세쿼이아,TB,127.000006,37.47443415
"6200",8,27,6,느티나무,ZS,127.078103864,37.459468896
"6201",5,12,2,메타세쿼이아,TB,126.992902951,37.474077276
"6202",12,14,4,가중나무,AA,127.003456672,37.508190484
"6203",5,16,4,은행나무,GB,127.033144249,37.474984642
"6204",7,20,5,느티나무,ZS,127.055430308,37.459227763
"6205",14,26,8,양버즘나무,PTA,127.037150576,37.481212195
"6206",6,14,3,은행나무,GB,127.044748362,37.466686814
"6207",8,23,5,느티나무,ZS,127.064511375,37.455545238
"6208",0,22,6,느티나무,ZS,127.039026967,37.473222152
"6209",13,30,12,가중나무,AA,127.00850397,37.51506809
"6210",8,31,12,양버즘나무,PTA,126.999932185,37.481847376
"6211",7,11,2,은행나무,GB,127.035003302,37.460339074
"6212",9,25,8,느티나무,ZS,127.03157704,37.483427674
"6213",8,29,6,양버즘나무,PTA,127.003808732,37.499788176
"6214",7,29,6,느티나무,ZS,127.053623847,37.460006213
"6215",7,22,6,은행나무,GB,127.028380365,37.472303704
"6216",5,22,7,느티나무,ZS,126.988409227,37.480306022
"6217",13,19,4,양버즘나무,PTA,127.022930404,37.487011127
"6218",9,32,8,양버즘나무,PTA,127.014041962,37.50267578
"6219",7,15,2,은행나무,GB,127.037184095,37.45996875
"6220",10,38,10,양버즘나무,PTA,127.009434802,37.51184804
"6221",7,18,4,은행나무,GB,127.046932764,37.473547627
"6222",9,28,6,느티나무,ZS,127.07427446,37.458216077
"6223",12,34,10,양버즘나무,PTA,126.99885215,37.500139823
"6224",10,21,4,양버즘나무,PTA,127.033587993,37.47513796
"6225",5,13,3,은행나무,GB,127.057251231,37.445685113
"6226",9,14,3,메타세쿼이아,TB,127.036568888,37.462107385
"6227",10,23,8,양버즘나무,PTA,126.998798787,37.479961924
"6228",7,11,3,메타세쿼이아,TB,127.042900717,37.479652416
"6229",8,47,6,양버즘나무,PTA,127.008656962,37.507133178
"6230",8,29,5,양버즘나무,PTA,126.992838569,37.481366721
"6231",13,29,8,양버즘나무,PTA,126.982262483,37.483776559
"6232",8,23,7,메타세쿼이아,TB,127.027495153,37.466814597
"6233",6,18,4,메타세쿼이아,TB,127.028050112,37.467202241
"6234",14,26,6,가중나무,AA,127.010995518,37.516732677
"6235",13,56,12,가중나무,AA,127.013693937,37.519828767
"6236",12,42,8,양버즘나무,PTA,126.988021368,37.4919188
"6237",8,29,3,은행나무,GB,126.986789692,37.501528206
"6238",6,26,7,은행나무,GB,127.044938915,37.474835036
"6239",12,27,6,양버즘나무,PTA,126.990073256,37.501862715
"6240",7,9,2,은행나무,GB,127.036729524,37.460350166
"6241",5,27,6,느티나무,ZS,126.987778027,37.485974978
"6242",9,20,5,양버즘나무,PTA,127.006774027,37.483077715
"6243",9,29,6,느티나무,ZS,127.069322241,37.456584802
"6244",5,11,2,칠엽수,AC,127.010717513,37.503870837
"6245",7,26,6,은행나무,GB,127.018264141,37.515783392
"6246",11,19,4,메타세쿼이아,TB,127.040744929,37.474733597
"6247",5,22,5,느티나무,ZS,126.989519715,37.479024065
"6248",6,27,6,메타세쿼이아,TB,127.026128538,37.465313198
"6249",12,33,12,가중나무,AA,127.006395103,37.5130119
"6250",0,9,0,느티나무,ZS,127.020778854,37.482558524
"6251",9,28,5,양버즘나무,PTA,127.016057503,37.485628817
"6252",11,39,12,양버즘나무,PTA,126.997339864,37.499540006
"6253",6,20,5,양버즘나무,PTA,126.992868891,37.481493169
"6254",7,19,4,은행나무,GB,126.984806588,37.46974951
"6255",8,29,7,느티나무,ZS,127.062143831,37.455976124
"6256",12,19,5,은행나무,GB,127.042393916,37.482843686
"6257",6,29,8,느티나무,ZS,127.015103078,37.457364772
"6258",9,26,3,양버즘나무,PTA,127.026554959,37.492275908
"6259",6,28,6,메타세쿼이아,TB,127.025680269,37.464903444
"6260",0,9,0,느티나무,ZS,127.015278612,37.481485683
"6261",7,11,2,은행나무,GB,127.034863029,37.46029095
"6262",10,42,12,양버즘나무,PTA,127.021812565,37.509645736
"6263",8,33,5,양버즘나무,PTA,127.021404799,37.490514989
"6264",6,18,4,느티나무,ZS,127.016446632,37.484566243
"6265",9,24,8,양버즘나무,PTA,127.001576983,37.475729127
"6266",6,28,7,느티나무,ZS,127.06681908,37.45560293
"6267",9,18,4,양버즘나무,PTA,127.035134616,37.475807233
"6268",7,37,6,메타세쿼이아,TB,127.041245836,37.475069052
"6269",7,14,3,은행나무,GB,127.043423478,37.466174849
"6270",6,19,6,은행나무,GB,127.010322507,37.494094442
"6271",6,19,6,은행나무,GB,127.050568924,37.454665777
"6272",8,16,3,은행나무,GB,127.01023536,37.483954435
"6273",12,17,8,양버즘나무,PTA,127.023946886,37.482130305
"6274",8,31,5,느티나무,ZS,127.082585327,37.461127452
"6275",5,14,4,느티나무,ZS,127.043999036,37.466643975
"6276",8,16,3,메타세쿼이아,TB,127.029321495,37.469169226
"6277",6,15,3,은행나무,GB,127.051756823,37.452603554
"6278",5,15,3,은행나무,GB,127.024371327,37.469284499
"6279",6,12,3,은행나무,GB,127.045521235,37.476641318
"6280",6,26,7,느티나무,ZS,127.013509291,37.457298885
"6281",6,14,5,회화나무,STJ,127.009957714,37.504161128
"6282",5,26,8,느티나무,ZS,126.989273588,37.486267753
"6283",13,38,10,양버즘나무,PTA,126.99909108,37.508768636
"6284",7,44,10,느티나무,ZS,127.010886764,37.479331225
"6285",6,22,3,은행나무,GB,127.01048834,37.512452849
"6286",10,31,5,양버즘나무,PTA,127.028805462,37.487171392
"6287",7,29,8,느티나무,ZS,127.050514335,37.461392176
"6288",6,18,4,은행나무,GB,126.987989727,37.459906645
"6289",8,27,6,느티나무,ZS,127.082382798,37.463176878
"6290",0,18,5,느티나무,ZS,127.038305324,37.477154045
"6291",11,33,6,양버즘나무,PTA,126.985974715,37.491020263
"6292",10,26,5,양버즘나무,PTA,127.011044697,37.484182987
"6293",8,24,5,양버즘나무,PTA,127.022076537,37.490720879
"6294",13,29,10,양버즘나무,PTA,127.029333954,37.493894975
"6295",7,10,3,은행나무,GB,127.025870813,37.493782324
"6296",6,10,2,은행나무,GB,127.052741219,37.45060491
"6297",8,14,4,은행나무,GB,127.004407929,37.509065837
"6298",4,6,2,왕벚나무,PS,127.0567954,37.4462156
"6299",7,27,6,느티나무,ZS,127.048243123,37.461943575
"6300",12,43,10,양버즘나무,PTA,126.998900983,37.509159293
"6301",7,20,2,은행나무,GB,127.040531009,37.469127119
"6302",11,30,6,양버즘나무,PTA,126.986504675,37.491230336
"6303",10,24,4,양버즘나무,PTA,126.987962659,37.505325966
"6304",6,17,3,메타세쿼이아,TB,127.02790971,37.467036392
"6305",5,22,7,느티나무,ZS,126.988314844,37.4802435
"6306",7,28,6,은행나무,GB,127.042774315,37.474572505
"6307",6,33,7,은행나무,GB,127.044991175,37.474869116
"6308",7,10,1,은행나무,GB,127.015872234,37.501518675
"6309",5,23,5,느티나무,ZS,127.044908132,37.463653511
"6310",11,20,6,양버즘나무,PTA,127.01071538,37.483844278
"6311",6,24,3,은행나무,GB,127.041215441,37.4694728
"6312",7,18,4,은행나무,GB,127.049649275,37.470688022
"6313",5,10,2,메타세쿼이아,TB,126.991833776,37.474360313
"6314",13,35,6,양버즘나무,PTA,127.005393191,37.496146652
"6315",6,10,2,메타세쿼이아,TB,126.998280739,37.473594899
"6316",7,11,3,은행나무,GB,127.025828692,37.493867997
"6317",5,18,4,느티나무,ZS,127.04198567,37.466308372
"6318",6,24,6,양버즘나무,PTA,127.014639495,37.489028303
"6319",6,27,5,느티나무,ZS,127.048118974,37.462372458
"6320",7,13,3,은행나무,GB,127.038443147,37.458872231
"6321",8,26,5,느티나무,ZS,127.064694031,37.455198449
"6322",6,15,4,은행나무,GB,126.98779629,37.460309369
"6323",10,26,5,양버즘나무,PTA,127.004208138,37.485962283
"6324",9,29,5,양버즘나무,PTA,127.005046972,37.482747114
"6325",4,6,2,왕벚나무,PS,127.055644467,37.447451784
"6326",7,26,5,느티나무,ZS,127.052109785,37.460657251
"6327",7,18,5,은행나무,GB,127.026863733,37.471335983
"6328",6,28,5,느티나무,ZS,127.045971144,37.46289406
"6329",5,8,3,왕벚나무,PS,127.048997895,37.456378668
"6330",10,32,3,양버즘나무,PTA,127.038677109,37.476281384
"6331",7,21,4,양버즘나무,PTA,127.034201311,37.468238002
"6332",5,12,2,메타세쿼이아,TB,126.997509051,37.473748226
"6333",8,19,4,양버즘나무,PTA,127.035988057,37.477649583
"6334",6,24,8,은행나무,GB,127.014299198,37.5168654
"6335",5,10,2,메타세쿼이아,TB,126.998837521,37.473743786
"6336",8,23,3,양버즘나무,PTA,127.037149756,37.481857297
"6337",6,36,8,양버즘나무,PTA,127.014696499,37.488693829
"6338",8,18,6,양버즘나무,PTA,127.034151236,37.465400741
"6339",5,15,4,느티나무,ZS,127.041165302,37.467074454
"6340",9,30,10,느티나무,ZS,127.031322631,37.483793006
"6341",8,20,4,메타세쿼이아,TB,127.030672632,37.472142218
"6342",10,27,5,양버즘나무,PTA,127.006027165,37.495633508
"6343",9,21,5,양버즘나무,PTA,127.01293439,37.484456925
"6344",8,18,4,느티나무,ZS,127.080785632,37.460283036
"6345",12,33,8,양버즘나무,PTA,126.996870554,37.488715069
"6346",6,16,2,은행나무,GB,127.043015441,37.470710051
"6347",6,16,2,메타세쿼이아,TB,127.010118192,37.507829506
"6348",6,13,3,은행나무,GB,127.046753769,37.459970445
"6349",7,20,6,양버즘나무,PTA,127.021917247,37.501610244
"6350",10,35,8,양버즘나무,PTA,127.013389147,37.512581736
"6351",3,8,3,단풍나무,MP,126.985143211,37.485854421
"6352",9,24,8,느티나무,ZS,127.031555284,37.484013107
"6353",5,10,2,메타세쿼이아,TB,127.003542694,37.475760544
"6354",8,24,5,양버즘나무,PTA,127.015255422,37.486460315
"6355",7,12,3,은행나무,GB,126.995755182,37.494014166
"6356",4,8,2,느티나무,ZS,126.98275805,37.485333833
"6357",9,32,6,메타세쿼이아,TB,127.030064713,37.472658867
"6358",5,10,2,메타세쿼이아,TB,127.003126255,37.475561091
"6359",7,16,2,은행나무,GB,127.036772184,37.461453029
"6360",9,20,6,양버즘나무,PTA,127.025080087,37.497036574
"6361",7,31,5,양버즘나무,PTA,127.012929958,37.487798362
"6362",7,29,4,양버즘나무,PTA,127.031781455,37.47433272
"6363",6,18,5,은행나무,GB,127.042221371,37.470376328
"6364",6,21,7,느티나무,ZS,127.014708107,37.457601189
"6365",7,13,6,은행나무,GB,127.008036022,37.511267613
"6366",11,27,8,양버즘나무,PTA,127.01659301,37.494442506
"6367",9,23,4,메타세쿼이아,TB,127.039733292,37.473705091
"6368",9,27,5,양버즘나무,PTA,127.025612746,37.494251757
"6369",7,13,3,은행나무,GB,127.049716799,37.455565995
"6370",7,23,8,양버즘나무,PTA,127.022935372,37.496521735
"6371",8,21,5,은행나무,GB,127.03802846,37.462149675
"6372",4,16,2,은행나무,GB,127.052658442,37.45075476
"6373",7,31,7,느티나무,ZS,127.054468093,37.459642503
"6374",8,20,2,양버즘나무,PTA,127.018601896,37.500622231
"6375",8,29,6,양버즘나무,PTA,127.029453535,37.48898638
"6376",8,28,7,메타세쿼이아,TB,127.027687372,37.467028198
"6377",11,29,8,양버즘나무,PTA,127.020942493,37.49590815
"6378",7,16,5,은행나무,GB,127.046600235,37.472270528
"6379",7,31,8,은행나무,GB,127.045365848,37.475172776
"6380",16,24,7,느티나무,ZS,127.044547191,37.477904411
"6381",5,15,2,느티나무,ZS,127.040762907,37.464279691
"6382",6,15,5,은행나무,GB,127.010135676,37.512285851
"6383",6,18,5,느티나무,ZS,126.984047093,37.476420019
"6384",8,31,3,양버즘나무,PTA,127.026400597,37.492598235
"6385",0,9,0,느티나무,ZS,127.021805031,37.482988451
"6386",11,31,6,양버즘나무,PTA,126.983014888,37.495743312
"6387",8,29,5,양버즘나무,PTA,127.026021823,37.491907707
"6388",4,6,2,왕벚나무,PS,127.056112793,37.447013275
"6389",7,27,6,양버즘나무,PTA,127.003839195,37.499649166
"6390",7,13,3,은행나무,GB,126.987795061,37.496806061
"6391",8,20,6,양버즘나무,PTA,127.038884414,37.477550008
"6392",6,11,2,은행나무,GB,127.044445527,37.466423231
"6393",9,25,5,느티나무,ZS,127.067693534,37.456031637
"6394",12,42,12,가중나무,AA,127.010138052,37.516993053
"6395",10,33,5,양버즘나무,PTA,126.988806529,37.487823338
"6396",8,18,7,양버즘나무,PTA,127.040241296,37.467931059
"6397",6,20,2,은행나무,GB,127.057147452,37.445845296
"6398",9,22,7,양버즘나무,PTA,126.992433586,37.489854445
"6399",6,21,4,양버즘나무,PTA,127.041981794,37.466903061
"6400",6,30,7,느티나무,ZS,127.012969122,37.457248389
"6401",8,16,3,양버즘나무,PTA,127.012206413,37.513413383
"6402",7,23,5,양버즘나무,PTA,126.990801816,37.479146539
"6403",4,15,4,느티나무,ZS,126.985045553,37.485808878
"6404",7,9,2,은행나무,GB,127.044718956,37.467121582
"6405",9,15,3,느티나무,ZS,127.062760672,37.455901204
"6406",5,10,2,메타세쿼이아,TB,126.986481614,37.475844237
"6407",8,24,5,양버즘나무,PTA,127.026424104,37.492170431
"6408",8,27,7,양버즘나무,PTA,127.03893062,37.473317008
"6409",11,30,8,양버즘나무,PTA,127.006323781,37.495026873
"6410",8,31,8,느티나무,ZS,127.08210647,37.462858525
"6411",9,31,6,은행나무,GB,127.019176245,37.515929537
"6412",12,32,8,양버즘나무,PTA,127.000038954,37.507749305
"6413",9,20,5,메타세쿼이아,TB,127.037718285,37.475149863
"6414",6,20,8,회화나무,STJ,127.010912103,37.48560058
"6415",5,10,2,메타세쿼이아,TB,127.005683891,37.476780343
"6416",11,34,6,메타세쿼이아,TB,127.041851329,37.47577209
"6417",6,34,7,느티나무,ZS,127.018372957,37.459428127
"6418",7,20,5,느티나무,ZS,127.049973681,37.461574803
"6419",0,9,0,느티나무,ZS,127.019964781,37.482449347
"6420",9,16,5,메타세쿼이아,TB,127.020129371,37.510851875
"6421",8,35,10,양버즘나무,PTA,127.006742062,37.503264858
"6422",10,28,5,양버즘나무,PTA,127.024935939,37.491574417
"6423",9,22,5,양버즘나무,PTA,127.00561304,37.480201295
"6424",6,18,3,은행나무,GB,126.982005158,37.474910996
"6425",7,28,6,칠엽수,AC,127.012409087,37.499869378
"6426",8,16,4,느티나무,ZS,127.058952338,37.457720688
"6427",6,14,4,은행나무,GB,126.987713409,37.460624064
"6428",15,14,2,메타세쿼이아,TB,127.017969103,37.481978556
"6429",7,24,6,은행나무,GB,127.049480118,37.472819631
"6430",12,36,5,양버즘나무,PTA,127.015940502,37.488856853
"6431",6,28,7,느티나무,ZS,127.015138507,37.457619933
"6432",6,18,4,은행나무,GB,127.046863086,37.468675034
"6433",8,32,6,느티나무,ZS,127.019840488,37.460441464
"6434",10,34,6,양버즘나무,PTA,127.005058873,37.481348518
"6435",11,35,5,양버즘나무,PTA,127.028871858,37.487028339
"6436",7,13,3,은행나무,GB,127.044244255,37.466772824
"6437",8,15,2,은행나무,GB,127.037386258,37.459627708
"6438",7,23,5,은행나무,GB,127.047269086,37.473343309
"6439",5,13,2,메타세쿼이아,TB,126.999536333,37.473956282
"6440",4,22,8,느티나무,ZS,127.086910946,37.46223523
"6441",10,27,8,은행나무,GB,126.998193268,37.495849463
"6442",7,21,8,양버즘나무,PTA,127.033254344,37.469256374
"6443",8,27,8,칠엽수,AC,127.01257523,37.497980007
"6444",7,20,5,은행나무,GB,127.049833812,37.470817964
"6445",7,21,7,은행나무,GB,127.04254112,37.473254825
"6446",8,23,6,느티나무,ZS,127.082407875,37.46339487
"6447",4,13,3,은행나무,GB,127.012928347,37.481435745
"6448",5,13,4,느티나무,ZS,127.048933762,37.470222876
"6449",0,9,0,느티나무,ZS,127.008440169,37.478498849
"6450",8,23,5,은행나무,GB,127.038463078,37.462472422
"6451",8,30,10,양버즘나무,PTA,127.006524523,37.503179391
"6452",5,22,5,느티나무,ZS,126.988137551,37.486169906
"6453",8,27,6,은행나무,GB,127.016579994,37.515243748
"6454",10,34,5,양버즘나무,PTA,127.029428521,37.485508942
"6455",12,30,10,양버즘나무,PTA,127.000568005,37.50562002
"6456",6,14,3,은행나무,GB,127.017496469,37.485120067
"6457",4,22,5,양버즘나무,PTA,126.992993289,37.481304943
"6458",5,23,5,느티나무,ZS,127.044795593,37.463747879
"6459",6,14,3,은행나무,GB,127.026070085,37.470807208
"6460",7,33,8,느티나무,ZS,127.011811958,37.479815946
"6461",5,17,3,은행나무,GB,127.051417669,37.453286559
"6462",13,32,6,가중나무,AA,127.008593267,37.515484173
"6463",12,40,12,양버즘나무,PTA,127.028755123,37.495103156
"6464",7,17,5,은행나무,GB,127.047374486,37.468585039
"6465",7,15,2,은행나무,GB,127.008415813,37.50865476
"6466",6,36,6,양버즘나무,PTA,127.011833277,37.483959133
"6467",6,23,6,느티나무,ZS,127.045956295,37.461771275
"6468",0,9,0,느티나무,ZS,127.01042492,37.479505623
"6469",10,26,4,양버즘나무,PTA,126.988236898,37.505399454
"6470",5,10,2,메타세쿼이아,TB,127.003603165,37.475788152
"6471",12,17,3,양버즘나무,PTA,127.042814719,37.481555901
"6472",3,21,5,단풍나무,MP,127.010544745,37.494001269
"6473",11,29,10,양버즘나무,PTA,126.993078091,37.488432402
"6474",6,22,5,메타세쿼이아,TB,127.021264962,37.461491559
"6475",14,21,4,은행나무,GB,127.041843944,37.480884937
"6476",6,16,2,은행나무,GB,127.040591932,37.469169115
"6477",7,17,5,은행나무,GB,127.009992097,37.512214549
"6478",5,13,2,메타세쿼이아,TB,126.999707594,37.474327193
"6479",8,14,5,은행나무,GB,127.014518501,37.50921141
"6480",9,15,3,은행나무,GB,126.9882013,37.496542595
"6481",5,18,4,느티나무,ZS,126.982384095,37.486071456
"6482",9,19,4,느티나무,ZS,127.077462921,37.459462114
"6483",6,33,7,느티나무,ZS,127.010932016,37.456482203
"6484",6,11,4,은행나무,GB,127.043363349,37.47674904
"6485",12,29,12,가중나무,AA,127.010589225,37.516959689
"6486",12,35,12,양버즘나무,PTA,127.020366095,37.512717383
"6487",8,12,3,은행나무,GB,127.038772406,37.458435267
"6488",6,14,4,은행나무,GB,127.046088611,37.476089429
"6489",14,29,5,양버즘나무,PTA,127.004396792,37.499034185
"6490",7,25,5,느티나무,ZS,127.054801244,37.459501661
"6491",10,26,4,양버즘나무,PTA,126.99901423,37.481546622
"6492",6,28,5,메타세쿼이아,TB,127.026518107,37.465874115
"6493",8,27,5,양버즘나무,PTA,127.026769186,37.491437535
"6494",6,24,6,은행나무,GB,126.998473351,37.498993479
"6495",8,15,3,은행나무,GB,127.012295064,37.513389711
"6496",9,30,6,메타세쿼이아,TB,127.035859078,37.474010216
"6497",5,16,2,느티나무,ZS,127.043278911,37.465151736
"6498",8,25,6,느티나무,ZS,127.075750104,37.458702021
"6499",4,6,2,왕벚나무,PS,127.052585545,37.450915248
"6500",9,17,2,은행나무,GB,126.99826145,37.497595957
"6501",7,9,2,은행나무,GB,127.044298274,37.474416429
"6502",6,9,2,은행나무,GB,127.014384465,37.516731133
"6503",5,18,3,느티나무,ZS,127.044303523,37.466853653
"6504",15,31,6,양버즘나무,PTA,126.993849629,37.502981704
"6505",7,23,4,은행나무,GB,127.046984884,37.473605234
"6506",6,23,5,메타세쿼이아,TB,127.02437447,37.463711921
"6507",15,17,4,양버즘나무,PTA,127.02359725,37.481546544
"6508",9,39,12,느티나무,ZS,127.031294822,37.483919177
"6509",15,13,3,은행나무,GB,127.041864009,37.484009305
"6510",6,11,2,은행나무,GB,127.036855621,37.461002482
"6511",10,35,5,양버즘나무,PTA,127.013847139,37.508947131
"6512",7,14,2,양버즘나무,PTA,126.987729956,37.497276809
"6513",8,8,2,은행나무,GB,127.002028723,37.503560285
"6514",6,21,4,양버즘나무,PTA,127.039586491,37.469436341
"6515",9,17,3,은행나무,GB,126.988135773,37.496645891
"6516",7,27,5,양버즘나무,PTA,127.026696991,37.491593404
"6517",0,10,0,느티나무,ZS,127.0243974,37.483370365
"6518",13,43,12,가중나무,AA,127.008885682,37.51543545
"6519",9,18,4,양버즘나무,PTA,127.029593001,37.484754794
"6520",7,14,2,은행나무,GB,127.038985397,37.463054557
"6521",0,22,5,느티나무,ZS,127.03895298,37.478574926
"6522",8,33,5,양버즘나무,PTA,127.024779603,37.495587561
"6523",10,30,8,양버즘나무,PTA,127.037410976,37.469290346
"6524",7,20,6,은행나무,GB,127.028046694,37.472104462
"6525",7,17,4,양버즘나무,PTA,126.993836143,37.480130593
"6526",8,19,5,양버즘나무,PTA,127.023759967,37.497740435
"6527",10,11,3,은행나무,GB,127.002864951,37.482302179
"6528",10,24,10,양버즘나무,PTA,127.037219949,37.477338915
"6529",12,17,12,가중나무,AA,127.007584917,37.510220696
"6530",8,15,4,은행나무,GB,126.992124869,37.490353489
"6531",11,18,5,양버즘나무,PTA,127.028450488,37.488309837
"6532",6,10,2,은행나무,GB,127.049589766,37.455828347
"6533",4,14,2,느티나무,ZS,126.985444397,37.485860006
"6534",14,18,4,양버즘나무,PTA,127.025863523,37.487686713
"6535",16,30,4,양버즘나무,PTA,127.041965142,37.481009867
"6536",7,25,7,양버즘나무,PTA,127.014023679,37.49107703
"6537",10,30,5,양버즘나무,PTA,127.013913714,37.493279638
"6538",9,25,4,양버즘나무,PTA,127.00603684,37.479698047
"6539",3,15,3,느티나무,ZS,127.014952069,37.484673532
"6540",4,12,2,은행나무,GB,127.021922706,37.483038352
"6541",6,36,10,느티나무,ZS,127.030693831,37.484221772
"6542",5,10,2,메타세쿼이아,TB,127.000267589,37.474218403
"6543",10,24,3,은행나무,GB,127.019449803,37.485716756
"6544",13,29,5,양버즘나무,PTA,126.988905111,37.487481973
"6545",10,24,6,메타세쿼이아,TB,127.041340659,37.475421213
"6546",6,32,8,느티나무,ZS,127.081916323,37.462207531
"6547",9,19,6,양버즘나무,PTA,126.987911296,37.491776534
"6548",5,10,2,메타세쿼이아,TB,126.992959268,37.473783677
"6549",6,15,3,느티나무,ZS,127.042340855,37.464942427
"6550",6,16,5,은행나무,GB,127.041989167,37.47000272
"6551",11,23,8,양버즘나무,PTA,127.035072027,37.484384313
"6552",15,45,8,튤립나무,LT,126.998715895,37.504153922
"6553",12,17,2,은행나무,GB,127.041727607,37.484315258
"6554",0,9,0,느티나무,ZS,127.02275171,37.483131058
"6555",4,6,2,왕벚나무,PS,127.052533262,37.450746452
"6556",10,23,4,양버즘나무,PTA,127.035903214,37.476362062
"6557",14,28,7,양버즘나무,PTA,127.038806195,37.478586275
"6558",5,10,2,메타세쿼이아,TB,126.998190733,37.473873013
"6559",8,22,6,칠엽수,AC,127.010820434,37.504553118
"6560",8,25,10,양버즘나무,PTA,127.023912619,37.505229896
"6561",12,36,7,양버즘나무,PTA,127.00959465,37.492566658
"6562",15,27,6,양버즘나무,PTA,126.996898341,37.503825799
"6563",9,23,10,양버즘나무,PTA,127.012793159,37.502897375
"6564",10,25,8,양버즘나무,PTA,127.015186438,37.502109294
"6565",12,37,7,메타세쿼이아,TB,127.040844763,37.474848079
"6566",5,18,4,메타세쿼이아,TB,127.023719635,37.463359669
"6567",7,10,2,은행나무,GB,127.004250555,37.502292838
"6568",6,16,3,칠엽수,AC,127.011016113,37.503310087
"6569",5,8,3,왕벚나무,PS,127.048631856,37.456576378
"6570",8,23,8,양버즘나무,PTA,127.038449861,37.472302496
"6571",4,6,2,왕벚나무,PS,127.05602083,37.446940507
"6572",5,25,5,느티나무,ZS,126.987923685,37.480159152
"6573",6,10,3,은행나무,GB,127.067965713,37.4327771
"6574",6,10,2,은행나무,GB,127.002479892,37.493049265
"6575",13,37,8,가중나무,AA,127.002902349,37.509033428
"6576",6,16,2,은행나무,GB,127.023491999,37.472156916
"6577",10,39,7,양버즘나무,PTA,127.006121337,37.494662916
"6578",7,30,4,느티나무,ZS,127.051493242,37.460547938
"6579",10,27,4,양버즘나무,PTA,127.005411042,37.480999212
"6580",13,25,3,양버즘나무,PTA,127.042745784,37.481551383
"6581",7,17,6,은행나무,GB,126.994776944,37.480414278
"6582",8,25,6,느티나무,ZS,127.059183794,37.457621471
"6583",8,20,4,메타세쿼이아,TB,127.035804087,37.463020218
"6584",7,23,8,양버즘나무,PTA,127.033463696,37.469030656
"6585",11,38,8,메타세쿼이아,TB,127.042286172,37.476517747
"6586",14,33,6,양버즘나무,PTA,127.00411165,37.50057792
"6587",0,9,0,느티나무,ZS,127.024859186,37.483439588
"6588",12,40,8,양버즘나무,PTA,126.985733571,37.491014501
"6589",5,8,3,왕벚나무,PS,127.048851905,37.456379584
"6590",6,15,4,은행나무,GB,127.047183731,37.45883802
"6591",10,30,5,양버즘나무,PTA,127.0251575,37.495211009
"6592",6,21,4,느티나무,ZS,127.045875202,37.462867938
"6593",7,18,3,은행나무,GB,127.050469725,37.471023734
"6594",6,29,4,양버즘나무,PTA,127.039907084,37.468886657
"6595",14,26,8,양버즘나무,PTA,127.037863866,37.480109301
"6596",4,16,3,느티나무,ZS,126.985161831,37.485822947
"6597",5,7,4,은행나무,GB,127.044881342,37.471622732
"6598",6,20,6,은행나무,GB,127.04171406,37.469816119
"6599",8,23,7,양버즘나무,PTA,127.038930471,37.47308932
"6600",8,27,8,양버즘나무,PTA,126.999665219,37.500464792
"6601",8,26,8,양버즘나무,PTA,127.023133125,37.496582157
"6602",12,31,6,양버즘나무,PTA,126.9863541,37.49126172
"6603",12,25,6,양버즘나무,PTA,126.998543542,37.489087485
"6604",9,18,4,양버즘나무,PTA,127.029704852,37.484243748
"6605",6,40,8,느티나무,ZS,127.025435915,37.460078236
"6606",5,10,2,메타세쿼이아,TB,126.986542516,37.475541215
"6607",4,17,2,느티나무,ZS,127.089703852,37.463151197
"6608",6,31,7,느티나무,ZS,127.011528258,37.45680749
"6609",11,24,8,양버즘나무,PTA,127.013631094,37.502527456
"6610",6,21,6,은행나무,GB,127.041644997,37.469772817
"6611",7,16,3,은행나무,GB,127.051463132,37.45293868
"6612",14,37,6,양버즘나무,PTA,127.003917447,37.501373082
"6613",5,15,4,느티나무,ZS,126.992531289,37.487454566
"6614",7,12,2,은행나무,GB,127.035144363,37.460402555
"6615",6,25,3,메타세쿼이아,TB,127.02656958,37.465711955
"6616",14,29,5,메타세쿼이아,TB,127.043791907,37.477864674
"6617",5,10,2,메타세쿼이아,TB,127.003952927,37.475956363
"6618",7,40,12,양버즘나무,PTA,127.011884507,37.5129798
"6619",9,26,5,양버즘나무,PTA,127.02778601,37.489291982
"6620",6,26,7,느티나무,ZS,127.014222429,37.457585603
"6621",13,22,5,은행나무,GB,127.042483184,37.482635281
"6622",3,8,2,단풍나무,MP,126.984906808,37.485828508
"6623",8,18,7,양버즘나무,PTA,127.038930432,37.472982884
"6624",8,16,5,은행나무,GB,127.019237418,37.51036433
"6625",9,31,6,느티나무,ZS,127.061941843,37.456249015
"6626",13,32,5,양버즘나무,PTA,127.003952068,37.50143135
"6627",9,31,12,양버즘나무,PTA,127.004250089,37.487420673
"6628",10,29,4,양버즘나무,PTA,127.021315459,37.503284881
"6629",5,27,7,느티나무,ZS,127.068478783,37.456143479
"6630",13,28,6,양버즘나무,PTA,126.988729604,37.49571838
"6631",0,9,0,느티나무,ZS,127.024726173,37.483130918
"6632",8,34,6,양버즘나무,PTA,127.004004732,37.505738373
"6633",8,13,3,은행나무,GB,127.038445945,37.462227888
"6634",6,21,6,느티나무,ZS,127.002577941,37.50341645
"6635",7,33,7,느티나무,ZS,127.027779904,37.483866118
"6636",11,32,4,가중나무,AA,127.012712266,37.515751152
"6637",7,25,6,느티나무,ZS,127.072769736,37.457726051
"6638",7,27,7,느티나무,ZS,127.067167961,37.455717146
"6639",13,40,4,메타세쿼이아,TB,127.042416407,37.476420216
"6640",4,6,2,왕벚나무,PS,127.056693142,37.446476531
"6641",10,25,4,양버즘나무,PTA,127.011568683,37.508978292
"6642",9,31,8,양버즘나무,PTA,127.014257663,37.502584953
"6643",8,23,6,은행나무,GB,127.010298945,37.49414238
"6644",9,26,7,양버즘나무,PTA,127.013953816,37.491479551
"6645",7,20,3,양버즘나무,PTA,127.032879325,37.474742485
"6646",5,15,4,느티나무,ZS,127.045044014,37.463508065
"6647",8,30,5,양버즘나무,PTA,126.986789746,37.477114836
"6648",5,20,4,느티나무,ZS,127.047364523,37.469071498
"6649",7,11,2,은행나무,GB,127.049694511,37.455725252
"6650",5,10,2,메타세쿼이아,TB,126.991358332,37.474194854
"6651",8,41,10,양버즘나무,PTA,127.030184712,37.492117247
"6652",9,21,6,양버즘나무,PTA,127.03064408,37.489349244
"6653",8,27,8,회화나무,STJ,127.010287651,37.504021895
"6654",12,25,3,양버즘나무,PTA,126.989553287,37.494088973
"6655",7,25,6,은행나무,GB,126.992899592,37.479777176
"6656",10,32,6,메타세쿼이아,TB,127.040097576,37.473852508
"6657",14,36,12,느티나무,ZS,127.087602061,37.462677733
"6658",8,20,5,양버즘나무,PTA,127.015673798,37.484983629
"6659",7,39,8,양버즘나무,PTA,127.010626417,37.48618865
"6660",9,43,12,양버즘나무,PTA,127.011995849,37.513035644
"6661",13,39,12,가중나무,AA,127.007008565,37.513930762
"6662",8,14,2,메타세쿼이아,TB,127.013090147,37.508721576
"6663",10,24,5,양버즘나무,PTA,127.000394604,37.481751766
"6664",0,9,0,느티나무,ZS,127.007774284,37.478164281
"6665",12,27,7,양버즘나무,PTA,126.996672269,37.488654043
"6666",10,24,4,양버즘나무,PTA,127.015055222,37.518517161
"6667",8,35,3,양버즘나무,PTA,127.038656331,37.47153814
"6668",8,33,7,느티나무,ZS,127.058643551,37.457479356
"6669",3,21,12,양버즘나무,PTA,127.03213499,37.488035011
"6670",8,31,5,양버즘나무,PTA,127.019566233,37.489951041
"6671",10,28,7,메타세쿼이아,TB,127.042470814,37.476732763
"6672",12,29,12,가중나무,AA,127.006894493,37.51381894
"6673",8,10,3,은행나무,GB,126.98312745,37.472183167
"6674",9,26,8,느티나무,ZS,127.031821714,37.484052045
"6675",5,18,5,메타세쿼이아,TB,127.030611885,37.470998187
"6676",13,29,12,가중나무,AA,127.011724498,37.518226187
"6677",8,29,7,느티나무,ZS,127.058879521,37.457565159
"6678",12,39,6,양버즘나무,PTA,126.986149329,37.491180126
"6679",13,31,10,양버즘나무,PTA,126.989874478,37.49807408
"6680",9,25,6,양버즘나무,PTA,127.015762896,37.485637158
"6681",5,10,2,메타세쿼이아,TB,126.989961845,37.474868989
"6682",7,22,5,은행나무,GB,127.014897111,37.488390612
"6683",13,28,6,양버즘나무,PTA,126.989775282,37.486132475
"6684",0,9,0,느티나무,ZS,127.021299621,37.482915103
"6685",4,21,4,느티나무,ZS,126.990195353,37.486549207
"6686",10,39,8,양버즘나무,PTA,127.010639249,37.485384385
"6687",11,40,6,양버즘나무,PTA,126.987987955,37.488909273
"6688",6,13,5,은행나무,GB,127.047283739,37.474944169
"6689",10,28,5,양버즘나무,PTA,127.005120986,37.497473561
"6690",11,30,5,양버즘나무,PTA,126.984649721,37.49835094
"6691",14,19,8,양버즘나무,PTA,127.038018585,37.479537078
"6692",14,14,3,은행나무,GB,127.003930152,37.501309123
"6693",7,35,8,느티나무,ZS,127.081895966,37.461989764
"6694",0,9,0,느티나무,ZS,127.019418177,37.482653883
"6695",10,17,8,양버즘나무,PTA,127.042412294,37.465856352
"6696",4,10,1,은행나무,GB,127.01330522,37.513191509
"6697",15,33,7,양버즘나무,PTA,127.018956141,37.495187072
"6698",9,36,7,양버즘나무,PTA,126.991530199,37.483393686
"6699",7,32,8,칠엽수,AC,127.012017461,37.50157934
"6700",11,10,1,은행나무,GB,126.994068783,37.498284894
"6701",14,23,5,양버즘나무,PTA,127.003888076,37.501536136
"6702",5,10,2,메타세쿼이아,TB,126.987410566,37.475300587
"6703",11,25,6,양버즘나무,PTA,127.02561451,37.497214814
"6704",12,31,6,양버즘나무,PTA,127.014904468,37.493923876
"6705",9,18,4,은행나무,GB,127.010425901,37.510387987
"6706",10,34,12,느티나무,ZS,127.031840636,37.482241768
"6707",8,22,5,메타세쿼이아,TB,127.029897255,37.469845387
"6708",9,24,4,양버즘나무,PTA,127.002975199,37.482348512
"6709",7,20,2,양버즘나무,PTA,127.010855293,37.512784483
"6710",8,20,8,양버즘나무,PTA,127.010760591,37.498766987
"6711",5,11,3,왕벚나무,PS,127.035127281,37.478384634
"6712",7,12,4,은행나무,GB,127.047945259,37.468999696
"6713",9,21,5,양버즘나무,PTA,127.013059475,37.484480368
"6714",6,12,3,칠엽수,AC,127.010988862,37.503360203
"6715",12,24,5,양버즘나무,PTA,127.020682191,37.486098782
"6716",7,24,6,은행나무,GB,127.027406498,37.471697169
"6717",8,11,3,은행나무,GB,127.025459226,37.49464923
"6718",10,26,8,느티나무,ZS,127.03338409,37.484267412
"6719",12,34,8,양버즘나무,PTA,126.997848899,37.488882953
"6720",12,30,6,양버즘나무,PTA,126.98655559,37.491341421
"6721",8,24,5,느티나무,ZS,127.06164519,37.456563325
"6722",4,11,3,은행나무,GB,127.026106957,37.471011058
"6723",6,30,6,메타세쿼이아,TB,127.022548939,37.462266655
"6724",11,24,10,양버즘나무,PTA,126.993244531,37.488544256
"6725",9,37,9,느티나무,ZS,127.031675373,37.483006064
"6726",9,15,3,은행나무,GB,126.986714848,37.501654769
"6727",8,28,6,칠엽수,AC,127.011721557,37.501694259
"6728",12,35,5,양버즘나무,PTA,127.017341962,37.489283023
"6729",7,17,5,은행나무,GB,127.010946436,37.512677945
"6730",6,16,5,느티나무,ZS,127.051152306,37.46088096
"6731",0,9,0,느티나무,ZS,127.027390444,37.4837681
"6732",6,27,7,느티나무,ZS,127.082040556,37.461476517
"6733",10,32,5,양버즘나무,PTA,127.029086535,37.486978618
"6734",12,24,2,양버즘나무,PTA,127.029725898,37.484957008
"6735",4,22,6,느티나무,ZS,126.98436968,37.475964992
"6736",9,28,8,양버즘나무,PTA,126.982077472,37.480721956
"6737",8,37,9,메타세쿼이아,TB,127.027879256,37.467249636
"6738",13,22,8,양버즘나무,PTA,127.037284235,37.481033345
"6739",8,19,6,은행나무,GB,127.010514605,37.49369463
"6740",6,17,5,양버즘나무,PTA,127.016514271,37.48445104
"6741",5,10,2,메타세쿼이아,TB,127.003267127,37.475961166
"6742",13,26,5,양버즘나무,PTA,127.005186486,37.490669246
"6743",6,24,6,칠엽수,AC,127.012909327,37.496522032
"6744",4,25,5,양버즘나무,PTA,127.014230788,37.491381237
"6745",11,28,8,양버즘나무,PTA,127.037970647,37.477898702
"6746",12,28,6,양버즘나무,PTA,127.00531185,37.490802805
"6747",10,32,3,양버즘나무,PTA,127.004726387,37.491069526
"6748",8,23,7,메타세쿼이아,TB,127.030240456,37.472122553
"6749",7,24,7,느티나무,ZS,127.07114028,37.457396616
"6750",5,8,3,왕벚나무,PS,127.052108643,37.451608234
"6751",7,16,3,은행나무,GB,126.982767026,37.47293437
"6752",8,37,3,양버즘나무,PTA,127.038657667,37.472313581
"6753",8,15,2,은행나무,GB,127.00998837,37.512316247
"6754",9,26,6,양버즘나무,PTA,127.013270724,37.512478597
"6755",4,38,12,느티나무,ZS,127.088102927,37.462626198
"6756",12,27,7,양버즘나무,PTA,127.039640091,37.478563727
"6757",6,42,8,양버즘나무,PTA,127.009985236,37.48751749
"6758",13,55,12,느티나무,ZS,127.089241641,37.463216564
"6759",6,29,7,느티나무,ZS,127.08211789,37.462376042
"6760",6,13,3,은행나무,GB,127.046570334,37.475595805
"6761",4,23,5,느티나무,ZS,126.983273523,37.476171084
"6762",6,21,6,느티나무,ZS,127.053802213,37.459743131
"6763",10,42,10,메타세쿼이아,TB,127.029047597,37.469101068
"6764",6,14,4,은행나무,GB,127.050653494,37.454781911
"6765",11,34,12,가중나무,AA,127.009092468,37.515640455
"6766",6,26,7,느티나무,ZS,126.988231588,37.486023467
"6767",12,44,8,양버즘나무,PTA,127.009320386,37.48888854
"6768",8,35,3,양버즘나무,PTA,127.038843276,37.470452194
"6769",9,14,3,메타세쿼이아,TB,127.036404938,37.462264539
"6770",7,16,4,양버즘나무,PTA,127.040973592,37.467881784
"6771",8,23,5,느티나무,ZS,127.076839431,37.459054374
"6772",12,38,6,양버즘나무,PTA,127.026223755,37.497397505
"6773",11,29,10,양버즘나무,PTA,127.008866071,37.511773883
"6774",9,21,5,양버즘나무,PTA,127.025042015,37.491454031
"6775",5,10,2,메타세쿼이아,TB,126.991405906,37.474474342
"6776",8,20,8,양버즘나무,PTA,127.0108247,37.498776072
"6777",6,12,2,은행나무,GB,127.047116716,37.459015981
"6778",12,26,7,양버즘나무,PTA,127.038580448,37.479713261
"6779",7,16,6,양버즘나무,PTA,127.032849195,37.469687578
"6780",8,22,5,느티나무,ZS,127.078690872,37.459659682
"6781",0,9,0,느티나무,ZS,127.0084953,37.47852727
"6782",8,26,4,양버즘나무,PTA,127.013243095,37.51356267
"6852",7,11,2,은행나무,GB,127.043758944,37.466421876
"6783",11,37,8,양버즘나무,PTA,126.99227836,37.502552515
"6784",5,16,3,느티나무,ZS,127.04355814,37.466312884
"6785",4,12,2,은행나무,GB,127.021987733,37.483042001
"6786",7,10,1,은행나무,GB,127.00401198,37.50219788
"6787",8,24,6,양버즘나무,PTA,127.021897493,37.501653417
"6788",9,29,5,양버즘나무,PTA,126.991114843,37.484219084
"6789",6,16,5,느티나무,ZS,127.044601187,37.477814475
"6790",9,24,8,양버즘나무,PTA,127.0133878,37.513579084
"6791",11,31,7,양버즘나무,PTA,127.014940828,37.518205305
"6792",12,34,7,양버즘나무,PTA,126.988807251,37.492232369
"6793",15,28,6,메타세쿼이아,TB,127.043983108,37.477960744
"6794",6,15,4,은행나무,GB,127.048538818,37.469428731
"6795",10,29,6,가중나무,AA,127.011543931,37.516418436
"6796",7,23,4,은행나무,GB,127.045607685,37.471986915
"6797",7,27,5,느티나무,ZS,127.052314908,37.460192502
"6798",3,10,2,은행나무,GB,127.032113188,37.488083061
"6799",8,17,2,은행나무,GB,127.018071256,37.515719783
"6800",9,17,4,양버즘나무,PTA,126.992472473,37.489792215
"6801",8,29,5,양버즘나무,PTA,127.024787825,37.49154464
"6802",12,27,6,메타세쿼이아,TB,127.043926072,37.477933774
"6803",7,17,3,은행나무,GB,127.029475777,37.472970553
"6804",8,24,4,은행나무,GB,127.037368785,37.461384072
"6805",11,24,3,양버즘나무,PTA,127.017423689,37.500829243
"6806",9,27,5,양버즘나무,PTA,127.006103488,37.482950052
"6807",6,22,7,은행나무,GB,127.046271532,37.475912974
"6808",0,9,0,느티나무,ZS,127.021179978,37.48290055
"6809",10,14,2,양버즘나무,PTA,127.013669163,37.514802989
"6810",11,34,7,메타세쿼이아,TB,127.041687194,37.475574037
"6811",6,21,4,양버즘나무,PTA,127.030959476,37.47402944
"6812",5,13,3,왕벚나무,PS,127.035222434,37.478305403
"6813",11,37,8,양버즘나무,PTA,126.982957526,37.49391141
"6814",6,31,8,느티나무,ZS,127.052675475,37.460226068
"6815",9,29,6,가중나무,AA,127.003259441,37.508289886
"6816",11,30,6,메타세쿼이아,TB,127.042195708,37.476159736
"6817",6,14,2,은행나무,GB,126.995067499,37.485317924
"6818",12,38,8,양버즘나무,PTA,127.012022571,37.483306115
"6819",13,35,8,가중나무,AA,127.00835029,37.508288481
"6820",6,21,5,메타세쿼이아,TB,127.023591514,37.46306389
"6821",6,28,6,은행나무,GB,126.993019795,37.479818061
"6822",7,11,2,양버즘나무,PTA,127.033869352,37.475086035
"6823",5,15,4,느티나무,ZS,127.045097304,37.46346795
"6824",8,17,6,양버즘나무,PTA,127.034184143,37.464468025
"6825",5,12,2,메타세쿼이아,TB,127.004131457,37.476383224
"6826",12,27,10,느티나무,ZS,127.031786087,37.482486858
"6827",10,20,4,양버즘나무,PTA,127.006859152,37.478004918
"6828",13,24,8,가중나무,AA,127.011559722,37.518073492
"6829",7,28,7,은행나무,GB,127.046445266,37.474017477
"6830",10,35,5,양버즘나무,PTA,127.005286114,37.497135269
"6831",7,15,3,은행나무,GB,127.042936442,37.481549792
"6832",8,21,5,은행나무,GB,127.038760583,37.462690694
"6833",9,25,4,양버즘나무,PTA,127.003978664,37.485666458
"6834",5,17,4,은행나무,GB,127.024768345,37.471384837
"6835",11,35,10,양버즘나무,PTA,127.000399619,37.477103136
"6836",5,8,3,왕벚나무,PS,127.035412891,37.47824762
"6837",7,27,7,양버즘나무,PTA,127.013146924,37.510693253
"6838",10,35,7,메타세쿼이아,TB,127.030333836,37.472022468
"6839",5,29,5,메타세쿼이아,TB,127.023571519,37.463241889
"6840",10,40,8,양버즘나무,PTA,127.01068136,37.485298924
"6841",6,35,6,양버즘나무,PTA,126.983341605,37.496894373
"6842",7,13,2,은행나무,GB,127.039631323,37.463034056
"6843",5,10,2,메타세쿼이아,TB,127.00130017,37.475022343
"6844",8,20,6,양버즘나무,PTA,127.038883907,37.476408772
"6845",7,15,3,은행나무,GB,127.051103289,37.453648008
"6846",10,19,8,양버즘나무,PTA,127.001322763,37.4761284
"6847",7,29,7,은행나무,GB,127.042992388,37.474367985
"6848",5,17,4,느티나무,ZS,127.041780571,37.465055613
"6849",6,24,6,은행나무,GB,127.044451228,37.475939955
"6850",4,30,9,느티나무,ZS,127.01790312,37.458660764
"6851",8,42,6,느티나무,ZS,127.019756148,37.460374238
"6853",0,9,0,느티나무,ZS,127.022955118,37.483160831
"6854",12,41,11,양버즘나무,PTA,126.996946316,37.488638174
"6855",7,25,6,은행나무,GB,127.042069831,37.472950049
"6856",7,15,3,은행나무,GB,127.012203414,37.51322288
"6857",9,20,5,양버즘나무,PTA,127.027279259,37.490346683
"6858",7,19,10,회화나무,STJ,127.010199929,37.504194371
"6859",11,45,7,양버즘나무,PTA,127.012336434,37.493404538
"6860",8,17,5,메타세쿼이아,TB,127.027176993,37.466498145
"6861",11,21,8,양버즘나무,PTA,127.009454842,37.512520445
"6862",5,10,2,메타세쿼이아,TB,126.9934985,37.473941749
"6863",10,26,6,양버즘나무,PTA,127.006557203,37.491629363
"6864",9,28,6,느티나무,ZS,127.061417423,37.45647384
"6865",13,30,6,양버즘나무,PTA,126.990653639,37.498342173
"6866",0,9,0,느티나무,ZS,127.018729548,37.482202744
"6867",8,17,8,회화나무,STJ,127.010300547,37.503511754
"6868",11,41,8,양버즘나무,PTA,127.008749074,37.49007501
"6869",7,18,3,은행나무,GB,127.049449096,37.470318156
"6870",9,28,4,양버즘나무,PTA,127.042492453,37.481274803
"6871",5,28,6,느티나무,ZS,126.990703399,37.486855277
"6872",5,11,2,메타세쿼이아,TB,126.996997855,37.47370324
"6873",7,24,5,양버즘나무,PTA,127.012766108,37.487901016
"6874",6,42,7,메타세쿼이아,TB,127.014523548,37.517483811
"6875",11,25,10,양버즘나무,PTA,127.00898504,37.511830186
"6944",8,14,2,은행나무,GB,127.008615204,37.483435198
"6876",12,37,5,양버즘나무,PTA,126.988763983,37.501590182
"6877",14,31,8,양버즘나무,PTA,127.020683749,37.495966109
"6878",10,24,8,양버즘나무,PTA,127.042220174,37.46603083
"6879",6,18,4,은행나무,GB,127.051703257,37.452447565
"6880",14,29,3,양버즘나무,PTA,127.037229975,37.481423252
"6881",10,16,8,양버즘나무,PTA,127.041037304,37.467127393
"6882",8,22,4,양버즘나무,PTA,127.032190908,37.474658277
"6883",0,9,0,느티나무,ZS,127.028012964,37.48385056
"6884",4,12,3,느티나무,ZS,127.045119861,37.463999485
"6885",7,16,4,은행나무,GB,127.035063735,37.460326622
"6886",8,20,5,양버즘나무,PTA,126.992188678,37.482555222
"6887",6,21,3,은행나무,GB,127.025194514,37.470033019
"6888",8,27,5,양버즘나무,PTA,126.989037463,37.478604608
"6889",9,25,3,은행나무,GB,127.018485398,37.515708556
"6890",7,20,5,은행나무,GB,127.043293159,37.473933918
"6891",11,23,8,양버즘나무,PTA,127.035012756,37.484264654
"6892",5,10,2,메타세쿼이아,TB,126.996547547,37.4736827
"6893",9,18,5,양버즘나무,PTA,127.014302716,37.489446342
"6894",6,19,2,은행나무,GB,127.057290163,37.445588688
"6895",8,32,5,양버즘나무,PTA,127.024968907,37.495591263
"6896",7,20,4,양버즘나무,PTA,127.041617763,37.467241146
"6897",7,30,8,은행나무,GB,127.046330128,37.474115283
"6945",5,18,3,느티나무,ZS,127.044481697,37.466984517
"6898",16,24,8,양버즘나무,PTA,127.037953379,37.480772472
"6899",11,12,3,은행나무,GB,127.012697447,37.493238494
"6900",6,13,2,은행나무,GB,127.046944755,37.459465465
"6901",5,16,4,은행나무,GB,127.055882061,37.447230024
"6902",8,21,4,양버즘나무,PTA,127.017959214,37.485475262
"6903",5,10,2,메타세쿼이아,TB,127.00248496,37.475251078
"6904",12,32,8,양버즘나무,PTA,126.997631897,37.488816703
"6905",6,18,4,느티나무,ZS,127.016308187,37.484791192
"6906",6,11,2,은행나무,GB,127.066284617,37.43443187
"6907",6,19,6,칠엽수,AC,127.013066246,37.495862901
"6908",8,18,4,은행나무,GB,127.037108952,37.461190697
"6909",6,19,5,은행나무,GB,127.046812163,37.475386118
"6910",13,42,12,양버즘나무,PTA,127.018956955,37.517323661
"6911",9,25,8,양버즘나무,PTA,127.038957025,37.471588399
"6912",10,26,4,가중나무,AA,127.014293637,37.51502893
"6913",8,22,6,양버즘나무,PTA,127.029711588,37.489064575
"6914",7,13,2,은행나무,GB,127.035358898,37.460506956
"6915",8,31,10,느티나무,ZS,127.014051819,37.48057396
"6916",15,36,5,양버즘나무,PTA,126.99934836,37.504312511
"6917",6,31,4,느티나무,ZS,127.016070161,37.484884062
"6918",12,36,8,양버즘나무,PTA,127.017415906,37.494715085
"6919",6,11,4,양버즘나무,PTA,127.040715556,37.468120733
"6920",5,10,3,왕벚나무,PS,127.035607174,37.477980222
"6921",9,19,6,양버즘나무,PTA,127.03894505,37.476571604
"6922",7,18,4,은행나무,GB,127.003616128,37.507872209
"6923",4,21,3,느티나무,ZS,127.089839916,37.463194586
"6924",5,23,4,느티나무,ZS,127.041896188,37.465103825
"6925",10,36,8,메타세쿼이아,TB,127.036593655,37.4744372
"6926",11,27,5,양버즘나무,PTA,126.988991042,37.487536721
"6927",6,27,6,칠엽수,AC,127.012996886,37.496158641
"6928",14,33,12,느티나무,ZS,127.085790325,37.46208097
"6929",13,29,8,느티나무,ZS,127.090404469,37.463597345
"6930",17,21,7,양버즘나무,PTA,127.038407245,37.477591322
"6931",10,31,5,양버즘나무,PTA,127.005322868,37.497062717
"6932",8,25,8,양버즘나무,PTA,127.039117148,37.470431882
"6933",3,8,2,단풍나무,MP,126.985069992,37.485846648
"6934",10,35,7,메타세쿼이아,TB,127.030498618,37.471909625
"6935",9,32,8,메타세쿼이아,TB,127.030023614,37.472713147
"6936",14,31,6,양버즘나무,PTA,127.004439148,37.498078904
"6937",11,35,6,양버즘나무,PTA,126.986592191,37.491265047
"6938",12,40,8,양버즘나무,PTA,127.008394734,37.49001649
"6939",6,29,5,메타세쿼이아,TB,127.023235258,37.462981353
"6940",12,30,8,양버즘나무,PTA,127.01594174,37.501482897
"6941",9,13,4,가중나무,AA,127.015153463,37.52034393
"6942",8,27,4,느티나무,ZS,127.080414787,37.460467421
"6943",12,35,12,가중나무,AA,127.006265123,37.513205571
"6946",7,11,2,은행나무,GB,127.046176529,37.472182282
"6947",6,29,8,느티나무,ZS,127.026813503,37.46029574
"6948",8,16,3,은행나무,GB,126.998749769,37.504377243
"6949",13,39,13,은행나무,GB,127.022103287,37.509047312
"6950",5,15,5,은행나무,GB,126.988299176,37.463233708
"6951",7,18,4,양버즘나무,PTA,127.041015064,37.467837672
"6952",6,15,5,메타세쿼이아,TB,127.023355165,37.46307316
"6953",7,15,2,은행나무,GB,127.034739444,37.464002435
"6954",6,11,2,은행나무,GB,127.056672602,37.446328528
"6955",9,26,5,양버즘나무,PTA,127.027155397,37.491024488
"6956",9,18,5,은행나무,GB,127.018796728,37.51047853
"6957",14,32,7,양버즘나무,PTA,127.019354465,37.495561291
"6958",10,24,6,느티나무,ZS,127.02944213,37.483714196
"6959",13,15,4,양버즘나무,PTA,127.042724731,37.48184437
"6960",6,30,5,메타세쿼이아,TB,127.026462888,37.465828175
"6961",13,21,3,양버즘나무,PTA,127.041720216,37.480433347
"6962",4,48,12,느티나무,ZS,127.08798125,37.462585598
"6963",7,34,7,느티나무,ZS,127.046132818,37.461623218
"6964",9,27,6,양버즘나무,PTA,127.01173533,37.509300446
"6965",7,15,2,은행나무,GB,127.01022339,37.504354854
"6966",7,16,4,칠엽수,AC,127.011007312,37.503845026
"6967",12,38,7,양버즘나무,PTA,126.988742531,37.4922063
"6968",7,22,5,양버즘나무,PTA,127.014824727,37.488012609
"6969",8,28,5,양버즘나무,PTA,127.026274642,37.492469793
"6970",12,26,8,양버즘나무,PTA,127.038221107,37.478085224
"6971",5,16,3,느티나무,ZS,127.045271629,37.467559978
"6972",4,14,4,은행나무,GB,127.026390151,37.471189095
"6973",7,15,3,은행나무,GB,127.011379831,37.512942334
"6974",10,35,8,양버즘나무,PTA,127.006534564,37.49459499
"6975",12,40,8,양버즘나무,PTA,127.016098391,37.494566411
"6976",8,24,7,양버즘나무,PTA,127.038460393,37.476730595
"6977",9,18,4,느티나무,ZS,127.077884974,37.459594873
"6978",8,19,4,은행나무,GB,127.005951547,37.5102628
"6979",7,15,3,은행나무,GB,127.010334151,37.512513896
"6980",12,30,10,양버즘나무,PTA,126.986112386,37.503402276
"6981",0,9,0,느티나무,ZS,127.016983296,37.481989391
"6982",12,33,9,양버즘나무,PTA,126.996426288,37.488487866
"6983",13,17,4,양버즘나무,PTA,127.039882575,37.47874477
"6984",5,10,2,메타세쿼이아,TB,127.000068324,37.474459382
"6985",7,21,6,은행나무,GB,126.998413825,37.499257765
"6986",7,15,3,은행나무,GB,127.037452377,37.461953754
"6987",8,19,4,느티나무,ZS,127.076413419,37.459118175
"6988",8,27,8,칠엽수,AC,127.012191188,37.500807689
"6989",11,23,6,양버즘나무,PTA,126.98924298,37.486952462
"6990",10,30,10,양버즘나무,PTA,126.991458031,37.491432566
"6991",7,25,4,양버즘나무,PTA,127.031906597,37.474395531
"6992",12,52,12,가중나무,AA,127.007396748,37.510565522
"6993",8,13,4,양버즘나무,PTA,127.038448895,37.472513448
"6994",11,29,8,양버즘나무,PTA,126.982169081,37.4821685
"6995",13,30,10,가중나무,AA,127.006823688,37.511644201
"6996",4,11,4,은행나무,GB,127.028110054,37.472312459
"6997",0,9,0,느티나무,ZS,127.016105563,37.481732086
"6998",13,43,13,양버즘나무,PTA,127.019447988,37.515666822
"6999",7,27,6,양버즘나무,PTA,127.03215333,37.470432207
"7000",12,19,5,양버즘나무,PTA,127.009309636,37.483775501
"7001",12,30,8,양버즘나무,PTA,126.990822281,37.49208084
"7002",6,15,4,은행나무,GB,127.042177584,37.470253117
"7003",8,18,4,느티나무,ZS,127.038594399,37.469523612
"7004",8,33,5,양버즘나무,PTA,127.017077839,37.509704242
"7005",9,31,5,양버즘나무,PTA,127.023943174,37.491287231
"7006",6,20,3,은행나무,GB,127.048359663,37.456823523
"7007",7,35,12,양버즘나무,PTA,126.996443256,37.48318323
"7008",6,14,4,은행나무,GB,127.066998001,37.433725874
"7009",10,28,8,양버즘나무,PTA,127.01453802,37.502181193
"7010",12,34,6,양버즘나무,PTA,126.988662501,37.495461228
"7011",12,38,12,양버즘나무,PTA,126.986284695,37.502882934
"7012",10,36,7,양버즘나무,PTA,126.991594456,37.483294079
"7013",7,29,6,느티나무,ZS,127.053972195,37.459856566
"7014",6,18,4,은행나무,GB,126.988045119,37.462163044
"7015",7,22,3,양버즘나무,PTA,127.01082905,37.512772295
"7016",8,23,4,느티나무,ZS,127.060073543,37.45686603
"7017",7,26,5,양버즘나무,PTA,126.988409172,37.478044002
"7018",13,35,8,양버즘나무,PTA,126.982226697,37.483036599
"7019",8,34,8,느티나무,ZS,127.057690566,37.457888996
"7020",11,28,5,양버즘나무,PTA,127.003618946,37.500822594
"7021",8,29,5,양버즘나무,PTA,127.026395447,37.492218036
"7022",8,26,8,느티나무,ZS,127.066736605,37.455930687
"7023",5,24,6,느티나무,ZS,127.045258273,37.463385164
"7024",7,22,4,은행나무,GB,127.04205676,37.475048456
"7025",10,24,5,가중나무,AA,127.013189873,37.515477759
"7026",13,36,5,양버즘나무,PTA,127.004524793,37.4986909
"7027",8,19,5,양버즘나무,PTA,127.014795901,37.487273086
"7028",8,31,7,메타세쿼이아,TB,127.02992494,37.469894244
"7029",14,36,8,느티나무,ZS,127.02964803,37.484090547
"7030",6,31,5,메타세쿼이아,TB,127.023300459,37.463027572
"7031",10,27,8,양버즘나무,PTA,127.014319174,37.502551239
"7032",4,26,6,느티나무,ZS,127.016366661,37.457629276
"7033",12,34,12,양버즘나무,PTA,127.004405542,37.48841315
"7034",5,10,2,메타세쿼이아,TB,126.989278644,37.475060182
"7035",8,17,5,느티나무,ZS,127.078604499,37.459630176
"7036",4,22,7,양버즘나무,PTA,127.014296975,37.516486328
"7037",8,21,6,느티나무,ZS,127.059838468,37.457399412
"7038",10,27,8,양버즘나무,PTA,127.010342492,37.483977516
"7039",10,25,8,양버즘나무,PTA,127.001423342,37.475971774
"7040",7,25,4,은행나무,GB,127.044316801,37.473078339
"7041",5,8,3,단풍나무,MP,126.992735291,37.487568854
"7042",9,18,4,느티나무,ZS,127.077636463,37.459516971
"7043",9,24,6,느티나무,ZS,127.072544789,37.457641805
"7044",8,26,6,양버즘나무,PTA,127.038886026,37.477401446
"7045",10,33,8,양버즘나무,PTA,126.982095612,37.481023305
"7046",5,13,2,메타세쿼이아,TB,127.003451784,37.476048652
"7047",12,43,10,느티나무,ZS,127.089652888,37.463351235
"7048",5,10,2,메타세쿼이아,TB,126.987007105,37.47541259
"7049",8,10,1,은행나무,GB,126.994684046,37.493944762
"7050",14,36,6,메타세쿼이아,TB,127.013857935,37.515633187
"7051",7,35,8,칠엽수,AC,127.012090325,37.501259527
"7052",6,27,6,메타세쿼이아,TB,127.042967269,37.476950062
"7053",11,27,6,양버즘나무,PTA,126.987376237,37.489476675
"7054",17,27,8,양버즘나무,PTA,127.014597836,37.502148648
"7055",3,15,3,느티나무,ZS,127.015182338,37.484717901
"7056",11,10,2,은행나무,GB,127.041535308,37.484726639
"7057",10,24,8,양버즘나무,PTA,127.037980543,37.479678696
"7058",8,28,6,느티나무,ZS,127.053065814,37.459869643
"7059",6,17,4,양버즘나무,PTA,127.030750054,37.473904545
"7060",6,10,3,은행나무,GB,127.04318308,37.466050889
"7061",6,15,4,은행나무,GB,127.048052009,37.457113072
"7062",0,9,0,느티나무,ZS,127.008368685,37.478462869
"7063",5,17,4,느티나무,ZS,126.993297136,37.487816845
"7064",5,10,2,메타세쿼이아,TB,127.003332507,37.47599212
"7065",13,33,8,느티나무,ZS,126.988683486,37.495932215
"7066",5,12,2,메타세쿼이아,TB,127.006199665,37.477367403
"7067",5,12,2,메타세쿼이아,TB,127.003747456,37.476189038
"7068",8,13,4,은행나무,GB,126.993856352,37.493825951
"7069",12,31,8,양버즘나무,PTA,126.987939895,37.491886413
"7070",7,16,4,은행나무,GB,126.992971952,37.493612382
"7071",8,21,5,양버즘나무,PTA,127.026320038,37.49237995
"7072",4,15,3,은행나무,GB,127.012171138,37.48221002
"7073",11,24,10,양버즘나무,PTA,127.009503663,37.512165386
"7074",4,17,4,은행나무,GB,127.029240762,37.493961506
"7075",11,30,7,메타세쿼이아,TB,127.040215186,37.474125386
"7076",12,26,12,가중나무,AA,127.006660108,37.513590096
"7077",4,20,5,느티나무,ZS,126.982533334,37.485121838
"7078",8,31,5,양버즘나무,PTA,127.022960741,37.499790054
"7079",7,16,4,은행나무,GB,127.004147603,37.506754545
"7080",0,9,0,느티나무,ZS,127.021539951,37.482947539
"7081",10,30,8,양버즘나무,PTA,127.001378087,37.476041565
"7082",11,27,7,양버즘나무,PTA,127.014938308,37.518611906
"7083",7,22,5,양버즘나무,PTA,126.994484938,37.480565434
"7084",8,31,8,느티나무,ZS,127.081365108,37.460739092
"7085",4,14,4,은행나무,GB,127.011896545,37.482787236
"7086",5,17,2,느티나무,ZS,127.041885761,37.465133572
"7087",8,10,2,은행나무,GB,126.983661083,37.471196922
"7088",8,27,6,느티나무,ZS,127.082317257,37.462892015
"7089",8,41,10,느티나무,ZS,127.031604675,37.483290388
"7090",6,26,6,은행나무,GB,127.044348382,37.476155007
"7091",8,19,5,양버즘나무,PTA,127.038450017,37.472352009
"7092",8,26,8,양버즘나무,PTA,127.03414801,37.464597254
"7093",7,14,2,은행나무,GB,127.036463539,37.460661
"7094",5,8,3,왕벚나무,PS,127.052248296,37.451600513
"7095",6,26,6,메타세쿼이아,TB,127.024062505,37.463447543
"7096",9,27,4,양버즘나무,PTA,127.003895463,37.485156565
"7097",8,24,6,느티나무,ZS,127.078440221,37.459579228
"7098",0,9,0,느티나무,ZS,127.027919412,37.483837645
"7099",8,15,3,은행나무,GB,126.99216559,37.490288081
"7100",7,22,5,양버즘나무,PTA,126.987355953,37.477757904
"7101",5,15,4,느티나무,ZS,126.991979787,37.487259247
"7102",9,42,10,양버즘나무,PTA,127.011693661,37.484302511
"7103",7,28,6,칠엽수,AC,127.013710229,37.494460539
"7104",11,36,7,양버즘나무,PTA,126.98927535,37.486900615
"7105",5,10,3,왕벚나무,PS,127.035758339,37.477962053
"7106",11,28,12,양버즘나무,PTA,127.011928052,37.498923895
"7107",4,34,8,느티나무,ZS,127.086495369,37.462101026
"7108",5,10,2,메타세쿼이아,TB,126.990247185,37.474497779
"7109",7,13,4,양버즘나무,PTA,127.034367076,37.468063404
"7110",13,29,6,양버즘나무,PTA,126.988936127,37.487433405
"7111",13,34,12,가중나무,AA,127.006231508,37.512233247
"7112",8,33,7,느티나무,ZS,127.071700413,37.45757413
"7113",9,13,3,메타세쿼이아,TB,127.036070613,37.462567186
"7114",4,13,2,은행나무,GB,127.022475456,37.483104524
"7115",5,8,3,왕벚나무,PS,127.049772904,37.455659182
"7116",6,22,7,느티나무,ZS,127.054005856,37.459655589
"7117",12,25,9,양버즘나무,PTA,126.998940273,37.489365335
"7118",11,18,8,양버즘나무,PTA,127.0351076,37.484481923
"7119",6,13,4,은행나무,GB,126.98684434,37.468006347
"7120",8,16,8,은행나무,GB,127.008607886,37.511547297
"7121",8,27,6,느티나무,ZS,127.082332833,37.462931647
"7122",12,30,8,양버즘나무,PTA,127.01647404,37.494677244
"7123",8,23,5,양버즘나무,PTA,127.019201913,37.48586167
"7124",5,15,4,느티나무,ZS,126.994590611,37.48802141
"7125",7,14,3,은행나무,GB,127.025847837,37.493828219
"7126",12,44,12,가중나무,AA,127.011322866,37.516710569
"7127",7,11,2,은행나무,GB,127.036082192,37.46099243
"7128",8,21,6,느티나무,ZS,127.06021027,37.456993186
"7129",0,17,3,느티나무,ZS,127.036439808,37.482536541
"7130",7,13,3,은행나무,GB,127.035811163,37.460205283
"7131",8,27,7,메타세쿼이아,TB,127.030288236,37.472075725
"7132",7,25,4,느티나무,ZS,127.052924617,37.46030737
"7133",9,35,9,양버즘나무,PTA,127.00082514,37.476894029
"7134",10,15,10,은행나무,GB,127.012612102,37.480625215
"7135",12,37,8,양버즘나무,PTA,127.008822158,37.489128895
"7136",6,16,4,은행나무,GB,127.046744206,37.475349362
"7137",12,35,6,은행나무,GB,127.019784413,37.514565748
"7138",11,30,10,양버즘나무,PTA,127.035929781,37.477809334
"7139",13,34,12,가중나무,AA,127.012693414,37.519278165
"7140",7,27,5,은행나무,GB,127.042560876,37.474781366
"7141",6,14,3,은행나무,GB,127.052506741,37.451066175
"7142",6,17,4,은행나무,GB,127.053488045,37.449325878
"7143",7,17,7,회화나무,STJ,127.009980887,37.504115796
"7144",4,15,3,느티나무,ZS,126.985219079,37.485831059
"7145",11,32,5,양버즘나무,PTA,127.011249281,37.487288574
"7146",7,13,3,은행나무,GB,127.048601686,37.456742602
"7147",6,37,8,느티나무,ZS,127.021087287,37.460497368
"7148",8,32,6,메타세쿼이아,TB,127.04320993,37.477585769
"7149",9,20,6,은행나무,GB,126.991529633,37.493315064
"7150",11,11,2,은행나무,GB,127.007220126,37.492142244
"7151",6,15,4,양버즘나무,PTA,127.042133124,37.466761441
"7152",5,10,3,왕벚나무,PS,127.035185365,37.478445697
"7153",7,16,2,은행나무,GB,126.995338184,37.493943618
"7154",7,15,4,은행나무,GB,127.043685745,37.473913756
"7155",7,18,5,은행나무,GB,127.043251101,37.470990964
"7156",8,28,3,양버즘나무,PTA,127.038709699,37.471024692
"7157",6,28,6,메타세쿼이아,TB,127.023809363,37.46324105
"7158",3,11,2,꽃사과,PRS,126.984577098,37.485580634
"7159",6,21,5,느티나무,ZS,127.016876154,37.457883994
"7160",9,32,5,양버즘나무,PTA,127.020719611,37.490305402
"7161",5,15,3,은행나무,GB,127.035528782,37.460108831
"7162",10,19,5,양버즘나무,PTA,127.002778656,37.482310497
"7163",5,26,5,느티나무,ZS,127.043663865,37.464791595
"7164",9,30,8,양버즘나무,PTA,127.034181459,37.465833651
"7165",13,38,10,양버즘나무,PTA,126.992082539,37.49803369
"7166",9,22,3,양버즘나무,PTA,127.013616305,37.514601213
"7167",10,13,12,가중나무,AA,127.012829503,37.519117128
"7168",8,30,6,느티나무,ZS,127.08224875,37.463753388
"7169",7,44,10,느티나무,ZS,127.030067588,37.484139397
"7170",6,16,5,느티나무,ZS,126.985295736,37.47583093
"7171",17,27,7,메타세쿼이아,TB,127.043636355,37.477945544
"7172",9,25,6,메타세쿼이아,TB,127.036703149,37.474595499
"7173",5,10,2,메타세쿼이아,TB,127.004363856,37.476151586
"7174",9,18,5,양버즘나무,PTA,127.001705444,37.48230427
"7175",5,11,2,메타세쿼이아,TB,127.003941195,37.476282755
"7176",5,13,2,메타세쿼이아,TB,126.987639657,37.475231402
"7177",6,14,5,은행나무,GB,127.056090225,37.447036591
"7178",8,28,6,느티나무,ZS,127.061629146,37.456382616
"7179",7,21,5,은행나무,GB,127.043437333,37.47111705
"7180",8,23,4,양버즘나무,PTA,127.034303314,37.465119153
"7181",7,21,6,칠엽수,AC,127.011209792,37.502956757
"7182",12,19,7,양버즘나무,PTA,126.997206327,37.488849099
"7183",10,22,4,양버즘나무,PTA,127.04005339,37.47861665
"7184",12,39,12,가중나무,AA,127.008394166,37.514963611
"7185",9,27,4,느티나무,ZS,127.075377899,37.458890306
"7186",7,29,6,양버즘나무,PTA,127.031913377,37.470691969
"7187",6,17,6,은행나무,GB,127.049771344,37.470775678
"7188",9,33,7,양버즘나무,PTA,127.012510695,37.510062575
"7189",13,24,4,양버즘나무,PTA,127.040584843,37.479507063
"7190",8,22,4,은행나무,GB,126.992699681,37.479714243
"7191",8,23,5,양버즘나무,PTA,127.013992995,37.49124932
"7192",13,28,8,양버즘나무,PTA,126.981984692,37.478597051
"7193",8,11,2,은행나무,GB,127.025478654,37.494611036
"7194",12,27,5,양버즘나무,PTA,127.004561938,37.488242807
"7195",9,29,5,양버즘나무,PTA,127.018020989,37.489487862
"7196",9,30,10,양버즘나무,PTA,127.009701587,37.511706201
"7197",6,14,4,은행나무,GB,127.003622135,37.507521039
"7198",12,35,8,양버즘나무,PTA,127.01727122,37.494916182
"7199",7,28,5,은행나무,GB,127.042171239,37.474981211
"7200",11,43,5,양버즘나무,PTA,127.006764908,37.4941294
"7201",9,27,6,느티나무,ZS,127.077813039,37.45916906
"7202",11,29,6,양버즘나무,PTA,127.011591958,37.483411274
"7203",7,16,2,은행나무,GB,127.04434979,37.471443346
"7204",9,38,13,양버즘나무,PTA,127.023368052,37.5063737
"7205",8,15,3,은행나무,GB,126.99151403,37.490961488
"7206",8,22,5,양버즘나무,PTA,126.989081219,37.478631066
"7207",7,23,5,메타세쿼이아,TB,127.022204052,37.501403866
"7208",7,21,6,은행나무,GB,127.027947091,37.47204438
"7209",8,16,8,양버즘나무,PTA,127.01095006,37.498792987
"7210",7,34,6,은행나무,GB,127.04527275,37.472017318
"7211",8,21,3,느티나무,ZS,127.077214564,37.459379433
"7212",6,15,4,은행나무,GB,127.044097432,37.476275666
"7213",12,44,12,양버즘나무,PTA,126.986022293,37.503083203
"7214",9,27,4,느티나무,ZS,127.077813401,37.459577627
"7215",8,27,5,양버즘나무,PTA,126.990337614,37.479211036
"7216",11,40,10,양버즘나무,PTA,126.999953669,37.478206746
"7217",6,10,3,은행나무,GB,127.066805692,37.433911666
"7218",10,36,5,양버즘나무,PTA,126.987089888,37.49106957
"7219",8,18,4,양버즘나무,PTA,127.033341804,37.475051955
"7220",7,14,2,은행나무,GB,127.043996114,37.466597196
"7221",8,27,4,은행나무,GB,126.98720397,37.501531471
"7222",8,27,8,양버즘나무,PTA,127.011598453,37.498987691
"7246",4,24,6,느티나무,ZS,126.98801991,37.486157682
"7223",12,35,10,양버즘나무,PTA,127.026031364,37.500810156
"7224",10,24,6,양버즘나무,PTA,126.988563238,37.488013011
"7225",5,22,6,느티나무,ZS,126.988924037,37.479341634
"7226",8,23,5,양버즘나무,PTA,126.994543403,37.480584597
"7227",6,38,7,느티나무,ZS,127.022931857,37.460443268
"7228",6,22,6,느티나무,ZS,127.052060029,37.460490571
"7229",7,30,5,양버즘나무,PTA,126.989269655,37.478474384
"7230",7,18,3,은행나무,GB,127.049352679,37.470474089
"7231",7,16,4,은행나무,GB,127.048784584,37.470055263
"7232",9,28,6,느티나무,ZS,127.0147571,37.483869615
"7233",14,38,12,느티나무,ZS,127.085632819,37.462028471
"7234",6,16,6,은행나무,GB,127.043698589,37.47665531
"7235",7,26,6,은행나무,GB,127.017364695,37.515491178
"7236",10,26,6,양버즘나무,PTA,127.034322365,37.467885871
"7237",4,10,2,회화나무,STJ,127.015708961,37.520307881
"7238",8,24,6,메타세쿼이아,TB,127.030187781,37.470348994
"7239",6,17,4,은행나무,GB,127.048598308,37.469469961
"7240",8,16,6,양버즘나무,PTA,127.034143562,37.4652833
"7241",6,18,4,양버즘나무,PTA,127.040554281,37.468275128
"7242",11,10,3,은행나무,GB,126.983374505,37.496956644
"7243",10,24,5,양버즘나무,PTA,126.990844115,37.484639033
"7244",4,6,2,왕벚나무,PS,127.053111617,37.4500124
"7245",8,31,5,양버즘나무,PTA,127.023772699,37.491074891
"7247",10,17,5,양버즘나무,PTA,127.004821538,37.481841804
"7248",6,21,6,느티나무,ZS,127.001329825,37.47503678
"7249",8,14,3,은행나무,GB,127.037232564,37.461286489
"7250",7,27,8,은행나무,GB,127.04484222,37.475669363
"7251",12,21,10,가중나무,AA,127.007125,37.510563539
"7252",11,32,6,양버즘나무,PTA,127.013572268,37.49330572
"7253",6,25,8,느티나무,ZS,127.0034005,37.492220448
"7254",5,27,8,느티나무,ZS,126.990530506,37.486800262
"7255",8,12,2,은행나무,GB,127.038716408,37.458479621
"7256",7,22,7,칠엽수,AC,127.011953329,37.500683699
"7257",9,17,5,은행나무,GB,126.991347118,37.493243718
"7258",4,24,5,양버즘나무,PTA,127.014201007,37.491560926
"7259",7,26,6,은행나무,GB,127.045013841,37.472265516
"7260",10,19,4,양버즘나무,PTA,127.000281374,37.481724484
"7261",6,15,2,은행나무,GB,127.046712267,37.459712994
"7262",8,22,6,은행나무,GB,127.010470307,37.493791766
"7263",9,28,6,양버즘나무,PTA,127.006497534,37.506813053
"7264",10,18,5,메타세쿼이아,TB,127.041483276,37.475586718
"7265",8,22,5,느티나무,ZS,127.071324764,37.456984113
"7266",6,26,7,은행나무,GB,127.041538024,37.469698881
"7267",0,9,0,느티나무,ZS,127.017459025,37.481827073
"7268",9,21,4,느티나무,ZS,127.067531925,37.455992208
"7269",12,31,1,양버즘나무,PTA,127.016843263,37.501042461
"7270",8,29,4,양버즘나무,PTA,127.013057886,37.513849509
"7271",5,10,2,메타세쿼이아,TB,126.993322945,37.473702019
"7272",14,29,6,가중나무,AA,127.0078333,37.509241859
"7273",8,22,6,느티나무,ZS,127.061407154,37.456291713
"7274",12,38,8,메타세쿼이아,TB,127.042243843,37.476469494
"7275",8,29,7,양버즘나무,PTA,127.012043238,37.509595805
"7276",5,8,3,왕벚나무,PS,127.048677026,37.456534558
"7277",6,16,2,은행나무,GB,127.046451819,37.460408919
"7278",7,13,5,회화나무,STJ,127.011159848,37.502786262
"7279",11,25,8,칠엽수,AC,127.012494146,37.498343132
"7280",5,24,4,양버즘나무,PTA,127.014202323,37.516221045
"7281",7,18,5,은행나무,GB,127.042928975,37.473415351
"7282",11,25,10,양버즘나무,PTA,127.00799013,37.511348405
"7283",13,33,6,양버즘나무,PTA,127.039005825,37.477921552
"7284",16,14,6,양버즘나무,PTA,127.03623334,37.482175009
"7285",11,31,10,양버즘나무,PTA,126.993019016,37.488529361
"7286",6,16,4,느티나무,ZS,127.016524784,37.484364869
"7287",12,35,12,가중나무,AA,127.006515398,37.511703613
"7288",10,34,7,양버즘나무,PTA,126.991633712,37.483232659
"7289",9,31,5,양버즘나무,PTA,126.995737879,37.48075491
"7290",8,15,5,양버즘나무,PTA,127.013132383,37.488010358
"7291",6,29,4,양버즘나무,PTA,126.993545569,37.480441909
"7292",12,34,6,양버즘나무,PTA,126.999619159,37.504675811
"7293",9,27,5,양버즘나무,PTA,127.022833322,37.500050698
"7294",14,13,3,은행나무,GB,127.04181906,37.484110009
"7295",10,20,5,양버즘나무,PTA,127.001216271,37.481961266
"7296",10,23,5,양버즘나무,PTA,126.998523334,37.481501681
"7297",4,11,2,은행나무,GB,127.022215339,37.483075125
"7298",12,34,12,양버즘나무,PTA,127.011141383,37.498816557
"7299",7,22,6,은행나무,GB,127.043996206,37.47411555
"7300",9,27,6,양버즘나무,PTA,127.026279481,37.488026082
"7301",4,26,3,양버즘나무,PTA,127.014694305,37.517580091
"7302",6,26,8,양버즘나무,PTA,127.033337743,37.469165417
"7303",12,14,1,은행나무,GB,127.008580624,37.508366578
"7304",13,32,7,양버즘나무,PTA,127.038811328,37.478524823
"7305",0,9,0,느티나무,ZS,127.018263029,37.482065628
"7306",9,27,4,양버즘나무,PTA,127.029675505,37.484365315
"7307",6,28,10,양버즘나무,PTA,127.014484146,37.489960707
"7308",5,10,2,메타세쿼이아,TB,126.997654365,37.473769611
"7309",8,27,5,느티나무,ZS,127.082404805,37.463432029
"7310",9,31,6,메타세쿼이아,TB,127.035939602,37.474048045
"7311",8,23,6,칠엽수,AC,127.011732809,37.501636053
"7312",9,28,5,은행나무,GB,127.011261021,37.509210643
"7313",7,25,3,은행나무,GB,126.982644222,37.473206291
"7314",9,18,5,양버즘나무,PTA,127.027761107,37.489340717
"7315",11,35,10,양버즘나무,PTA,127.007344929,37.4833939
"7316",12,26,5,양버즘나무,PTA,127.02906056,37.487031093
"7317",6,18,3,메타세쿼이아,TB,127.028728937,37.468725574
"7318",8,40,8,양버즘나무,PTA,127.03698082,37.468861218
"7319",7,14,4,은행나무,GB,127.044398076,37.472863879
"7320",6,12,3,메타세쿼이아,TB,126.997560088,37.473468245
"7321",6,17,5,메타세쿼이아,TB,127.027102909,37.466201851
"7322",6,39,6,느티나무,ZS,127.021576533,37.460497419
"7323",8,15,3,은행나무,GB,127.037955357,37.459135578
"7324",11,41,6,양버즘나무,PTA,127.001614726,37.505331366
"7325",4,10,2,은행나무,GB,127.047648854,37.474589105
"7326",5,40,6,느티나무,ZS,127.041852561,37.465078914
"7327",8,27,5,양버즘나무,PTA,127.025602817,37.493874333
"7328",4,15,3,느티나무,ZS,127.015536887,37.484784218
"7329",4,6,2,왕벚나무,PS,127.05279177,37.450516596
"7330",9,28,7,양버즘나무,PTA,127.013326494,37.512053986
"7331",10,33,12,양버즘나무,PTA,127.00393776,37.484460504
"7332",5,28,7,느티나무,ZS,127.068278242,37.456078775
"7333",4,7,2,은행나무,GB,127.024549436,37.469314975
"7334",5,16,6,느티나무,ZS,127.000672845,37.474390464
"7335",9,20,5,느티나무,ZS,127.078914896,37.459518281
"7336",7,27,9,은행나무,GB,127.04310004,37.48128469
"7337",5,11,2,메타세쿼이아,TB,126.997278534,37.473725135
"7338",12,44,12,양버즘나무,PTA,126.986353327,37.502075865
"7339",7,18,4,은행나무,GB,127.050392951,37.471193384
"7364",7,18,6,은행나무,GB,126.986703777,37.468140764
"7340",6,19,4,양버즘나무,PTA,127.04022712,37.468591269
"7341",6,19,5,은행나무,GB,127.046623726,37.475466207
"7342",8,24,5,양버즘나무,PTA,127.014848639,37.487909094
"7343",6,14,1,은행나무,GB,127.013700514,37.51491525
"7344",5,29,6,느티나무,ZS,126.982657552,37.476624873
"7345",9,17,4,느티나무,ZS,127.077554444,37.459489107
"7346",9,19,6,양버즘나무,PTA,127.038960263,37.477457369
"7347",6,31,8,느티나무,ZS,127.022046417,37.460213986
"7348",4,6,2,왕벚나무,PS,127.052959788,37.449946985
"7349",7,19,4,은행나무,GB,127.029314207,37.47287225
"7350",8,26,6,느티나무,ZS,127.082398416,37.463258624
"7351",12,37,12,가중나무,AA,127.010113908,37.516644941
"7352",5,24,7,느티나무,ZS,126.988536573,37.480527175
"7353",6,30,6,메타세쿼이아,TB,127.025740771,37.464957697
"7354",7,28,6,칠엽수,AC,127.013490255,37.495211498
"7355",11,29,2,양버즘나무,PTA,127.017570774,37.500778693
"7356",5,13,2,메타세쿼이아,TB,126.997708615,37.473778308
"7357",4,21,5,느티나무,ZS,127.087481787,37.462425172
"7358",6,26,6,느티나무,ZS,127.066655243,37.455548248
"7359",11,26,6,양버즘나무,PTA,127.007528796,37.511110304
"7360",5,15,3,느티나무,ZS,127.041778742,37.465024826
"7361",7,12,2,은행나무,GB,127.036761449,37.460185657
"7362",8,14,3,은행나무,GB,127.011311228,37.512908902
"7363",10,25,10,양버즘나무,PTA,127.013502449,37.502767092
"7365",7,9,3,메타세쿼이아,TB,127.04262275,37.479328584
"7366",5,10,2,메타세쿼이아,TB,126.998997916,37.474095712
"7367",7,15,2,은행나무,GB,127.035827736,37.46016807
"7368",8,18,5,양버즘나무,PTA,127.038461494,37.476995243
"7369",15,40,8,양버즘나무,PTA,126.982270769,37.484085565
"7370",13,37,10,가중나무,AA,127.007763449,37.509373777
"7371",13,19,4,양버즘나무,PTA,127.023649782,37.481635052
"7372",6,29,5,메타세쿼이아,TB,127.024311676,37.463658542
"7373",0,9,0,느티나무,ZS,127.021598371,37.482956331
"7374",4,17,2,은행나무,GB,127.056626564,37.446369391
"7375",8,32,5,양버즘나무,PTA,127.015608154,37.488607651
"7376",7,17,4,은행나무,GB,127.049117398,37.470304449
"7377",9,27,5,양버즘나무,PTA,127.013861681,37.484636667
"7378",12,38,6,양버즘나무,PTA,127.011808357,37.483758888
"7379",5,25,6,느티나무,ZS,126.988905713,37.486310326
"7380",13,32,6,양버즘나무,PTA,127.019569571,37.495346359
"7381",7,32,6,은행나무,GB,127.041497722,37.472474415
"7382",6,16,4,느티나무,ZS,127.050339419,37.461032332
"7383",6,10,3,은행나무,GB,127.039826024,37.46921651
"7384",10,37,7,메타세쿼이아,TB,127.030790434,37.471654631
"7385",6,14,4,은행나무,GB,126.987701641,37.460904159
"7386",8,36,5,양버즘나무,PTA,127.024280471,37.491391572
"7387",7,35,10,양버즘나무,PTA,127.006813646,37.503292829
"7388",15,34,8,양버즘나무,PTA,126.998062324,37.503923899
"7389",5,12,2,단풍나무,MP,126.985476831,37.485894566
"7390",8,21,6,양버즘나무,PTA,127.015439965,37.486177835
"7391",7,18,3,은행나무,GB,127.049800901,37.470572265
"7392",8,22,5,양버즘나무,PTA,127.014148617,37.491863878
"7393",9,32,6,은행나무,GB,127.018910806,37.515845345
"7394",7,26,5,느티나무,ZS,127.011405856,37.479608087
"7395",9,31,6,칠엽수,AC,127.012395693,37.498774357
"7396",12,26,6,양버즘나무,PTA,127.036068577,37.482855774
"7397",9,24,7,느티나무,ZS,127.015658617,37.45767024
"7398",10,24,10,양버즘나무,PTA,127.002549702,37.502271725
"7399",11,28,5,양버즘나무,PTA,126.990078079,37.485848179
"7400",6,17,4,은행나무,GB,127.045987032,37.476186002
"7401",6,17,3,은행나무,GB,127.053538495,37.449260878
"7402",8,17,2,은행나무,GB,126.9943089,37.493890908
"7403",12,25,8,양버즘나무,PTA,127.016935862,37.494813978
"7404",10,32,8,양버즘나무,PTA,127.038460533,37.46962363
"7405",7,9,2,은행나무,GB,127.046535473,37.467975038
"7406",7,31,7,느티나무,ZS,127.046076972,37.461762335
"7407",9,25,9,양버즘나무,PTA,127.000909372,37.482101717
"7408",6,24,5,느티나무,ZS,126.983355479,37.47653317
"7409",6,15,2,은행나무,GB,127.023813409,37.471882831
"7410",6,24,5,은행나무,GB,127.045664514,37.467344548
"7411",10,22,10,양버즘나무,PTA,127.009490484,37.512057007
"7412",10,29,8,느티나무,ZS,127.081906245,37.462097571
"7413",0,9,0,느티나무,ZS,127.027302146,37.483754364
"7414",9,14,3,느티나무,ZS,127.026306904,37.497706065
"7415",6,12,3,메타세쿼이아,TB,126.995147072,37.473439802
"7416",6,26,6,은행나무,GB,127.050243661,37.472082307
"7417",10,27,5,양버즘나무,PTA,126.988434217,37.48839227
"7418",5,23,7,느티나무,ZS,126.988534635,37.480573926
"7419",4,10,4,은행나무,GB,127.024591106,37.469366669
"7420",11,29,8,양버즘나무,PTA,127.033060792,37.469228681
"7421",5,21,4,느티나무,ZS,127.045553143,37.462906641
"7422",8,17,3,은행나무,GB,127.038829538,37.45838045
"7423",0,9,0,느티나무,ZS,127.015660326,37.481600983
"7424",10,12,3,은행나무,GB,127.002906762,37.482311412
"7425",9,25,4,양버즘나무,PTA,127.004070207,37.486253127
"7426",6,44,9,느티나무,ZS,127.044767672,37.477456171
"7427",7,18,3,은행나무,GB,127.049331238,37.470230308
"7428",11,39,8,양버즘나무,PTA,127.012051875,37.483239237
"7429",4,23,3,느티나무,ZS,127.044208119,37.464842743
"7430",6,10,3,은행나무,GB,127.041140076,37.472239348
"7431",10,42,6,양버즘나무,PTA,127.005892232,37.495127964
"7432",13,38,8,양버즘나무,PTA,127.027091759,37.497649043
"7433",5,15,3,느티나무,ZS,126.986728914,37.485854744
"7434",9,33,5,양버즘나무,PTA,127.005603079,37.480604836
"7435",3,18,5,단풍나무,MP,127.010706304,37.493677688
"7436",11,32,7,양버즘나무,PTA,126.989307381,37.486850933
"7437",3,24,3,느티나무,ZS,127.026524454,37.499620712
"7438",11,10,1,은행나무,GB,126.993834873,37.498224317
"7439",8,20,5,양버즘나무,PTA,127.014295278,37.489488321
"7440",5,10,2,메타세쿼이아,TB,126.987075594,37.475393843
"7441",9,25,6,느티나무,ZS,127.063205632,37.455519354
"7442",7,9,2,은행나무,GB,127.03699521,37.460120588
"7443",13,31,7,양버즘나무,PTA,126.990275491,37.498066076
"7444",6,19,4,은행나무,GB,127.050986435,37.454132025
"7445",6,20,6,은행나무,GB,127.050508842,37.454784913
"7446",7,23,5,양버즘나무,PTA,126.99655746,37.481014906
"7447",10,29,10,양버즘나무,PTA,127.037613427,37.477635748
"7448",7,9,2,메타세쿼이아,TB,127.03494616,37.4738149
"7449",10,31,6,양버즘나무,PTA,126.987666984,37.489579385
"7450",8,28,8,양버즘나무,PTA,127.035966084,37.468368207
"7451",5,17,5,느티나무,ZS,127.046241818,37.468263018
"7452",9,21,5,양버즘나무,PTA,127.001004981,37.48190708
"7453",5,20,6,느티나무,ZS,126.986007272,37.475665449
"7454",7,31,6,느티나무,ZS,127.052554128,37.460088665
"7455",9,30,9,양버즘나무,PTA,127.000944626,37.476710993
"7456",4,19,4,은행나무,GB,127.027081155,37.471654881
"7457",7,16,4,양버즘나무,PTA,127.041774372,37.467095764
"7458",6,19,4,은행나무,GB,127.042249516,37.47018144
"7459",9,28,5,양버즘나무,PTA,127.023396278,37.498858149
"7460",14,27,6,양버즘나무,PTA,126.989035851,37.487277697
"7461",7,24,8,은행나무,GB,127.046764549,37.473709801
"7462",7,17,5,느티나무,ZS,127.047769706,37.46252156
"7463",12,33,12,가중나무,AA,127.006589197,37.511565777
"7464",9,22,6,은행나무,GB,126.998347879,37.496904522
"7465",9,39,10,양버즘나무,PTA,127.012652209,37.480756517
"7466",10,31,6,양버즘나무,PTA,127.004872366,37.481738207
"7467",6,10,2,메타세쿼이아,TB,126.996832029,37.473410903
"7468",7,12,2,은행나무,GB,127.010765995,37.512475324
"7469",10,26,4,양버즘나무,PTA,126.982242649,37.483370782
"7470",13,45,12,느티나무,ZS,127.089358704,37.463254553
"7471",8,21,5,은행나무,GB,127.010813891,37.51003318
"7472",7,26,5,양버즘나무,PTA,127.002440444,37.482456588
"7473",6,17,3,은행나무,GB,127.046699225,37.460120329
"7474",13,28,5,양버즘나무,PTA,127.029515265,37.485104554
"7475",8,16,3,은행나무,GB,126.982546065,37.473420933
"7476",4,11,3,회화나무,STJ,127.016306772,37.520685785
"7477",7,25,5,은행나무,GB,127.026954514,37.471396985
"7478",7,12,2,은행나무,GB,127.011364527,37.512752888
"7479",7,22,6,칠엽수,AC,127.013078723,37.495821014
"7480",13,19,12,느티나무,ZS,127.031001459,37.483937544
"7481",10,36,8,메타세쿼이아,TB,127.030037831,37.472371852
"7482",7,16,5,은행나무,GB,127.045229357,37.472054443
"7483",7,16,5,은행나무,GB,127.04828929,37.469700155
"7484",7,13,4,양버즘나무,PTA,127.001152855,37.475939507
"7485",10,33,5,양버즘나무,PTA,127.015539811,37.488732857
"7486",10,23,8,양버즘나무,PTA,127.041312605,37.466878522
"7487",6,38,7,느티나무,ZS,127.02275084,37.460451625
"7488",4,6,2,왕벚나무,PS,127.056219893,37.446915368
"7489",8,26,6,느티나무,ZS,127.054163409,37.459398537
"7490",7,14,2,은행나무,GB,127.037568524,37.462039958
"7491",7,13,2,은행나무,GB,127.039710916,37.463082794
"7492",7,12,3,메타세쿼이아,TB,127.042328431,37.478985224
"7493",4,14,2,은행나무,GB,127.012695196,37.481921888
"7494",6,32,6,메타세쿼이아,TB,127.026341304,37.465718493
"7495",11,24,7,양버즘나무,PTA,126.985989863,37.504888294
"7496",10,15,2,은행나무,GB,127.001453565,37.481991248
"7497",10,22,5,양버즘나무,PTA,126.997888407,37.481656018
"7498",6,25,4,은행나무,GB,126.987701632,37.460693306
"7499",7,14,1,은행나무,GB,127.008299653,37.508878767
"7500",13,42,12,가중나무,AA,127.011789784,37.518285292
"7501",11,27,6,양버즘나무,PTA,127.013196171,37.510569932
"7502",6,33,6,느티나무,ZS,127.014980139,37.481045924
"7503",9,34,6,느티나무,ZS,127.058825512,37.457401108
"7504",12,36,6,양버즘나무,PTA,126.982909818,37.492644877
"7505",8,29,8,양버즘나무,PTA,127.038871783,37.472868933
"7506",7,19,4,은행나무,GB,127.050115094,37.45535729
"7507",7,12,4,은행나무,GB,127.042663907,37.474539867
"7508",14,38,6,양버즘나무,PTA,127.004199491,37.49987699
"7509",13,44,8,양버즘나무,PTA,127.001534067,37.50414714
"7510",11,38,7,양버즘나무,PTA,126.982971191,37.49438263
"7511",7,15,2,은행나무,GB,127.011212895,37.512743471
"7512",11,32,6,가중나무,AA,127.003108159,37.508596905
"7513",7,20,4,양버즘나무,PTA,127.014394658,37.488924047
"7514",12,47,12,가중나무,AA,127.004439925,37.511103871
"7515",9,9,2,은행나무,GB,127.01148667,37.518004546
"7516",5,17,4,느티나무,ZS,127.040960208,37.467267833
"7517",7,11,8,양버즘나무,PTA,127.036009827,37.468224965
"7518",10,21,5,양버즘나무,PTA,127.007601221,37.492430161
"7519",4,27,8,느티나무,ZS,127.09105772,37.463596156
"7520",7,20,2,양버즘나무,PTA,127.033614099,37.475000026
"7521",13,18,7,양버즘나무,PTA,127.036441483,37.481902063
"7522",11,12,2,은행나무,GB,127.041595729,37.484596416
"7523",8,14,2,은행나무,GB,126.983217729,37.471989627
"7524",7,16,5,은행나무,GB,127.042356607,37.473040699
"7525",14,43,12,느티나무,ZS,127.086601618,37.462345226
"7526",6,14,3,은행나무,GB,127.044802499,37.46672519
"7527",10,32,12,양버즘나무,PTA,127.010572886,37.484021313
"7528",12,39,12,양버즘나무,PTA,127.018703617,37.51805997
"7529",7,13,2,은행나무,GB,127.039277442,37.463249515
"7530",4,6,2,왕벚나무,PS,127.057209762,37.445969156
"7531",11,24,5,양버즘나무,PTA,126.988872652,37.501612643
"7532",9,29,12,양버즘나무,PTA,127.000375266,37.481966286
"7533",11,28,6,양버즘나무,PTA,126.989976826,37.50207372
"7534",7,28,10,양버즘나무,PTA,127.009624761,37.504380801
"7535",5,17,4,느티나무,ZS,126.991863389,37.487060643
"7536",7,12,2,은행나무,GB,127.025225862,37.495157978
"7537",0,9,0,느티나무,ZS,127.015012272,37.481406762
"7538",10,23,5,양버즘나무,PTA,126.999651905,37.481601563
"7539",7,28,4,은행나무,GB,127.044361106,37.473038613
"7540",5,17,4,느티나무,ZS,127.041645405,37.466628192
"7541",8,34,5,양버즘나무,PTA,126.994402837,37.480538625
"7542",7,22,4,느티나무,ZS,127.039748193,37.468334223
"7543",0,9,0,느티나무,ZS,127.019896613,37.482439559
"7544",11,35,8,양버즘나무,PTA,127.010249699,37.492493758
"7545",8,13,3,은행나무,GB,127.014439831,37.488679958
"7546",9,36,10,느티나무,ZS,127.03154758,37.4835585
"7547",5,30,8,느티나무,ZS,127.0276119,37.459993644
"7548",6,12,2,은행나무,GB,127.017455765,37.501038878
"7549",9,31,5,양버즘나무,PTA,127.021290055,37.490479592
"7550",6,16,5,은행나무,GB,127.04953083,37.470601509
"7551",7,30,8,은행나무,GB,127.045596567,37.474961676
"7552",7,29,5,은행나무,GB,127.050450555,37.47188436
"7553",0,9,0,느티나무,ZS,127.035567408,37.484618565
"7554",9,27,8,느티나무,ZS,127.031390234,37.483512033
"7555",8,25,5,은행나무,GB,127.010229724,37.49428448
"7556",10,22,3,양버즘나무,PTA,127.003568507,37.501092207
"7557",11,27,6,양버즘나무,PTA,127.009899806,37.483681205
"7558",10,33,6,양버즘나무,PTA,127.005109957,37.481242534
"7559",8,26,5,느티나무,ZS,127.066150498,37.455384137
"7560",10,13,6,은행나무,GB,127.012415596,37.51328124
"7561",6,23,6,칠엽수,AC,127.013028198,37.496024689
"7562",10,22,4,은행나무,GB,127.003523936,37.482432127
"7563",10,37,10,느티나무,ZS,127.02999418,37.48379522
"7564",11,19,5,은행나무,GB,127.012805175,37.493277229
"7565",8,30,8,느티나무,ZS,127.011305204,37.479557902
"7566",7,16,4,은행나무,GB,127.050173339,37.47104637
"7567",5,31,8,느티나무,ZS,127.027786457,37.459987615
"7568",5,10,2,메타세쿼이아,TB,126.993647832,37.473626903
"7569",13,28,10,양버즘나무,PTA,127.025961577,37.50095971
"7570",12,28,8,가중나무,AA,127.008109248,37.508726423
"7571",6,19,6,칠엽수,AC,127.012816665,37.496910829
"7572",5,13,4,은행나무,GB,127.024946144,37.469918783
"7573",6,32,10,느티나무,ZS,127.017310635,37.458204765
"7574",5,14,3,느티나무,ZS,126.994379113,37.487951279
"7575",8,23,4,양버즘나무,PTA,127.040119626,37.478691475
"7576",8,31,12,느티나무,ZS,127.031249047,37.483966846
"7577",16,21,4,양버즘나무,PTA,127.026012094,37.487731976
"7578",8,37,7,느티나무,ZS,127.046408731,37.462679611
"7579",4,6,2,왕벚나무,PS,127.056053816,37.44707152
"7580",5,10,2,메타세쿼이아,TB,126.999590608,37.47397567
"7581",0,9,0,느티나무,ZS,127.01007854,37.479326978
"7582",6,33,8,느티나무,ZS,127.016392929,37.48457915
"7583",10,21,8,양버즘나무,PTA,126.998061322,37.481028399
"7584",12,34,10,양버즘나무,PTA,127.000341418,37.506113107
"7585",6,28,8,칠엽수,AC,127.012945132,37.496370604
"7586",14,37,6,양버즘나무,PTA,126.99126581,37.48380427
"7587",10,24,4,양버즘나무,PTA,127.004364112,37.486998853
"7588",9,25,5,양버즘나무,PTA,127.003913575,37.485272267
"7589",10,26,10,느티나무,ZS,127.031804593,37.482396165
"7590",6,16,5,은행나무,GB,126.987638833,37.467057978
"7591",6,15,3,느티나무,ZS,126.985212656,37.475846601
"7592",7,22,3,양버즘나무,PTA,127.035241198,37.475698055
"7593",9,23,4,양버즘나무,PTA,127.005256431,37.480934497
"7594",13,12,3,은행나무,GB,126.989593469,37.498079267
"7595",13,40,6,양버즘나무,PTA,127.00743724,37.50709767
"7596",7,28,8,칠엽수,AC,127.01209978,37.501213102
"7597",7,20,5,양버즘나무,PTA,127.028483392,37.488488033
"7598",7,23,6,은행나무,GB,127.049206087,37.473084448
"7599",9,27,5,양버즘나무,PTA,127.020192156,37.486166092
"7600",6,36,8,느티나무,ZS,127.026726243,37.460298243
"7601",8,12,2,은행나무,GB,127.012216301,37.513382013
"7602",4,12,2,은행나무,GB,127.021866962,37.483023594
"7603",8,16,6,은행나무,GB,126.986292385,37.468526231
"7604",9,20,5,은행나무,GB,127.010863692,37.509566283
"7605",5,8,3,왕벚나무,PS,127.049819037,37.455615309
"7606",12,28,7,양버즘나무,PTA,126.998720233,37.489297428
"7607",4,15,3,은행나무,GB,127.01244331,37.482433104
"7608",4,15,3,느티나무,ZS,126.993459364,37.487495486
"7609",8,17,5,은행나무,GB,126.998427226,37.498313133
"7610",17,28,7,양버즘나무,PTA,127.039090841,37.478336793
"7611",8,18,5,느티나무,ZS,127.077013492,37.459110334
"7612",11,17,4,은행나무,GB,127.018522965,37.500423663
"7613",9,22,4,양버즘나무,PTA,127.029614076,37.484641528
"7614",13,17,6,양버즘나무,PTA,127.01297198,37.510342851
"7615",14,29,6,양버즘나무,PTA,127.004102146,37.498813951
"7616",6,23,6,은행나무,GB,127.045149962,37.471825086
"7617",8,39,9,메타세쿼이아,TB,127.027816928,37.467171242
"7618",5,15,4,은행나무,GB,127.026042404,37.470967334
"7619",5,19,4,은행나무,GB,127.023762163,37.472059176
"7620",6,27,8,느티나무,ZS,127.022586656,37.460191935
"7621",6,13,3,양버즘나무,PTA,127.042294387,37.466612992
"7622",12,39,6,메타세쿼이아,TB,127.014043268,37.516148631
"7623",11,24,8,느티나무,ZS,127.031610858,37.482479089
"7624",7,15,5,은행나무,GB,127.019167711,37.510343136
"7625",7,19,2,은행나무,GB,127.050439174,37.454890032
"7626",8,31,10,양버즘나무,PTA,127.01230292,37.502859674
"7627",5,18,4,느티나무,ZS,127.042046263,37.466256305
"7628",0,9,0,느티나무,ZS,127.010527523,37.479559939
"7629",10,15,2,메타세쿼이아,TB,127.002475622,37.505592887
"7630",6,28,3,은행나무,GB,127.044354007,37.472903605
"7631",7,10,2,은행나무,GB,127.00842463,37.508152481
"7632",12,18,4,은행나무,GB,127.018473607,37.500440212
"7633",12,20,6,양버즘나무,PTA,126.982842676,37.490547875
"7634",8,20,6,느티나무,ZS,127.08227673,37.462790346
"7635",7,17,4,은행나무,GB,126.984077892,37.470601778
"7636",9,23,5,양버즘나무,PTA,127.023830709,37.491103976
"7637",12,40,8,양버즘나무,PTA,126.982182702,37.482462012
"7638",12,34,6,양버즘나무,PTA,126.991057646,37.484126864
"7639",6,26,6,느티나무,ZS,126.989526159,37.479199758
"7640",6,34,7,메타세쿼이아,TB,127.027230133,37.466325633
"7641",4,6,2,왕벚나무,PS,127.057309622,37.445519716
"7642",13,26,8,은행나무,GB,127.044097597,37.479063142
"7643",11,27,8,은행나무,GB,126.997916311,37.495146817
"7644",7,13,4,은행나무,GB,126.985798518,37.468937229
"7645",11,36,6,양버즘나무,PTA,127.0105026,37.487063202
"7646",10,23,4,양버즘나무,PTA,127.036506869,37.476805958
"7647",12,23,5,양버즘나무,PTA,127.028316451,37.492613246
"7648",9,17,4,양버즘나무,PTA,127.017144131,37.48528835
"7649",8,19,4,양버즘나무,PTA,127.033525562,37.475115911
"7650",6,20,4,느티나무,ZS,127.045473282,37.463727439
"7651",6,28,10,느티나무,ZS,127.015567059,37.45740751
"7652",10,26,2,양버즘나무,PTA,127.017712916,37.50072421
"7653",11,17,7,양버즘나무,PTA,127.004829082,37.490967137
"7654",7,20,3,은행나무,GB,127.049861943,37.470616332
"7655",8,24,5,양버즘나무,PTA,127.027152976,37.492110047
"7656",7,10,1,은행나무,GB,127.003920242,37.502117506
"7657",5,12,4,느티나무,ZS,126.99081845,37.474630016
"7658",9,24,6,양버즘나무,PTA,127.009645063,37.51180918
"7659",7,16,4,은행나무,GB,126.993095634,37.493630209
"7660",5,28,6,느티나무,ZS,126.987922821,37.479295013
"7661",3,8,2,단풍나무,MP,126.984253436,37.485751959
"7662",12,39,10,느티나무,ZS,127.033060924,37.484552436
"7663",9,34,8,양버즘나무,PTA,127.035572144,37.463018018
"7664",7,30,7,은행나무,GB,127.042861459,37.473466757
"7665",9,21,3,양버즘나무,PTA,127.026310615,37.492785106
"7666",6,11,3,은행나무,GB,127.064867079,37.435811852
"7667",10,40,10,양버즘나무,PTA,127.011225423,37.508485691
"7668",10,25,4,양버즘나무,PTA,127.004453848,37.48757331
"7669",5,10,2,메타세쿼이아,TB,126.988830805,37.474895556
"7670",9,26,9,양버즘나무,PTA,127.03411642,37.466104587
"7671",7,20,3,양버즘나무,PTA,127.01371073,37.4844438
"7672",0,9,0,느티나무,ZS,127.010072206,37.479324175
"7673",11,44,8,양버즘나무,PTA,127.009562053,37.492283447
"7674",8,36,7,느티나무,ZS,127.046576125,37.462603049
"7675",6,14,4,은행나무,GB,126.988072756,37.462273195
"7676",5,13,2,메타세쿼이아,TB,127.00257542,37.475627466
"7677",6,15,2,은행나무,GB,127.053619281,37.449187211
"7678",10,20,6,양버즘나무,PTA,127.038950317,37.476994273
"7679",8,22,8,양버즘나무,PTA,127.038408318,37.477340555
"7680",4,16,4,느티나무,ZS,127.044327775,37.464719386
"7681",12,44,9,메타세쿼이아,TB,127.030236955,37.470625043
"7682",6,29,8,느티나무,ZS,127.02193206,37.460220283
"7683",8,23,4,메타세쿼이아,TB,127.030678981,37.470850618
"7684",6,23,5,느티나무,ZS,127.045987846,37.461669513
"7685",11,31,5,가중나무,AA,127.003007971,37.508804881
"7686",9,20,6,은행나무,GB,127.010798862,37.509687246
"7687",7,10,2,은행나무,GB,127.004310198,37.502318405
"7688",14,20,4,양버즘나무,PTA,127.021441624,37.486330784
"7689",7,35,8,양버즘나무,PTA,127.010562415,37.486324766
"7690",13,43,5,양버즘나무,PTA,127.002696866,37.505373487
"7691",8,24,6,칠엽수,AC,127.010465236,37.504332999
"7692",7,22,4,느티나무,ZS,127.009988207,37.505237893
"7693",8,28,7,느티나무,ZS,127.071579056,37.457539434
"7694",9,31,8,느티나무,ZS,127.032502559,37.484474443
"7695",7,10,2,은행나무,GB,127.035214498,37.460430494
"7696",11,15,3,느티나무,ZS,127.016129017,37.501387578
"7697",15,29,5,양버즘나무,PTA,126.994738012,37.503256065
"7698",0,9,0,느티나무,ZS,127.008109784,37.478329443
"7699",10,26,10,양버즘나무,PTA,127.013412377,37.502784552
"7700",5,16,4,느티나무,ZS,127.041314462,37.466936855
"7701",13,25,5,양버즘나무,PTA,127.029507245,37.485976409
"7702",7,25,2,양버즘나무,PTA,127.034303184,37.475236278
"7703",6,29,6,칠엽수,AC,127.01300072,37.497304284
"7704",7,16,2,은행나무,GB,127.038609825,37.458710906
"7705",19,36,12,양버즘나무,PTA,127.032591898,37.48707336
"7706",4,17,3,느티나무,ZS,127.043648289,37.465357608
"7707",5,22,4,느티나무,ZS,126.988125373,37.480191328
"7708",9,29,6,느티나무,ZS,127.014734336,37.48402221
"7709",9,20,3,양버즘나무,PTA,127.013595403,37.514503566
"7710",8,18,4,느티나무,ZS,127.080686171,37.46024841
"7711",8,26,7,은행나무,GB,127.010371998,37.493992169
"7712",8,27,4,양버즘나무,PTA,127.034926815,37.463823989
"7713",10,32,5,양버즘나무,PTA,127.012099694,37.487538297
"7714",8,30,5,양버즘나무,PTA,127.021604556,37.490577316
"7715",7,13,3,은행나무,GB,126.98984474,37.493627676
"7716",0,8,0,느티나무,ZS,127.037400867,37.484864599
"7717",10,23,5,양버즘나무,PTA,126.999495819,37.481587864
"7718",4,34,7,메타세쿼이아,TB,127.01455971,37.517220077
"7719",11,32,6,양버즘나무,PTA,126.987413572,37.48979418
"7720",12,45,12,가중나무,AA,127.006720476,37.513647413
"7721",10,26,7,양버즘나무,PTA,127.014959954,37.518259036
"7722",7,15,4,은행나무,GB,126.992249864,37.490148701
"7723",7,26,4,양버즘나무,PTA,127.032567282,37.474632925
"7724",9,25,4,느티나무,ZS,127.081089452,37.4601585
"7725",4,20,3,느티나무,ZS,126.994214727,37.473811309
"7726",5,28,4,메타세쿼이아,TB,127.014243267,37.516708025
"7727",6,26,5,양버즘나무,PTA,127.003364926,37.482633984
"7728",5,33,4,메타세쿼이아,TB,127.028801416,37.468814172
"7729",12,39,10,양버즘나무,PTA,126.999293676,37.508361729
"7730",6,21,4,은행나무,GB,126.982156562,37.480712138
"7731",5,16,2,느티나무,ZS,127.041815615,37.465080408
"7732",10,25,5,양버즘나무,PTA,127.028085664,37.489069283
"7733",7,13,2,은행나무,GB,127.003423787,37.508261535
"7734",9,37,6,양버즘나무,PTA,127.030122454,37.4891905
"7735",5,25,8,느티나무,ZS,127.004049721,37.491540222
"7736",8,14,3,은행나무,GB,127.038330812,37.462141946
"7737",11,38,6,양버즘나무,PTA,126.989934982,37.485886135
"7738",6,24,7,느티나무,ZS,127.018313784,37.459380958
"7739",8,28,5,양버즘나무,PTA,127.023668241,37.498293596
"7740",13,49,12,가중나무,AA,127.007548941,37.510288215
"7741",8,29,7,양버즘나무,PTA,126.986342334,37.476941242
"7742",6,29,7,느티나무,ZS,127.015295565,37.481144702
"7743",12,32,8,양버즘나무,PTA,127.00812774,37.49134613
"7744",5,21,3,메타세쿼이아,TB,127.024748164,37.46426013
"7745",12,43,12,가중나무,AA,127.007112581,37.511111033
"7746",5,31,5,메타세쿼이아,TB,127.03016138,37.472352076
"7747",5,15,4,느티나무,ZS,127.044853737,37.463659679
"7748",14,27,10,가중나무,AA,127.011235627,37.518064203
"7749",9,19,6,은행나무,GB,126.998269018,37.499526582
"7750",6,10,1,은행나무,GB,126.99101284,37.493007359
"7751",6,17,4,느티나무,ZS,127.045885531,37.463439522
"7752",6,29,5,느티나무,ZS,127.046205513,37.463256902
"7753",9,15,3,양버즘나무,PTA,127.006746708,37.477848472
"7754",5,10,2,메타세쿼이아,TB,126.999172175,37.474150586
"7755",6,31,8,느티나무,ZS,127.024640986,37.460378566
"7756",6,25,4,은행나무,GB,127.04694516,37.47364938
"7757",8,19,5,은행나무,GB,126.998468353,37.498924192
"7758",10,23,8,양버즘나무,PTA,127.040358933,37.467758751
"7759",8,20,5,양버즘나무,PTA,127.022117468,37.501576029
"7760",11,25,4,양버즘나무,PTA,126.984835875,37.490841423
"7761",8,26,6,은행나무,GB,127.027461583,37.471729129
"7762",5,34,6,느티나무,ZS,127.042145114,37.46529134
"7763",6,37,10,느티나무,ZS,127.012028578,37.45700534
"7764",6,16,4,은행나무,GB,126.988084606,37.462323582
"7765",12,29,10,양버즘나무,PTA,126.999693476,37.508491443
"7766",5,24,6,양버즘나무,PTA,127.014653007,37.517470346
"7767",9,29,5,양버즘나무,PTA,127.012963634,37.510490876
"7768",12,40,12,가중나무,AA,127.006338896,37.512955669
"7769",12,30,7,양버즘나무,PTA,126.989058327,37.501651158
"7770",12,40,10,양버즘나무,PTA,126.999687818,37.507545949
"7771",6,13,10,은행나무,GB,127.025273811,37.502249863
"7772",8,26,7,느티나무,ZS,127.011448914,37.493174109
"7773",8,20,5,양버즘나무,PTA,127.013697692,37.488183631
"7774",12,25,10,양버즘나무,PTA,127.029265672,37.49402843
"7775",6,15,3,은행나무,GB,126.994868469,37.485982138
"7776",6,20,4,은행나무,GB,127.046029874,37.467614975
"7777",8,33,8,양버즘나무,PTA,127.03719508,37.469003265
"7778",6,32,7,메타세쿼이아,TB,127.027558747,37.466654462
"7779",8,21,3,느티나무,ZS,127.064871836,37.455200671
"7780",7,18,6,은행나무,GB,127.04393308,37.474171826
"7781",10,13,5,은행나무,GB,126.99845192,37.499184861
"7782",11,43,12,가중나무,AA,127.002842159,37.509493806
"7783",0,9,0,느티나무,ZS,127.017587261,37.481865097
"7784",0,9,0,느티나무,ZS,127.024554851,37.483389881
"7785",6,26,6,메타세쿼이아,TB,127.024693519,37.463997019
"7786",6,37,8,양버즘나무,PTA,127.010108191,37.487269499
"7787",10,24,4,양버즘나무,PTA,127.006839693,37.478046001
"7788",12,36,4,양버즘나무,PTA,127.037883102,37.480501918
"7789",3,8,2,단풍나무,MP,126.984170243,37.485744879
"7790",8,30,9,느티나무,ZS,127.011709625,37.479762057
"7791",15,38,6,양버즘나무,PTA,126.994228429,37.50311713
"7792",9,29,5,양버즘나무,PTA,127.028620995,37.487962294
"7793",9,26,6,느티나무,ZS,127.080590574,37.460012173
"7794",12,32,12,양버즘나무,PTA,127.011275793,37.498835542
"7795",7,28,5,양버즘나무,PTA,127.002235983,37.482418035
"7796",5,24,6,느티나무,ZS,126.986358954,37.485964238
"7797",12,54,12,가중나무,AA,127.00967594,37.516538826
"7798",5,22,5,메타세쿼이아,TB,127.024587405,37.464114562
"7799",13,29,10,가중나무,AA,127.015130598,37.52057333
"7800",7,17,4,양버즘나무,PTA,127.040936731,37.467911194
"7801",7,15,5,은행나무,GB,126.993126476,37.480914926
"7802",11,31,7,메타세쿼이아,TB,127.041594237,37.475296388
"7803",4,14,2,느티나무,ZS,127.045236634,37.463898257
"7804",7,13,2,은행나무,GB,127.038395317,37.458913789
"7805",7,26,5,양버즘나무,PTA,127.026726693,37.491534941
"7806",6,16,5,은행나무,GB,127.045674562,37.474882012
"7807",9,32,5,느티나무,ZS,127.024365283,37.504206987
"7808",7,24,6,은행나무,GB,127.042452416,37.474743373
"7809",10,23,4,양버즘나무,PTA,127.006515033,37.47872332
"7810",9,27,5,양버즘나무,PTA,127.027832381,37.488290356
"7811",5,10,2,메타세쿼이아,TB,126.991662882,37.474109779
"7812",4,13,3,은행나무,GB,127.012378265,37.481794855
"7813",7,18,5,은행나무,GB,127.011855435,37.513109475
"7814",6,34,10,느티나무,ZS,127.012281002,37.457088622
"7815",5,21,5,느티나무,ZS,126.9874376,37.479953096
"7816",7,38,10,느티나무,ZS,127.010654926,37.479213466
"7817",10,25,7,은행나무,GB,126.981912414,37.477432396
"7818",7,17,5,은행나무,GB,127.044853953,37.471719433
"7819",6,33,8,느티나무,ZS,127.025365134,37.460352992
"7820",11,46,8,양버즘나무,PTA,127.009480202,37.507716979
"7821",6,22,5,은행나무,GB,126.985034858,37.469536454
"7822",4,6,2,왕벚나무,PS,127.057084963,37.445924306
"7823",6,17,3,은행나무,GB,127.047177924,37.458867264
"7824",3,32,10,은행나무,GB,127.026230246,37.500395086
"7825",6,18,4,메타세쿼이아,TB,127.027952042,37.467089624
"7826",8,24,5,양버즘나무,PTA,127.028623093,37.492559619
"7827",7,15,5,은행나무,GB,127.045423296,37.467628691
"7828",7,32,7,느티나무,ZS,127.052399299,37.460156276
"7829",7,18,4,은행나무,GB,127.048685313,37.473527113
"7830",0,9,0,느티나무,ZS,127.019743901,37.482417985
"7831",8,15,5,은행나무,GB,127.01014825,37.512344769
"7832",10,22,10,느티나무,ZS,127.090135956,37.463508136
"7833",5,13,4,은행나무,GB,127.02686116,37.471506946
"7834",11,25,6,메타세쿼이아,TB,127.038138342,37.47545046
"7835",14,22,6,양버즘나무,PTA,127.038863402,37.47861837
"7836",0,25,7,양버즘나무,PTA,127.038313858,37.477170992
"7837",8,30,7,느티나무,ZS,127.055153359,37.458974902
"7838",12,25,10,가중나무,AA,127.01273636,37.51590375
"7839",8,13,2,은행나무,GB,127.008128945,37.483341104
"7840",11,29,12,양버즘나무,PTA,127.009611051,37.498624131
"7841",12,29,7,양버즘나무,PTA,127.005500105,37.490962046
"7842",8,23,8,양버즘나무,PTA,127.038408232,37.477285424
"7843",6,21,4,은행나무,GB,126.98215657,37.48065915
"7844",7,12,2,은행나무,GB,127.011637959,37.513120027
"7845",7,10,2,은행나무,GB,126.983387689,37.471654226
"7846",7,11,3,메타세쿼이아,TB,127.04250216,37.479185381
"7847",0,9,0,느티나무,ZS,127.010832457,37.479712862
"7848",6,22,4,양버즘나무,PTA,127.039549629,37.469480464
"7849",5,10,2,메타세쿼이아,TB,127.000334954,37.474246299
"7850",4,15,2,은행나무,GB,127.051709238,37.452696704
"7851",8,25,4,느티나무,ZS,127.082758068,37.461181394
"7852",8,41,8,양버즘나무,PTA,127.036118384,37.468298741
"7853",14,47,12,가중나무,AA,127.006821299,37.51342859
"7854",8,31,5,양버즘나무,PTA,127.027112146,37.491116385
"7855",7,22,5,은행나무,GB,127.044076951,37.471344825
"7856",8,20,4,느티나무,ZS,127.03946428,37.468816838
"7857",7,22,8,양버즘나무,PTA,127.014284172,37.502312617
"7858",7,15,3,은행나무,GB,127.025347404,37.49154908
"7859",13,19,6,양버즘나무,PTA,127.023810786,37.487289391
"7860",10,43,10,양버즘나무,PTA,127.008400538,37.511546843
"7861",13,31,10,가중나무,AA,127.014882591,37.520447367
"7862",4,22,6,느티나무,ZS,127.068611318,37.456543788
"7863",8,29,6,칠엽수,AC,127.010766626,37.504475332
"7864",4,19,5,느티나무,ZS,126.992065862,37.474298383
"7865",8,24,5,은행나무,GB,127.038840755,37.462751694
"7866",13,37,7,양버즘나무,PTA,127.007769812,37.491303775
"7867",5,21,4,양버즘나무,PTA,127.016537597,37.484894379
"7868",7,49,8,양버즘나무,PTA,127.010659437,37.486119915
"7869",7,16,5,양버즘나무,PTA,126.989973212,37.478820792
"7870",12,37,12,가중나무,AA,127.007233406,37.510360923
"7871",8,19,5,양버즘나무,PTA,127.014933215,37.486996721
"7872",5,17,4,느티나무,ZS,127.042344495,37.465988692
"7873",9,31,5,양버즘나무,PTA,127.025330552,37.491690671
"7874",9,23,4,은행나무,GB,127.011426547,37.509042508
"7875",5,26,6,느티나무,ZS,126.988059124,37.480180061
"7876",9,26,4,양버즘나무,PTA,127.041635254,37.480652394
"7877",9,23,5,양버즘나무,PTA,127.028635059,37.487919334
"7878",7,21,4,은행나무,GB,126.987467669,37.501585866
"7879",0,9,0,느티나무,ZS,127.03553403,37.484613221
"7880",6,29,5,메타세쿼이아,TB,127.026124696,37.465519498
"7881",13,34,5,양버즘나무,PTA,127.001805274,37.503832816
"7882",8,24,6,느티나무,ZS,127.047742799,37.462159467
"7883",5,8,3,왕벚나무,PS,127.051442179,37.452983939
"7884",13,33,8,느티나무,ZS,126.98866693,37.49600848
"7885",7,25,3,양버즘나무,PTA,127.034368715,37.475259297
"7886",12,25,6,양버즘나무,PTA,127.036586724,37.482363106
"7887",7,19,4,칠엽수,AC,127.012819185,37.498075683
"7888",8,24,4,양버즘나무,PTA,127.03461676,37.464109471
"7889",14,16,5,은행나무,GB,127.041434306,37.484954774
"7890",8,22,6,느티나무,ZS,127.03148164,37.483859043
"7891",6,17,4,은행나무,GB,127.029480928,37.473138251
"7892",10,25,8,양버즘나무,PTA,127.014127175,37.50265021
"7893",13,16,4,메타세쿼이아,TB,127.043877782,37.477909062
"7894",7,21,5,은행나무,GB,127.044973453,37.477166588
"7895",7,19,5,은행나무,GB,127.042879288,37.473384991
"7896",7,26,5,양버즘나무,PTA,126.990676176,37.4791045
"7897",5,14,3,느티나무,ZS,126.983873642,37.485674855
"7898",5,16,3,은행나무,GB,126.996377876,37.483639443
"7899",9,29,6,느티나무,ZS,127.014748343,37.483925613
"7900",15,36,7,양버즘나무,PTA,126.997798076,37.50384023
"7901",12,23,5,양버즘나무,PTA,127.004690884,37.489070816
"7902",7,27,7,은행나무,GB,127.046492992,37.473972017
"7903",8,25,7,양버즘나무,PTA,127.038395922,37.476369738
"7904",14,33,8,양버즘나무,PTA,127.020610756,37.495945173
"7905",8,29,6,메타세쿼이아,TB,127.034754183,37.473852326
"7906",6,14,4,은행나무,GB,127.040918371,37.472093305
"7907",6,17,4,은행나무,GB,126.994383442,37.48672964
"7908",15,33,8,양버즘나무,PTA,126.993076699,37.50276576
"7909",11,31,8,메타세쿼이아,TB,127.041792877,37.475948437
"7910",15,33,9,튤립나무,LT,126.998574816,37.504324524
"7911",6,25,8,은행나무,GB,126.998281721,37.497966408
"7912",5,8,3,왕벚나무,PS,127.051574055,37.452971264
"7913",8,17,4,은행나무,GB,127.006184544,37.510373746
"7914",7,19,4,은행나무,GB,127.036082035,37.460944649
"7915",8,20,5,양버즘나무,PTA,127.014906303,37.487712311
"7916",9,20,3,느티나무,ZS,127.066424802,37.455646603
"7917",8,24,6,메타세쿼이아,TB,127.022719843,37.499951619
"7918",8,20,3,양버즘나무,PTA,127.018868794,37.500528386
"7919",12,45,12,가중나무,AA,127.007359224,37.510633082
"7920",13,25,7,양버즘나무,PTA,127.038422718,37.479903731
"7921",9,26,6,메타세쿼이아,TB,127.036054653,37.474186956
"7922",5,8,2,메타세쿼이아,TB,126.988230296,37.475064343
"7923",6,10,2,은행나무,GB,127.036797859,37.46096475
"7924",4,10,5,은행나무,GB,127.024919571,37.469886774
"7925",9,23,5,양버즘나무,PTA,127.014689581,37.48754392
"7926",6,15,3,은행나무,GB,127.047586835,37.457786576
"7927",8,20,4,메타세쿼이아,TB,127.036874791,37.462044505
"7928",10,23,5,양버즘나무,PTA,127.01963275,37.485772053
"7929",9,24,5,양버즘나무,PTA,127.013767243,37.484618343
"7930",6,15,2,느티나무,ZS,126.983945065,37.476083156
"7931",9,23,6,느티나무,ZS,127.066926321,37.455993506
"7932",14,36,7,양버즘나무,PTA,127.018708157,37.495110609
"7933",12,26,7,양버즘나무,PTA,127.005820997,37.49113083
"7934",4,27,6,느티나무,ZS,126.987322819,37.47970456
"7935",7,27,6,은행나무,GB,127.044872845,37.474696162
"7936",19,29,8,양버즘나무,PTA,127.03699023,37.481407945
"7937",1,22,8,양버즘나무,PTA,127.022745211,37.48276415
"7938",6,14,4,은행나무,GB,127.052710813,37.450657532
"7939",10,23,5,메타세쿼이아,TB,127.029752291,37.472993188
"7940",11,24,12,양버즘나무,PTA,126.99542795,37.484752771
"7941",7,24,4,은행나무,GB,127.031024042,37.473895892
"7942",8,25,5,양버즘나무,PTA,127.014585195,37.509232885
"7943",7,45,6,양버즘나무,PTA,127.02998965,37.489147556
"7944",8,16,3,메타세쿼이아,TB,127.020937606,37.510876527
"7945",7,24,7,느티나무,ZS,127.082076554,37.461942868
"7946",9,41,8,양버즘나무,PTA,127.035415093,37.463156215
"7947",7,18,3,은행나무,GB,127.05028229,37.470899779
"7948",0,9,0,느티나무,ZS,127.016922734,37.481968273
"7949",10,24,4,양버즘나무,PTA,127.042102062,37.481159093
"7950",4,24,5,느티나무,ZS,126.987350361,37.479830853
"7973",8,14,4,은행나무,GB,127.003928223,37.499264472
"7951",14,22,6,느티나무,ZS,127.021622937,37.482679211
"7952",6,16,4,느티나무,ZS,127.031994723,37.47251574
"7953",10,26,5,양버즘나무,PTA,126.998307299,37.480685846
"7954",9,24,5,느티나무,ZS,127.076501008,37.459144196
"7955",6,11,2,은행나무,GB,127.065654964,37.435051165
"7956",12,28,11,양버즘나무,PTA,126.985826031,37.503677771
"7957",8,34,5,양버즘나무,PTA,127.012274268,37.487752212
"7958",6,15,3,은행나무,GB,127.052680152,37.450718816
"7959",5,10,2,메타세쿼이아,TB,127.004117065,37.476033894
"7960",9,24,1,은행나무,GB,127.014092964,37.484680407
"7961",12,28,5,양버즘나무,PTA,127.003507251,37.50152876
"7962",7,15,4,은행나무,GB,127.043276354,37.47364571
"7963",5,10,2,메타세쿼이아,TB,127.000004961,37.474118266
"7964",6,26,3,양버즘나무,PTA,127.011407093,37.513032301
"7965",12,40,6,양버즘나무,PTA,126.991151945,37.502089111
"7966",11,34,6,양버즘나무,PTA,126.987482163,37.489683656
"7967",14,29,6,양버즘나무,PTA,127.002198307,37.5033525
"7968",6,18,4,느티나무,ZS,127.031822764,37.472695181
"7969",8,33,5,양버즘나무,PTA,127.024709402,37.49573765
"7970",10,44,13,양버즘나무,PTA,127.022872897,37.507414955
"7971",8,32,12,양버즘나무,PTA,126.997078273,37.48117535
"7972",14,38,12,가중나무,AA,127.011454572,37.517970764
"7974",5,15,4,은행나무,GB,127.023860352,37.471973864
"7975",5,12,2,메타세쿼이아,TB,127.004620508,37.476609457
"7976",6,35,6,양버즘나무,PTA,126.987445168,37.49159604
"7977",10,25,8,양버즘나무,PTA,127.014159792,37.502378332
"7978",10,26,7,메타세쿼이아,TB,127.030550028,37.471879278
"7979",8,29,7,은행나무,GB,127.04259304,37.473292244
"7980",6,14,4,은행나무,GB,126.988029325,37.462103249
"7981",7,34,8,양버즘나무,PTA,127.023413824,37.496669809
"7982",4,20,3,느티나무,ZS,127.043701424,37.465311709
"7983",8,26,6,양버즘나무,PTA,127.024465286,37.496259917
"7984",13,33,7,양버즘나무,PTA,127.020837296,37.511692092
"7985",9,16,3,은행나무,GB,127.001165451,37.481913411
"7986",10,23,5,양버즘나무,PTA,126.990723061,37.484826897
"7987",7,10,2,은행나무,GB,126.991096853,37.493042452
"7988",7,25,6,은행나무,GB,127.04396251,37.476391141
"7989",0,9,0,느티나무,ZS,127.012202062,37.480405671
"7990",8,55,7,양버즘나무,PTA,127.030509093,37.489308996
"7991",6,13,2,은행나무,GB,127.052264239,37.451569595
"7992",11,37,12,양버즘나무,PTA,127.030892606,37.4906367
"7993",11,38,10,양버즘나무,PTA,126.992962389,37.48899933
"7994",11,35,6,양버즘나무,PTA,126.992083513,37.48253388
"7995",7,14,3,메타세쿼이아,TB,127.04196667,37.478558868
"7996",11,32,10,느티나무,ZS,127.031479771,37.48308466
"7997",0,9,0,느티나무,ZS,127.01215432,37.480382802
"7998",13,47,12,가중나무,AA,127.010408248,37.51693394
"7999",9,18,6,양버즘나무,PTA,127.037650343,37.469375927
"8000",7,15,4,은행나무,GB,126.994487772,37.493830496
"8001",9,33,12,느티나무,ZS,127.030306726,37.483841074
"8002",3,20,5,단풍나무,MP,127.010735954,37.493617676
"8003",5,20,3,느티나무,ZS,126.991133019,37.486987541
"8004",8,18,4,양버즘나무,PTA,127.03346252,37.475094949
"8005",9,21,5,은행나무,GB,127.011342076,37.509063974
"8006",7,26,8,양버즘나무,PTA,127.008890854,37.504107225
"8007",7,22,6,칠엽수,AC,127.012027368,37.501536993
"8008",6,15,5,은행나무,GB,127.056246196,37.446888091
"8009",13,37,5,양버즘나무,PTA,127.006972179,37.493704815
"8010",7,17,4,느티나무,ZS,127.01025334,37.512496835
"8011",9,21,7,양버즘나무,PTA,126.992649043,37.489507987
"8012",5,10,2,메타세쿼이아,TB,126.994524742,37.473498674
"8013",10,30,8,은행나무,GB,126.998183648,37.495808095
"8014",6,28,6,느티나무,ZS,127.054931324,37.459258198
"8015",14,32,12,느티나무,ZS,127.086312642,37.462253205
"8016",7,19,4,은행나무,GB,127.003699054,37.507697189
"8017",7,29,6,느티나무,ZS,127.02080059,37.460482762
"8018",5,15,3,느티나무,ZS,126.982425649,37.486605239
"8019",7,28,5,은행나무,GB,127.042115442,37.475015219
"8020",10,32,6,양버즘나무,PTA,127.007280233,37.492012666
"8021",10,25,8,양버즘나무,PTA,127.041767967,37.466450071
"8022",11,34,7,양버즘나무,PTA,127.019711746,37.510482287
"8023",8,14,3,은행나무,GB,127.011484233,37.512808388
"8024",10,21,5,은행나무,GB,126.997967698,37.495381055
"8025",12,14,2,은행나무,GB,127.044188695,37.478861189
"8026",7,16,4,은행나무,GB,127.047586464,37.46918732
"8027",12,31,7,양버즘나무,PTA,126.996536651,37.488612367
"8028",5,14,4,느티나무,ZS,126.982861684,37.485348919
"8029",9,21,10,양버즘나무,PTA,127.038310808,37.478642717
"8030",5,8,3,왕벚나무,PS,127.052138867,37.451542196
"8031",9,15,2,메타세쿼이아,TB,127.035669939,37.462941327
"8032",11,34,7,양버즘나무,PTA,126.998807314,37.489327278
"8033",7,12,10,은행나무,GB,127.025328798,37.502143969
"8034",10,25,8,은행나무,GB,126.998061179,37.495277521
"8035",7,13,4,은행나무,GB,126.995221783,37.494021689
"8036",10,24,4,양버즘나무,PTA,127.004269011,37.486384735
"8037",13,38,9,튤립나무,LT,127.017102022,37.509933469
"8038",12,25,3,양버즘나무,PTA,127.017171973,37.500921638
"8039",8,35,10,느티나무,ZS,127.031736595,37.484366585
"8040",12,8,2,은행나무,GB,127.041763559,37.484231264
"8041",7,10,3,메타세쿼이아,TB,127.042473544,37.479151207
"8042",7,11,2,은행나무,GB,127.038123761,37.459156864
"8043",8,15,4,은행나무,GB,127.006107366,37.51033612
"8044",4,6,2,왕벚나무,PS,127.057123883,37.445870608
"8045",9,26,7,양버즘나무,PTA,127.006951225,37.492972786
"8046",13,32,8,가중나무,AA,127.002922105,37.508976636
"8047",8,33,8,양버즘나무,PTA,127.036493424,37.468543349
"8048",7,13,2,메타세쿼이아,TB,126.994472902,37.47377905
"8049",9,21,4,은행나무,GB,127.011199765,37.50932344
"8050",7,31,7,은행나무,GB,127.043079986,37.474284111
"8051",0,9,0,느티나무,ZS,127.011577822,37.480090272
"8052",6,13,3,은행나무,GB,127.046816651,37.475282852
"8053",5,10,2,메타세쿼이아,TB,126.9867168,37.475782553
"8054",6,40,7,느티나무,ZS,127.022293003,37.460470144
"8055",7,13,2,은행나무,GB,127.052104737,37.451631688
"8056",13,25,5,양버즘나무,PTA,127.028987629,37.487190129
"8057",8,36,5,양버즘나무,PTA,127.02527627,37.49495707
"8058",5,21,4,느티나무,ZS,127.043953565,37.466601401
"8059",10,29,6,양버즘나무,PTA,126.988593926,37.487965635
"8060",9,32,5,느티나무,ZS,127.081835705,37.460249754
"8061",12,39,12,양버즘나무,PTA,127.018755002,37.517877807
"8062",10,31,4,양버즘나무,PTA,127.00507104,37.481686126
"8063",5,12,2,메타세쿼이아,TB,127.002243685,37.475464959
"8064",0,28,10,양버즘나무,PTA,127.037924807,37.479710005
"8065",8,21,5,느티나무,ZS,127.060491221,37.457116123
"8066",6,15,2,은행나무,GB,127.046702423,37.459736589
"8067",15,24,4,양버즘나무,PTA,127.023507394,37.486966744
"8068",8,34,12,느티나무,ZS,127.030445947,37.483860022
"8069",13,21,7,양버즘나무,PTA,127.035438475,37.482816033
"8070",5,8,3,왕벚나무,PS,127.051360661,37.453153719
"8071",6,8,1,은행나무,GB,127.057326898,37.445494485
"8072",3,25,10,은행나무,GB,127.02633916,37.500159351
"8073",8,25,5,양버즘나무,PTA,127.026927444,37.491104376
"8074",7,24,6,은행나무,GB,127.043559091,37.473669889
"8075",10,18,4,양버즘나무,PTA,127.014839444,37.5093096
"8076",7,11,2,은행나무,GB,127.043223782,37.473612097
"8077",5,15,3,느티나무,ZS,127.044224575,37.464225778
"8078",7,13,3,은행나무,GB,127.05176209,37.452326354
"8079",10,34,6,양버즘나무,PTA,126.982303753,37.4845579
"8080",9,22,6,양버즘나무,PTA,127.021569931,37.502747375
"8081",5,9,4,단풍나무,MP,126.985771353,37.485929759
"8082",8,31,6,은행나무,GB,127.042335986,37.473124293
"8083",6,18,4,은행나무,GB,127.045659859,37.476505905
"8084",10,19,6,은행나무,GB,127.004451881,37.50912891
"8085",9,35,10,느티나무,ZS,127.031552551,37.482751852
"8086",11,29,7,양버즘나무,PTA,127.023037453,37.496662826
"8087",10,23,5,양버즘나무,PTA,126.987142834,37.490877088
"8088",7,30,10,양버즘나무,PTA,127.009480399,37.504328614
"8089",10,31,10,느티나무,ZS,127.032900037,37.484530683
"8090",12,36,8,양버즘나무,PTA,127.016384232,37.494377807
"8091",7,19,4,은행나무,GB,127.03477395,37.460228327
"8092",10,30,8,양버즘나무,PTA,127.016717364,37.509848852
"8093",9,16,4,메타세쿼이아,TB,127.020267253,37.510896024
"8094",6,21,4,양버즘나무,PTA,127.039604932,37.469388543
"8095",9,27,10,양버즘나무,PTA,127.024843449,37.503285811
"8096",5,14,4,은행나무,GB,127.047205862,37.475013587
"8097",4,20,5,느티나무,ZS,126.982497532,37.485178894
"8098",9,40,5,양버즘나무,PTA,127.003966933,37.501110097
"8099",0,9,0,느티나무,ZS,127.020960841,37.482871438
"8100",7,22,5,양버즘나무,PTA,126.989453293,37.478804768
"8101",5,17,3,느티나무,ZS,127.045424088,37.467673474
"8102",13,30,10,가중나무,AA,127.007252917,37.510324456
"8103",6,35,8,느티나무,ZS,127.025547935,37.460345144
"8104",9,22,5,양버즘나무,PTA,127.015618347,37.486352346
"8105",6,26,7,느티나무,ZS,127.013955509,37.457318805
"8106",9,21,8,양버즘나무,PTA,127.038464299,37.477543217
"8107",9,22,5,느티나무,ZS,127.060811443,37.456921531
"8108",12,47,12,가중나무,AA,127.007922149,37.514505607
"8109",7,10,3,메타세쿼이아,TB,127.042759689,37.47948643
"8110",6,11,2,은행나무,GB,127.058071415,37.444179648
"8111",5,17,3,느티나무,ZS,127.043532439,37.466293962
"8112",7,10,3,은행나무,GB,127.05242033,37.450972835
"8113",8,34,7,느티나무,ZS,127.055537764,37.458808982
"8114",12,26,5,양버즘나무,PTA,127.02836785,37.492625833
"8115",7,16,3,메타세쿼이아,TB,127.011562745,37.50864775
"8116",6,16,4,은행나무,GB,127.049287704,37.45596654
"8117",13,36,6,양버즘나무,PTA,126.992056249,37.482574676
"8118",12,34,7,양버즘나무,PTA,127.009841794,37.492640366
"8119",11,23,6,양버즘나무,PTA,126.988443157,37.488199831
"8120",8,30,5,양버즘나무,PTA,127.02515413,37.494814942
"8121",6,30,5,메타세쿼이아,TB,127.023166687,37.462921783
"8122",10,27,8,양버즘나무,PTA,127.014543359,37.493948296
"8123",5,14,4,은행나무,GB,127.027691578,37.472051882
"8124",6,36,6,메타세쿼이아,TB,127.026250472,37.465425303
"8125",6,20,8,회화나무,STJ,127.0107584,37.485923531
"8126",7,18,5,은행나무,GB,127.04753131,37.469146654
"8127",7,12,2,은행나무,GB,127.00315519,37.508831894
"8128",9,34,10,양버즘나무,PTA,126.99570903,37.484316962
"8129",10,38,9,양버즘나무,PTA,126.994647453,37.498462899
"8130",8,17,3,은행나무,GB,126.990710045,37.492260159
"8131",8,22,2,양버즘나무,PTA,127.034493212,37.475308975
"8132",11,38,8,양버즘나무,PTA,127.009351108,37.48805153
"8133",10,34,6,느티나무,ZS,127.082247293,37.461019473
"8134",6,17,4,은행나무,GB,127.052039351,37.452027253
"8135",7,40,10,느티나무,ZS,127.030845409,37.490582129
"8136",7,15,2,은행나무,GB,127.011420389,37.512776968
"8137",10,23,10,양버즘나무,PTA,127.008684192,37.511493903
"8162",13,23,5,양버즘나무,PTA,127.004343425,37.499195379
"8138",12,27,5,양버즘나무,PTA,127.029404531,37.485618105
"8139",12,23,9,양버즘나무,PTA,126.999125668,37.489420555
"8140",6,40,7,느티나무,ZS,127.022658777,37.460455686
"8141",9,30,9,양버즘나무,PTA,127.034136477,37.466381692
"8142",4,14,3,은행나무,GB,127.012565546,37.48218689
"8143",9,29,8,은행나무,GB,126.998305672,37.496567852
"8144",8,33,6,메타세쿼이아,TB,127.03019394,37.472175154
"8145",6,13,5,은행나무,GB,127.044679609,37.477774278
"8146",13,41,12,가중나무,AA,127.012218071,37.518664369
"8147",12,26,8,양버즘나무,PTA,126.991015008,37.491770166
"8148",12,35,8,양버즘나무,PTA,126.985664033,37.490986732
"8149",11,39,6,양버즘나무,PTA,126.991748879,37.483054609
"8150",9,22,4,양버즘나무,PTA,127.004070403,37.485117959
"8151",6,22,5,느티나무,ZS,126.984564909,37.476332421
"8152",0,8,0,느티나무,ZS,127.039596213,37.485182903
"8153",6,17,6,은행나무,GB,127.047009709,37.475201719
"8154",9,30,5,느티나무,ZS,127.041102496,37.464496416
"8155",4,6,2,왕벚나무,PS,127.053134807,37.449691897
"8156",0,9,0,느티나무,ZS,127.021061091,37.482905709
"8157",9,14,3,은행나무,GB,127.025120474,37.497049583
"8158",12,33,6,양버즘나무,PTA,126.992109873,37.482497408
"8159",13,29,7,양버즘나무,PTA,127.019067768,37.495475313
"8160",8,28,8,양버즘나무,PTA,127.0245414,37.497016425
"8161",11,39,8,양버즘나무,PTA,127.006091962,37.495497328
"8163",6,12,2,메타세쿼이아,TB,126.996323263,37.473392145
"8164",6,11,2,은행나무,GB,127.057794645,37.444313495
"8165",12,24,7,양버즘나무,PTA,126.997866656,37.489050027
"8166",8,21,3,은행나무,GB,127.038387074,37.462185341
"8167",12,43,6,메타세쿼이아,TB,127.041122108,37.474925561
"8168",7,21,5,은행나무,GB,127.049883492,37.472429766
"8169",8,27,8,양버즘나무,PTA,127.037034446,37.468897818
"8170",7,22,3,은행나무,GB,127.008264765,37.51137863
"8171",6,27,7,느티나무,ZS,127.057652093,37.458093313
"8172",8,15,3,느티나무,ZS,127.065566212,37.455590592
"8173",6,32,9,느티나무,ZS,127.052168993,37.460442447
"8174",8,12,4,메타세쿼이아,TB,127.030520565,37.472157064
"8175",5,10,2,메타세쿼이아,TB,126.999019255,37.473795912
"8176",5,40,5,양버즘나무,PTA,127.01485359,37.48853162
"8177",12,36,10,양버즘나무,PTA,127.006641726,37.483259456
"8178",8,15,2,느티나무,ZS,127.06529898,37.455549444
"8179",8,32,5,양버즘나무,PTA,127.024633652,37.496308632
"8180",12,24,6,양버즘나무,PTA,126.986549171,37.504993451
"8181",7,13,3,은행나무,GB,127.045890912,37.472083789
"8182",8,21,7,양버즘나무,PTA,127.038461391,37.476782847
"8183",13,17,5,은행나무,GB,127.04421485,37.478804059
"8184",8,20,8,회화나무,STJ,127.010267824,37.503576966
"8185",10,28,6,양버즘나무,PTA,127.033843234,37.46839094
"8186",5,15,4,느티나무,ZS,127.041081403,37.467148833
"8187",0,21,10,양버즘나무,PTA,127.037929926,37.479762841
"8188",8,22,4,은행나무,GB,127.016470061,37.515208838
"8189",5,31,8,느티나무,ZS,127.015108118,37.481084896
"8190",7,16,3,은행나무,GB,127.035316015,37.460012759
"8191",7,30,5,양버즘나무,PTA,127.024657345,37.496258154
"8192",5,21,4,느티나무,ZS,126.982660785,37.485708787
"8193",12,29,5,양버즘나무,PTA,126.990225894,37.485615268
"8194",10,22,5,은행나무,GB,127.001044629,37.481887523
"8195",12,32,6,메타세쿼이아,TB,127.042066702,37.476015436
"8196",7,40,10,느티나무,ZS,127.010517068,37.479162544
"8197",9,19,4,양버즘나무,PTA,127.020995599,37.486414359
"8198",6,39,8,양버즘나무,PTA,127.010692801,37.486053973
"8199",9,36,7,느티나무,ZS,127.058153436,37.457691778
"8200",5,15,4,느티나무,ZS,127.044795514,37.46370766
"8201",5,17,4,느티나무,ZS,127.045483481,37.467706569
"8202",7,28,5,느티나무,ZS,127.046371511,37.463168609
"8203",12,31,10,양버즘나무,PTA,126.999913604,37.50802213
"8204",9,28,5,느티나무,ZS,127.014659681,37.484452188
"8205",6,12,2,은행나무,GB,127.04708576,37.459084924
"8206",5,16,4,은행나무,GB,127.051532877,37.453061043
"8207",6,12,2,은행나무,GB,127.057759494,37.44436897
"8208",10,30,6,양버즘나무,PTA,127.036839492,37.47710683
"8209",11,25,10,양버즘나무,PTA,126.999691851,37.478608519
"8233",11,20,4,은행나무,GB,127.018564423,37.500408693
"8210",8,31,6,양버즘나무,PTA,127.030577397,37.489128032
"8211",5,15,3,은행나무,GB,127.02828842,37.472421998
"8212",8,28,5,양버즘나무,PTA,127.019508733,37.489787439
"8213",6,14,4,은행나무,GB,127.044017898,37.474225764
"8214",7,19,5,은행나무,GB,127.04923506,37.470388259
"8215",8,28,7,칠엽수,AC,127.010574761,37.504132868
"8216",9,26,6,양버즘나무,PTA,127.03933411,37.469766845
"8217",13,30,6,양버즘나무,PTA,127.026061324,37.487749711
"8218",7,12,3,은행나무,GB,127.04483442,37.46720064
"8219",8,18,5,은행나무,GB,127.00325289,37.482380179
"8220",11,26,5,메타세쿼이아,TB,127.039405453,37.473801988
"8221",7,22,5,양버즘나무,PTA,126.992522043,37.482033479
"8222",9,23,6,은행나무,GB,126.998201436,37.49666156
"8223",7,13,3,은행나무,GB,127.00326762,37.508597579
"8224",12,27,8,양버즘나무,PTA,126.997573907,37.488799589
"8225",7,15,3,은행나무,GB,127.048965666,37.456409288
"8226",12,27,6,양버즘나무,PTA,126.991389848,37.502138945
"8227",11,31,12,양버즘나무,PTA,127.009537742,37.498617567
"8228",10,31,12,양버즘나무,PTA,127.004011655,37.484781304
"8229",11,30,6,양버즘나무,PTA,127.005399207,37.506153977
"8230",11,41,7,양버즘나무,PTA,127.013478554,37.510899898
"8231",8,25,6,은행나무,GB,127.010424083,37.493886381
"8232",7,18,4,은행나무,GB,127.048714486,37.46955181
"8234",10,29,5,양버즘나무,PTA,126.988745805,37.4879174
"8235",8,31,3,양버즘나무,PTA,127.057770015,37.444753216
"8236",4,11,3,회화나무,STJ,127.015773995,37.520484992
"8237",10,35,8,양버즘나무,PTA,126.982478793,37.487516593
"8238",6,28,6,느티나무,ZS,127.050848122,37.460823828
"8239",11,27,7,양버즘나무,PTA,127.008989045,37.492379862
"8240",0,9,0,느티나무,ZS,127.020466883,37.482516816
"8241",7,24,6,은행나무,GB,126.992949048,37.479797322
"8242",9,24,7,양버즘나무,PTA,127.014902464,37.518100527
"8243",8,25,5,양버즘나무,PTA,126.987167256,37.477413231
"8244",11,27,6,양버즘나무,PTA,127.008027881,37.491692324
"8245",10,24,6,양버즘나무,PTA,126.982158501,37.481939692
"8246",10,36,6,양버즘나무,PTA,126.989483077,37.48676555
"8247",6,18,4,은행나무,GB,127.049126381,37.469855332
"8248",0,9,0,느티나무,ZS,127.009174597,37.478868297
"8249",8,27,3,느티나무,ZS,127.061801958,37.456494558
"8250",6,26,2,은행나무,GB,127.002251527,37.493248724
"8251",10,28,5,양버즘나무,PTA,127.019880348,37.490052255
"8252",6,24,5,메타세쿼이아,TB,127.025386324,37.464848135
"8253",13,27,6,양버즘나무,PTA,127.021959313,37.49632631
"8254",15,28,7,양버즘나무,PTA,127.019491462,37.49532282
"8255",11,36,6,메타세쿼이아,TB,127.040964408,37.474986267
"8256",12,36,7,양버즘나무,PTA,126.989475024,37.501737388
"8257",6,20,2,느티나무,ZS,127.042521581,37.465069083
"8258",10,21,6,양버즘나무,PTA,127.003779195,37.499962447
"8259",7,11,2,은행나무,GB,127.012281139,37.513449471
"8260",15,46,8,양버즘나무,PTA,126.999036457,37.504498309
"8261",7,22,4,은행나무,GB,127.041378469,37.472491814
"8262",8,18,4,느티나무,ZS,127.002162398,37.503912579
"8263",3,33,3,느티나무,ZS,127.026552991,37.499568621
"8264",12,29,5,양버즘나무,PTA,126.98917001,37.487260628
"8265",8,38,7,느티나무,ZS,127.046205444,37.46277643
"8266",8,15,3,은행나무,GB,127.017156861,37.509727686
"8267",8,15,4,은행나무,GB,126.998301991,37.498211084
"8268",6,10,3,은행나무,GB,127.067345376,37.433379068
"8269",6,27,6,칠엽수,AC,127.013115416,37.495660219
"8270",5,55,8,느티나무,ZS,127.041457769,37.464754334
"8271",10,39,8,양버즘나무,PTA,127.009475791,37.487781765
"8272",7,29,10,양버즘나무,PTA,126.997209627,37.481215442
"8273",7,14,3,은행나무,GB,127.002793344,37.509594411
"8274",8,33,5,양버즘나무,PTA,127.017683677,37.489385384
"8275",9,23,5,양버즘나무,PTA,127.027945393,37.489368612
"8276",8,31,5,양버즘나무,PTA,127.013803332,37.488215819
"8277",9,25,7,느티나무,ZS,127.080499867,37.459987503
"8278",7,27,6,양버즘나무,PTA,127.012469783,37.484207731
"8279",6,17,6,양버즘나무,PTA,127.039791485,37.469230648
"8280",7,24,3,은행나무,GB,127.044917854,37.472502437
"8281",6,30,9,느티나무,ZS,127.013610393,37.457560615
"8282",9,30,5,양버즘나무,PTA,127.027701449,37.489875969
"8283",8,22,5,양버즘나무,PTA,127.023153831,37.499375191
"8284",7,17,3,느티나무,ZS,127.051005732,37.461126773
"8285",9,15,3,느티나무,ZS,127.062714083,37.455922268
"8286",9,22,5,양버즘나무,PTA,127.014727434,37.487448546
"8287",7,26,7,은행나무,GB,127.046218485,37.474354842
"8288",4,12,3,은행나무,GB,127.024193673,37.471690398
"8289",11,26,5,양버즘나무,PTA,127.004553665,37.488187714
"8290",12,45,8,양버즘나무,PTA,127.008584956,37.489630972
"8291",6,15,2,메타세쿼이아,TB,126.99841238,37.47362637
"8292",10,23,7,양버즘나무,PTA,127.038289933,37.48016913
"8293",12,25,5,양버즘나무,PTA,127.004918067,37.490171499
"8294",10,20,12,양버즘나무,PTA,126.99847797,37.481708211
"8295",8,19,8,양버즘나무,PTA,127.038460911,37.476619131
"8296",7,30,5,양버즘나무,PTA,126.989916441,37.478799734
"8297",6,15,5,은행나무,GB,127.042394005,37.470431182
"8298",11,37,10,양버즘나무,PTA,127.000985737,37.50571753
"8299",12,33,6,양버즘나무,PTA,127.013665244,37.493208841
"8300",11,41,12,가중나무,AA,127.008945705,37.515494727
"8301",9,27,5,느티나무,ZS,127.014647611,37.484543226
"8302",4,6,2,왕벚나무,PS,127.056270206,37.446705793
"8303",6,22,5,느티나무,ZS,127.050837612,37.461016294
"8304",11,34,12,양버즘나무,PTA,127.010224722,37.498688928
"8305",12,31,8,가중나무,AA,127.007698987,37.514605694
"8306",8,44,12,양버즘나무,PTA,127.031954226,37.488407371
"8307",12,23,6,양버즘나무,PTA,127.008904807,37.511773879
"8308",12,22,7,양버즘나무,PTA,127.012655408,37.5100417
"8309",9,26,5,양버즘나무,PTA,126.996058452,37.481077919
"8310",8,31,7,양버즘나무,PTA,127.038880323,37.476059455
"8311",0,16,5,느티나무,ZS,127.038903608,37.47850811
"8312",8,17,3,은행나무,GB,127.037567301,37.461561775
"8313",13,35,8,양버즘나무,PTA,127.027147723,37.497629488
"8314",7,13,3,메타세쿼이아,TB,127.042109738,37.478728109
"8315",7,28,7,은행나무,GB,127.044897221,37.475628752
"8316",13,18,6,은행나무,GB,127.041308984,37.485236758
"8317",7,34,7,은행나무,GB,127.045191354,37.475005025
"8318",7,12,5,메타세쿼이아,TB,127.021948698,37.461817418
"8319",5,16,3,은행나무,GB,127.028225334,37.472381678
"8320",5,9,3,단풍나무,MP,126.99214589,37.487363981
"8321",6,14,2,메타세쿼이아,TB,126.998064046,37.473543175
"8322",7,31,6,은행나무,GB,127.041453683,37.472543744
"8323",12,32,6,은행나무,GB,127.019765458,37.514630137
"8324",10,17,10,양버즘나무,PTA,127.035877715,37.477851927
"8325",6,32,6,메타세쿼이아,TB,127.02551621,37.464744231
"8326",5,9,3,단풍나무,MP,126.991946473,37.487290522
"8327",7,27,5,양버즘나무,PTA,127.017101429,37.48905875
"8328",9,25,5,느티나무,ZS,127.078932195,37.459987143
"8329",7,32,6,느티나무,ZS,127.020968696,37.460494244
"8330",12,39,12,양버즘나무,PTA,127.010669854,37.487114093
"8331",11,36,12,양버즘나무,PTA,127.020073967,37.513560351
"8332",9,19,5,양버즘나무,PTA,127.027304033,37.490303251
"8333",5,23,7,느티나무,ZS,126.988516038,37.486055681
"8334",7,15,4,은행나무,GB,127.048179558,37.469167249
"8335",6,15,3,은행나무,GB,127.052059957,37.451985279
"8336",7,15,3,은행나무,GB,127.035604017,37.460599937
"8337",7,36,10,느티나무,ZS,127.050414202,37.461444821
"8338",4,31,10,느티나무,ZS,127.068230176,37.456418042
"8339",15,29,7,양버즘나무,PTA,127.038681762,37.479442995
"8340",5,11,2,메타세쿼이아,TB,126.997138045,37.473713454
"8341",6,29,9,느티나무,ZS,127.014124268,37.484739167
"8342",6,17,4,은행나무,GB,126.987926574,37.46001993
"8343",3,8,2,꽃사과,PRS,126.984199076,37.485537173
"8344",8,24,7,은행나무,GB,126.996353027,37.48117289
"8345",9,25,6,양버즘나무,PTA,127.026447963,37.488076824
"8346",10,23,6,양버즘나무,PTA,126.991868796,37.482868635
"8347",6,21,7,느티나무,ZS,127.053598775,37.459830933
"8348",12,34,6,양버즘나무,PTA,127.011744953,37.48310675
"8349",10,28,5,양버즘나무,PTA,127.005419331,37.496864622
"8350",9,14,6,은행나무,GB,126.991267521,37.493212819
"8351",6,13,4,은행나무,GB,127.066458313,37.434260945
"8352",6,14,4,양버즘나무,PTA,127.042430335,37.466488122
"8353",7,20,4,양버즘나무,PTA,127.004146453,37.482788571
"8354",7,11,3,메타세쿼이아,TB,127.041737769,37.478292028
"8355",8,38,5,양버즘나무,PTA,127.01219238,37.487729083
"8356",9,29,8,양버즘나무,PTA,126.998527053,37.480359675
"8357",12,38,8,양버즘나무,PTA,127.011348424,37.492830995
"8358",9,22,6,양버즘나무,PTA,127.023124046,37.499048055
"8359",10,34,7,메타세쿼이아,TB,127.030970486,37.471460006
"8360",5,10,2,메타세쿼이아,TB,127.002252721,37.475141178
"8361",8,24,5,양버즘나무,PTA,126.993516923,37.4802577
"8362",8,19,4,은행나무,GB,127.011138537,37.509435008
"8363",7,25,5,양버즘나무,PTA,126.988307579,37.478237839
"8364",8,16,2,은행나무,GB,127.038673272,37.458517104
"8365",7,15,3,양버즘나무,PTA,127.003538043,37.501269442
"8366",10,23,4,양버즘나무,PTA,127.033715058,37.475180177
"8367",9,15,5,은행나무,GB,127.010332827,37.503458815
"8368",4,6,2,왕벚나무,PS,127.052836899,37.45021255
"8369",10,38,10,양버즘나무,PTA,127.025595498,37.501734097
"8370",5,8,3,왕벚나무,PS,127.049534633,37.455741174
"8371",10,33,9,양버즘나무,PTA,127.006136705,37.479110102
"8372",12,32,12,느티나무,ZS,127.087176225,37.462537619
"8373",11,27,6,양버즘나무,PTA,127.026063846,37.497597562
"8374",7,18,3,은행나무,GB,127.05022535,37.470863162
"8375",5,8,3,왕벚나무,PS,127.051520955,37.453083076
"8376",8,29,7,은행나무,GB,127.045929607,37.474517681
"8377",13,38,8,양버즘나무,PTA,126.988968502,37.487382855
"8378",8,31,5,양버즘나무,PTA,126.990998139,37.479213075
"8379",11,28,6,양버즘나무,PTA,127.024583562,37.496889286
"8380",11,16,2,양버즘나무,PTA,127.008672513,37.511662105
"8381",14,32,8,양버즘나무,PTA,127.027463611,37.497448363
"8382",6,23,10,양버즘나무,PTA,127.007924802,37.511136948
"8383",9,37,12,양버즘나무,PTA,126.999258745,37.481774484
"8384",9,26,6,양버즘나무,PTA,127.011784009,37.50934692
"8385",15,32,5,양버즘나무,PTA,126.999269343,37.504568487
"8386",4,26,7,양버즘나무,PTA,127.014079401,37.516250362
"8387",10,28,4,양버즘나무,PTA,127.014034403,37.515754617
"8388",10,29,7,양버즘나무,PTA,127.015218939,37.519386096
"8389",7,21,4,양버즘나무,PTA,127.034051198,37.475150018
"8390",7,13,1,은행나무,GB,126.992244893,37.489777218
"8391",0,22,6,느티나무,ZS,127.039020097,37.47327957
"8392",7,20,10,양버즘나무,PTA,127.008145822,37.511242762
"8393",8,28,5,양버즘나무,PTA,127.030186125,37.489209252
"8394",9,28,4,양버즘나무,PTA,127.013423153,37.511020287
"8395",10,32,12,양버즘나무,PTA,126.995301593,37.484950719
"8396",10,22,5,양버즘나무,PTA,127.025153515,37.487683876
"8397",8,23,5,양버즘나무,PTA,127.013402018,37.511499702
"8398",7,31,5,양버즘나무,PTA,127.01186654,37.487626212
"8399",5,20,6,느티나무,ZS,126.986061944,37.475652885
"8400",7,13,4,은행나무,GB,126.993691772,37.493716171
"8401",9,22,5,양버즘나무,PTA,127.014871059,37.487121972
"8402",6,17,3,은행나무,GB,127.057396218,37.445319324
"8403",8,28,7,양버즘나무,PTA,127.038395678,37.476204345
"8404",6,26,6,메타세쿼이아,TB,127.022954069,37.462570728
"8405",5,17,4,느티나무,ZS,127.042088215,37.466211681
"8406",5,10,2,메타세쿼이아,TB,127.002429441,37.47522748
"8407",4,6,2,왕벚나무,PS,127.052367098,37.451360848
"8408",12,21,5,양버즘나무,PTA,127.004419541,37.498967169
"8409",6,31,6,메타세쿼이아,TB,127.025990171,37.465181629
"8410",8,24,8,양버즘나무,PTA,127.038448986,37.470775376
"8411",6,28,8,느티나무,ZS,127.003197099,37.492408618
"8412",11,27,5,양버즘나무,PTA,127.004657114,37.488845397
"8413",7,15,3,은행나무,GB,127.028285224,37.488256501
"8414",8,24,6,느티나무,ZS,127.077095544,37.459139509
"8415",15,37,5,양버즘나무,PTA,126.999021921,37.504212113
"8416",10,22,7,양버즘나무,PTA,127.015494582,37.519717613
"8417",11,26,5,양버즘나무,PTA,126.990048313,37.485895248
"8418",8,16,3,느티나무,ZS,127.069447538,37.456459082
"8419",8,30,3,양버즘나무,PTA,127.038656502,37.472098351
"8420",12,46,12,양버즘나무,PTA,126.986216448,37.502499812
"8421",7,20,4,은행나무,GB,127.003837662,37.507403244
"8422",9,19,5,느티나무,ZS,127.077719643,37.459543861
"8423",10,22,5,양버즘나무,PTA,127.029454472,37.486200332
"8424",6,24,6,은행나무,GB,127.042134381,37.470102439
"8425",12,42,7,양버즘나무,PTA,127.012105817,37.493335101
"8426",10,23,6,양버즘나무,PTA,127.015603027,37.520431268
"8427",4,35,8,느티나무,ZS,127.088604,37.462793547
"8428",13,58,12,느티나무,ZS,127.090503156,37.463621233
"8429",8,36,5,양버즘나무,PTA,127.014351038,37.488226524
"8430",13,15,3,은행나무,GB,127.019613989,37.515095152
"8431",10,24,5,양버즘나무,PTA,127.004847403,37.481789237
"8432",13,31,12,가중나무,AA,127.011983775,37.518465197
"8433",6,26,4,느티나무,ZS,127.039757951,37.469204654
"8434",0,9,0,느티나무,ZS,127.038429387,37.485016223
"8435",9,29,12,느티나무,ZS,127.031652576,37.482253889
"8436",5,16,4,느티나무,ZS,127.04190177,37.466386468
"8437",4,6,2,왕벚나무,PS,127.052412077,37.451258121
"8438",10,34,5,양버즘나무,PTA,127.008018181,37.483320343
"8439",12,35,6,양버즘나무,PTA,127.024483497,37.496858833
"8440",8,29,10,양버즘나무,PTA,127.012422942,37.502898289
"8441",5,40,12,양버즘나무,PTA,127.032189561,37.487919586
"8442",7,22,4,은행나무,GB,126.984915786,37.469642522
"8443",6,14,1,양버즘나무,PTA,127.015351259,37.519315581
"8444",12,32,10,양버즘나무,PTA,126.985550296,37.504501582
"8445",9,32,7,양버즘나무,PTA,127.013302079,37.512261878
"8446",7,11,2,은행나무,GB,127.013515828,37.493331527
"8447",10,31,6,메타세쿼이아,TB,127.029307197,37.469392538
"8448",10,26,4,메타세쿼이아,TB,127.040017954,37.473805855
"8449",7,15,4,느티나무,ZS,127.010015949,37.505185236
"8450",9,35,8,양버즘나무,PTA,127.034887366,37.467698925
"8451",12,42,9,메타세쿼이아,TB,127.030199899,37.470580012
"8452",7,9,3,은행나무,GB,127.036901648,37.460197912
"8453",6,13,2,은행나무,GB,127.046651181,37.459870261
"8454",5,28,6,느티나무,ZS,127.042270441,37.465381916
"8455",8,26,5,양버즘나무,PTA,127.02785065,37.489148409
"8456",6,14,5,은행나무,GB,127.043181972,37.470943418
"8457",7,11,1,은행나무,GB,127.035668747,37.460643573
"8458",14,21,4,양버즘나무,PTA,127.035206297,37.483041741
"8459",9,33,6,양버즘나무,PTA,127.02729719,37.488332834
"8460",6,17,5,은행나무,GB,127.045306973,37.467083598
"8461",8,24,5,양버즘나무,PTA,127.014739761,37.484801105
"8462",10,31,6,양버즘나무,PTA,126.988531774,37.488062014
"8463",8,21,4,양버즘나무,PTA,127.036000787,37.476432507
"8464",11,41,8,양버즘나무,PTA,127.009509116,37.488500919
"8465",12,33,12,양버즘나무,PTA,127.01348325,37.494000505
"8466",10,20,4,양버즘나무,PTA,127.014051386,37.515801499
"8467",14,19,4,양버즘나무,PTA,127.023545848,37.481522179
"8468",12,27,10,양버즘나무,PTA,126.993342646,37.488386562
"8469",10,20,4,양버즘나무,PTA,127.034518218,37.475478356
"8470",4,38,12,느티나무,ZS,127.086686029,37.462160888
"8471",8,24,5,양버즘나무,PTA,127.027495972,37.490305532
"8472",9,31,5,양버즘나무,PTA,127.01927273,37.489866599
"8473",9,25,6,양버즘나무,PTA,127.015635499,37.485850659
"8474",11,33,5,양버즘나무,PTA,127.018979824,37.510258167
"8475",8,25,4,양버즘나무,PTA,127.036429416,37.476567796
"8476",11,35,6,양버즘나무,PTA,126.984377831,37.490810721
"8477",13,31,10,양버즘나무,PTA,126.994988198,37.503384503
"8478",9,16,7,양버즘나무,PTA,126.992773388,37.489307696
"8479",8,29,8,양버즘나무,PTA,127.021656839,37.502565862
"8480",11,34,5,양버즘나무,PTA,127.005753953,37.496180932
"8481",9,35,8,양버즘나무,PTA,127.010741641,37.485169737
"8482",7,19,4,은행나무,GB,127.043690959,37.47117073
"8483",9,21,5,양버즘나무,PTA,127.015028159,37.487386041
"8484",7,23,6,양버즘나무,PTA,127.004289158,37.50581623
"8485",3,14,3,느티나무,ZS,127.015102484,37.484700471
"8486",3,21,6,은행나무,GB,127.025951615,37.500843747
"8487",8,27,6,느티나무,ZS,127.059085524,37.457476729
"8488",5,13,4,은행나무,GB,127.024695932,37.471082216
"8489",10,35,8,양버즘나무,PTA,127.037902881,37.469458167
"8490",7,12,2,은행나무,GB,127.036495867,37.460420651
"8491",9,35,6,양버즘나무,PTA,127.007240745,37.492136224
"8492",7,14,5,은행나무,GB,127.010708867,37.512561844
"8493",7,39,8,은행나무,GB,127.050145899,37.472178327
"8494",6,19,4,느티나무,ZS,126.993598437,37.4874644
"8495",7,15,4,은행나무,GB,127.010011436,37.512277697
"8496",5,10,2,메타세쿼이아,TB,126.986854743,37.475744168
"8497",13,23,10,양버즘나무,PTA,126.988424942,37.498108603
"8498",7,27,6,칠엽수,AC,127.011144729,37.503587695
"8499",10,25,5,양버즘나무,PTA,127.002682078,37.482292074
"8500",4,15,3,느티나무,ZS,127.000721873,37.474741514
"8501",8,19,5,양버즘나무,PTA,127.011506628,37.487516849
"8502",0,9,0,느티나무,ZS,127.038820595,37.485075948
"8503",8,24,5,양버즘나무,PTA,127.026344395,37.492327592
"8504",8,20,6,메타세쿼이아,TB,127.034846781,37.473871463
"8505",6,27,4,양버즘나무,PTA,127.039498934,37.469568708
"8506",8,20,3,은행나무,GB,127.017851754,37.500896435
"8507",7,34,6,느티나무,ZS,127.04708919,37.462811471
"8508",12,14,2,메타세쿼이아,TB,127.040774577,37.474525908
"8509",8,18,5,느티나무,ZS,127.063089853,37.455756972
"8510",12,33,8,가중나무,AA,127.013337811,37.515562813
"8511",6,28,8,느티나무,ZS,127.017555526,37.458387165
"8512",10,19,7,양버즘나무,PTA,127.040510761,37.467684479
"8513",11,15,3,느티나무,ZS,127.016062401,37.501418243
"8514",8,18,7,회화나무,STJ,127.010323641,37.503955054
"8515",6,19,4,양버즘나무,PTA,127.042186116,37.466714262
"8516",11,40,8,양버즘나무,PTA,126.984744798,37.490924013
"8517",6,18,5,은행나무,GB,127.050743645,37.454620151
"8518",14,22,7,양버즘나무,PTA,127.038343869,37.480165606
"8519",9,22,4,느티나무,ZS,127.077120016,37.458912886
"8520",7,20,4,은행나무,GB,127.04285571,37.474355328
"8521",6,16,3,은행나무,GB,127.041048637,37.469362857
"8522",8,25,7,양버즘나무,PTA,127.038462403,37.476837578
"8523",12,41,10,가중나무,AA,127.013414505,37.515520411
"8524",11,31,8,양버즘나무,PTA,127.012069226,37.493051955
"8525",7,22,3,은행나무,GB,127.028604087,37.47244131
"8526",13,30,10,가중나무,AA,127.003252667,37.508630609
"8527",6,13,8,회화나무,STJ,127.010574145,37.503016244
"8528",11,45,10,양버즘나무,PTA,127.006850646,37.483298539
"8529",9,29,3,느티나무,ZS,127.081470917,37.460109996
"8530",10,29,4,양버즘나무,PTA,127.006585247,37.478580704
"8531",8,22,5,양버즘나무,PTA,127.027651354,37.492263991
"8532",9,14,3,메타세쿼이아,TB,127.03691598,37.461800611
"8533",5,14,4,양버즘나무,PTA,127.036158172,37.476365803
"8534",10,30,5,양버즘나무,PTA,127.002522868,37.50560724
"8535",9,27,6,느티나무,ZS,127.07419149,37.458190478
"8536",11,24,6,양버즘나무,PTA,126.987157467,37.490427778
"8537",10,22,8,은행나무,GB,126.998241537,37.49715273
"8538",7,21,6,은행나무,GB,127.027518475,37.471766044
"8539",4,6,2,왕벚나무,PS,127.053397799,37.449635258
"8540",8,29,7,느티나무,ZS,127.019957564,37.460528268
"8541",10,38,8,메타세쿼이아,TB,127.036346612,37.474368951
"8542",8,21,5,느티나무,ZS,127.06632302,37.455444328
"8543",13,32,7,양버즘나무,PTA,127.038643201,37.479549881
"8544",8,29,7,느티나무,ZS,127.069972478,37.456627785
"8545",8,25,8,양버즘나무,PTA,127.039232011,37.470123461
"8546",7,16,5,은행나무,GB,127.045211902,37.472216652
"8547",6,12,2,은행나무,GB,127.065999248,37.434706841
"8548",11,37,8,양버즘나무,PTA,126.982166381,37.48210713
"8549",12,30,11,양버즘나무,PTA,126.98584503,37.503622577
"8550",9,28,6,양버즘나무,PTA,127.011477556,37.509048508
"8551",18,29,10,양버즘나무,PTA,127.032981247,37.48625516
"8552",9,41,8,양버즘나무,PTA,127.035057773,37.46758972
"8553",6,15,2,느티나무,ZS,126.983884251,37.476093265
"8554",8,22,10,양버즘나무,PTA,127.012567561,37.502937229
"8555",10,41,7,양버즘나무,PTA,127.0062844,37.494328639
"8556",8,22,5,양버즘나무,PTA,127.023371675,37.498911073
"8557",9,23,6,양버즘나무,PTA,127.03895113,37.47751618
"8558",5,18,4,느티나무,ZS,127.041687354,37.466594719
"8559",12,30,7,양버즘나무,PTA,127.018070415,37.495165228
"8560",15,51,8,튤립나무,LT,126.99401924,37.503028736
"8561",8,25,3,양버즘나무,PTA,127.038792487,37.47064216
"8562",11,28,8,양버즘나무,PTA,126.999432062,37.478996679
"8563",14,30,4,양버즘나무,PTA,127.037304046,37.481329974
"8564",10,24,5,양버즘나무,PTA,126.988015569,37.48905091
"8565",3,24,6,은행나무,GB,127.025904932,37.500933342
"8566",8,24,8,양버즘나무,PTA,127.038872729,37.472638081
"8567",9,33,8,양버즘나무,PTA,127.011731967,37.484285231
"8568",7,19,6,은행나무,GB,127.045778905,37.474660401
"8569",6,14,5,은행나무,GB,127.045140273,37.474868434
"8570",10,33,6,메타세쿼이아,TB,127.031326944,37.471304888
"8571",13,42,8,메타세쿼이아,TB,127.041934921,37.47610962
"8572",8,40,7,메타세쿼이아,TB,127.02795665,37.467342598
"8573",11,43,8,양버즘나무,PTA,127.009573719,37.488367657
"8574",9,20,3,양버즘나무,PTA,127.018316808,37.500726865
"8575",10,17,8,양버즘나무,PTA,127.007979802,37.511323334
"8576",10,26,10,양버즘나무,PTA,127.037513433,37.477558944
"8577",11,32,7,양버즘나무,PTA,127.012055877,37.493186503
"8578",4,15,3,느티나무,ZS,127.083651173,37.46112404
"8579",5,10,2,메타세쿼이아,TB,127.005501555,37.476694476
"8580",7,19,5,은행나무,GB,127.049989036,37.472330556
"8581",0,9,0,느티나무,ZS,127.013920524,37.481087114
"8582",12,46,7,메타세쿼이아,TB,127.041009284,37.474796113
"8583",7,25,6,느티나무,ZS,127.070717359,37.45726355
"8584",6,41,10,느티나무,ZS,127.009351256,37.478571244
"8585",10,21,7,양버즘나무,PTA,127.015048284,37.518916591
"8586",5,22,3,메타세쿼이아,TB,127.028523,37.468491675
"8587",7,11,2,은행나무,GB,127.042605581,37.474738433
"8588",7,34,6,은행나무,GB,127.045199612,37.475338686
"8589",8,23,6,느티나무,ZS,127.082398452,37.463295783
"8590",5,18,3,느티나무,ZS,127.04363327,37.466368064
"8591",0,8,0,느티나무,ZS,127.039166456,37.485120501
"8592",8,23,8,양버즘나무,PTA,127.038460996,37.476674594
"8593",5,13,3,왕벚나무,PS,127.03559285,37.478095759
"8594",7,15,4,은행나무,GB,127.035540668,37.460562511
"8595",11,24,10,양버즘나무,PTA,126.993523255,37.498154805
"8596",8,16,1,메타세쿼이아,TB,127.029958526,37.469962067
"8597",8,28,7,느티나무,ZS,127.062601822,37.45577788
"8598",12,31,7,양버즘나무,PTA,127.006533511,37.491350089
"8599",15,39,6,양버즘나무,PTA,127.02080041,37.495728108
"8600",7,23,5,양버즘나무,PTA,127.015770652,37.488657189
"8601",7,23,7,은행나무,GB,127.046343024,37.472126515
"8602",8,41,8,양버즘나무,PTA,127.034837025,37.463693359
"8603",4,8,2,느티나무,ZS,126.982676298,37.485325664
"8604",5,13,3,메타세쿼이아,TB,127.011101688,37.508128381
"8605",10,35,5,양버즘나무,PTA,127.029713526,37.488863348
"8606",13,30,12,가중나무,AA,127.012045943,37.518521224
"8607",6,11,3,은행나무,GB,127.049000377,37.473282057
"8608",0,9,0,느티나무,ZS,127.037153651,37.484838502
"8609",6,15,3,은행나무,GB,127.052704009,37.45041483
"8610",5,10,2,메타세쿼이아,TB,126.999109572,37.474131482
"8611",8,19,6,양버즘나무,PTA,127.038451519,37.472743706
"8612",8,19,5,느티나무,ZS,127.032265321,37.484440967
"8613",6,21,4,은행나무,GB,127.045920014,37.467533194
"8614",6,15,4,은행나무,GB,127.048437943,37.456882671
"8615",6,35,5,양버즘나무,PTA,127.025431517,37.491575799
"8616",10,28,6,양버즘나무,PTA,127.00687995,37.491729342
"8617",11,31,6,가중나무,AA,127.012259357,37.516012903
"8662",8,16,3,은행나무,GB,127.008337345,37.508811442
"8618",5,10,2,메타세쿼이아,TB,126.990377611,37.474753112
"8619",7,19,5,은행나무,GB,126.988455191,37.464561921
"8620",11,35,6,양버즘나무,PTA,126.988412374,37.488247661
"8621",7,27,6,은행나무,GB,127.044526615,37.472736832
"8622",4,20,5,칠엽수,AC,127.013275769,37.496092398
"8623",10,35,8,양버즘나무,PTA,126.982149155,37.481749185
"8624",6,17,5,은행나무,GB,127.05109871,37.453913884
"8625",11,30,10,양버즘나무,PTA,126.999666643,37.478646838
"8626",18,34,7,양버즘나무,PTA,127.008546512,37.492242262
"8627",7,22,4,양버즘나무,PTA,127.037821233,37.477599534
"8628",6,25,4,은행나무,GB,126.987729196,37.460557978
"8629",7,32,5,양버즘나무,PTA,126.991127401,37.47925719
"8630",12,41,8,양버즘나무,PTA,127.008985377,37.488796341
"8631",9,21,6,느티나무,ZS,127.076879544,37.459277626
"8632",7,24,5,양버즘나무,PTA,126.989583223,37.478875299
"8633",14,36,12,가중나무,AA,127.011386682,37.517899483
"8634",6,23,3,느티나무,ZS,127.048886824,37.462038955
"8635",6,19,5,은행나무,GB,127.04748812,37.457751934
"8636",6,25,1,양버즘나무,PTA,127.018129099,37.500564957
"8637",13,39,12,가중나무,AA,127.012474372,37.519135734
"8638",10,33,12,양버즘나무,PTA,127.004378467,37.488263112
"8639",13,27,5,양버즘나무,PTA,127.004352215,37.499169469
"8663",10,30,10,느티나무,ZS,127.03297441,37.48421196
"8640",0,21,7,양버즘나무,PTA,127.038405627,37.477645566
"8641",8,31,8,양버즘나무,PTA,127.038636559,37.470422511
"8642",10,28,8,양버즘나무,PTA,127.001160976,37.476377269
"8643",10,19,6,양버즘나무,PTA,127.015244434,37.519034304
"8644",16,23,8,양버즘나무,PTA,127.037547955,37.480656428
"8645",9,21,4,양버즘나무,PTA,127.004162189,37.486839529
"8646",10,26,5,양버즘나무,PTA,127.007636356,37.483242596
"8647",9,21,3,양버즘나무,PTA,127.013510586,37.514114726
"8648",20,33,8,양버즘나무,PTA,127.032812465,37.486616334
"8649",10,36,8,양버즘나무,PTA,127.036293108,37.468581008
"8650",6,16,5,은행나무,GB,127.045273264,37.474959096
"8651",12,37,8,가중나무,AA,127.008177425,37.508602761
"8652",9,33,8,양버즘나무,PTA,127.038868938,37.471685903
"8653",10,29,4,양버즘나무,PTA,127.004202911,37.485921915
"8654",4,11,4,회화나무,STJ,127.016425266,37.520663727
"8655",8,27,5,양버즘나무,PTA,127.027582927,37.490126048
"8656",6,16,3,은행나무,GB,126.996965753,37.482370782
"8657",6,17,4,메타세쿼이아,TB,127.010735131,37.508015886
"8658",9,43,7,느티나무,ZS,127.058562143,37.457514461
"8659",7,13,4,은행나무,GB,126.998344905,37.498749971
"8660",11,46,6,양버즘나무,PTA,127.007220931,37.506665111
"8661",6,18,4,은행나무,GB,127.047689181,37.45747183
"8664",10,16,7,은행나무,GB,126.998211379,37.495927693
"8665",14,36,6,양버즘나무,PTA,126.99099712,37.484220798
"8666",12,15,3,은행나무,GB,127.019561003,37.515305487
"8667",8,31,6,메타세쿼이아,TB,127.035094239,37.473838354
"8668",7,25,5,양버즘나무,PTA,126.994712975,37.480418276
"8669",7,28,4,느티나무,ZS,127.051510061,37.460915657
"8670",11,20,4,양버즘나무,PTA,127.023613266,37.486998273
"8671",0,27,6,느티나무,ZS,127.038971711,37.473222912
"8672",4,6,2,왕벚나무,PS,127.053449101,37.449575817
"8673",7,25,3,양버즘나무,PTA,127.010384594,37.512558817
"8674",5,19,8,느티나무,ZS,127.003697416,37.491937263
"8675",6,28,5,메타세쿼이아,TB,127.023168986,37.462733972
"8676",10,31,4,양버즘나무,PTA,127.023874183,37.50413096
"8677",13,31,6,양버즘나무,PTA,126.983744026,37.490816922
"8678",5,17,4,느티나무,ZS,126.993267187,37.487757173
"8679",7,20,6,회화나무,STJ,127.011175167,37.485062118
"8680",11,21,4,메타세쿼이아,TB,127.039179317,37.473802935
"8681",11,26,10,양버즘나무,PTA,126.99306199,37.498071746
"8682",8,31,5,양버즘나무,PTA,127.025183309,37.491649496
"8683",8,24,8,은행나무,GB,127.010925051,37.49359713
"8684",5,10,2,메타세쿼이아,TB,126.994865038,37.473462825
"8685",8,20,10,양버즘나무,PTA,127.013018328,37.502864987
"8686",11,42,10,메타세쿼이아,TB,127.009270969,37.512518221
"8687",10,36,6,양버즘나무,PTA,126.987450124,37.489924468
"8688",5,32,6,느티나무,ZS,127.044099188,37.464381466
"8689",4,20,5,느티나무,ZS,127.04411037,37.466125433
"8690",4,39,12,느티나무,ZS,127.089171479,37.462981784
"8691",4,16,3,느티나무,ZS,127.089453379,37.463071471
"8692",9,13,3,은행나무,GB,126.998250314,37.497344577
"8693",5,10,2,메타세쿼이아,TB,126.98908513,37.47511688
"8694",12,39,10,느티나무,ZS,127.031497829,37.48300307
"8695",7,14,4,은행나무,GB,127.01038169,37.512522846
"8696",7,25,5,양버즘나무,PTA,126.988559898,37.478119227
"8697",8,12,2,은행나무,GB,127.011033432,37.512596441
"8698",11,28,7,양버즘나무,PTA,127.011443092,37.493132834
"8699",6,21,4,느티나무,ZS,127.03976185,37.469314036
"8700",8,13,3,은행나무,GB,126.982329684,37.473888286
"8701",9,33,8,양버즘나무,PTA,127.024061487,37.497128216
"8702",7,16,4,은행나무,GB,127.04518308,37.46745763
"8703",6,31,5,양버즘나무,PTA,127.013053704,37.487837542
"8704",13,30,7,양버즘나무,PTA,127.022882584,37.496610959
"8705",12,28,12,양버즘나무,PTA,126.985915461,37.503402529
"8706",15,34,6,양버즘나무,PTA,127.003774275,37.500208823
"8707",14,28,5,양버즘나무,PTA,127.029519799,37.485922362
"8708",12,28,8,양버즘나무,PTA,127.036163735,37.482766834
"8709",18,29,5,양버즘나무,PTA,127.029492717,37.485259509
"8710",6,13,3,은행나무,GB,127.052089001,37.451923941
"8711",7,25,8,칠엽수,AC,127.01215218,37.500986969
"8712",12,34,8,양버즘나무,PTA,126.985570072,37.490949316
"8713",5,10,2,메타세쿼이아,TB,127.004371471,37.476489538
"8714",0,9,0,느티나무,ZS,127.019497874,37.482382122
"8715",11,27,8,양버즘나무,PTA,127.016931314,37.494566542
"8716",10,25,5,양버즘나무,PTA,126.988171981,37.488807433
"8717",9,32,6,은행나무,GB,127.017389976,37.515358622
"8718",10,46,9,메타세쿼이아,TB,127.035782774,37.474064551
"8719",8,27,8,양버즘나무,PTA,126.986790435,37.49821772
"8720",8,35,8,느티나무,ZS,127.082232703,37.463243077
"8721",6,27,7,은행나무,GB,127.045109697,37.475420315
"8722",10,29,10,양버즘나무,PTA,126.998446228,37.481493965
"8723",9,24,10,양버즘나무,PTA,127.000049179,37.477641871
"8724",7,24,5,양버즘나무,PTA,127.036898749,37.476916193
"8725",12,35,12,양버즘나무,PTA,126.986335127,37.502723907
"8726",9,21,9,양버즘나무,PTA,127.000402244,37.477547092
"8727",11,31,5,양버즘나무,PTA,126.989202046,37.487211879
"8728",8,26,4,양버즘나무,PTA,127.031573641,37.474392543
"8729",12,26,10,양버즘나무,PTA,127.017786246,37.482422098
"8730",12,34,6,양버즘나무,PTA,127.00477069,37.49826583
"8731",14,34,5,양버즘나무,PTA,127.004404012,37.499151632
"8732",10,22,7,양버즘나무,PTA,127.04054488,37.467656373
"8733",7,17,5,양버즘나무,PTA,126.986442614,37.476564546
"8734",4,19,5,양버즘나무,PTA,126.992964423,37.481350109
"8735",11,20,7,양버즘나무,PTA,127.015107226,37.519077119
"8736",9,29,5,느티나무,ZS,127.080327809,37.459934803
"8737",12,38,8,양버즘나무,PTA,127.015861043,37.494215464
"8738",7,18,3,양버즘나무,PTA,127.023784282,37.504103972
"8739",7,22,5,양버즘나무,PTA,126.996681895,37.481053217
"8740",5,10,2,메타세쿼이아,TB,127.001473849,37.475101134
"8741",9,27,6,양버즘나무,PTA,126.982044378,37.480013725
"8742",6,27,7,느티나무,ZS,127.054724507,37.459346547
"8743",8,29,5,양버즘나무,PTA,127.026864634,37.491237834
"8744",14,33,7,양버즘나무,PTA,127.018002016,37.495145015
"8745",8,24,4,은행나무,GB,126.982204696,37.474179908
"8746",7,14,3,은행나무,GB,126.994883562,37.493887253
"8747",7,18,2,은행나무,GB,127.040414147,37.469040256
"8748",9,18,5,양버즘나무,PTA,127.027328694,37.490258772
"8749",7,25,7,은행나무,GB,127.046264034,37.474311465
"8750",12,31,5,양버즘나무,PTA,127.015860207,37.488833882
"8751",13,21,8,가중나무,AA,127.014804305,37.520406495
"8752",5,10,2,메타세쿼이아,TB,127.00277555,37.475392659
"8753",12,38,8,양버즘나무,PTA,127.009876553,37.492381214
"8754",7,12,4,은행나무,GB,127.0412486,37.480217349
"8755",8,23,5,은행나무,GB,127.037909612,37.459176618
"8756",5,8,3,왕벚나무,PS,127.049104821,37.456279392
"8757",10,29,8,은행나무,GB,126.998097739,37.495435964
"8758",6,12,3,은행나무,GB,127.051337063,37.453196159
"8759",7,15,3,은행나무,GB,127.000540992,37.504916736
"8760",14,33,6,양버즘나무,PTA,127.004084656,37.500723507
"8761",9,36,8,양버즘나무,PTA,127.038120206,37.478009323
"8762",5,10,2,메타세쿼이아,TB,126.99023273,37.474792493
"8763",8,22,6,양버즘나무,PTA,127.014095148,37.490624027
"8764",6,30,8,느티나무,ZS,127.003594547,37.492030417
"8765",10,24,4,양버즘나무,PTA,127.036247146,37.477442538
"8766",9,15,3,메타세쿼이아,TB,127.036486393,37.462187037
"8767",9,27,6,느티나무,ZS,127.075245806,37.458845828
"8768",9,30,10,칠엽수,AC,127.012437345,37.498591224
"8769",7,32,6,느티나무,ZS,127.020848001,37.460487506
"8770",13,35,4,가중나무,AA,127.007463046,37.514057172
"8771",11,43,12,양버즘나무,PTA,126.995511642,37.498810206
"8772",12,30,5,양버즘나무,PTA,126.986142349,37.503319799
"8773",5,29,9,느티나무,ZS,127.014198592,37.484746527
"8774",6,13,3,은행나무,GB,126.997171203,37.482051512
"8775",7,22,6,은행나무,GB,127.043139585,37.474090851
"8776",9,22,5,양버즘나무,PTA,127.039000699,37.471124608
"8777",12,41,8,양버즘나무,PTA,127.006407626,37.491445545
"8778",8,21,4,느티나무,ZS,127.03905462,37.469441506
"8779",6,24,7,느티나무,ZS,127.014115816,37.457582488
"8780",5,10,2,메타세쿼이아,TB,126.99092314,37.474601221
"8781",9,22,5,양버즘나무,PTA,127.024724184,37.491376438
"8782",13,14,6,은행나무,GB,127.044640023,37.477858114
"8783",10,15,3,은행나무,GB,127.002997361,37.482328025
"8784",19,16,8,양버즘나무,PTA,127.037640231,37.480505869
"8785",7,19,6,은행나무,GB,127.004727654,37.50945412
"8786",12,40,8,양버즘나무,PTA,127.009086139,37.488593768
"8787",8,26,5,양버즘나무,PTA,127.015992858,37.485272918
"8788",10,26,8,양버즘나무,PTA,127.041502859,37.466701383
"8789",7,17,3,은행나무,GB,126.998335136,37.498606892
"8790",9,19,4,느티나무,ZS,127.079260953,37.459611534
"8791",12,32,12,양버즘나무,PTA,126.98544563,37.498872708
"8792",7,20,7,은행나무,GB,127.04270328,37.482170598
"8793",6,28,4,양버즘나무,PTA,127.039729384,37.469208583
"8794",13,22,4,양버즘나무,PTA,127.041118107,37.479778626
"8795",6,20,5,은행나무,GB,127.050956303,37.454185662
"8796",8,22,5,은행나무,GB,127.037966077,37.462103993
"8797",13,19,7,은행나무,GB,127.041942787,37.483840342
"8798",10,30,4,양버즘나무,PTA,127.036529027,37.477181855
"8799",8,20,6,양버즘나무,PTA,127.035154922,37.463410177
"8800",10,39,12,느티나무,ZS,127.084531984,37.461674006
"8801",5,34,9,느티나무,ZS,127.014337986,37.484772354
"8802",8,19,5,느티나무,ZS,127.076342275,37.459094431
"8803",8,30,8,느티나무,ZS,127.053383434,37.459733815
"8804",8,17,4,은행나무,GB,126.993421943,37.502860811
"8805",10,32,10,양버즘나무,PTA,126.99992179,37.478253901
"8806",10,32,6,양버즘나무,PTA,126.987956268,37.491798493
"8807",13,33,6,양버즘나무,PTA,127.020293035,37.49557221
"8808",13,27,12,느티나무,ZS,127.087119507,37.462516386
"8809",11,38,10,양버즘나무,PTA,127.008457175,37.511574924
"8810",12,25,10,양버즘나무,PTA,127.038324731,37.478545727
"8811",10,30,5,양버즘나무,PTA,127.025232174,37.495053083
"8812",8,25,7,양버즘나무,PTA,127.038402208,37.471538479
"8813",11,28,12,양버즘나무,PTA,127.004413361,37.488464726
"8814",10,31,8,양버즘나무,PTA,126.999399505,37.479045548
"8815",11,26,6,양버즘나무,PTA,127.025367153,37.497372704
"8816",3,28,10,은행나무,GB,127.0262772,37.500293747
"8817",12,11,2,은행나무,GB,126.990071135,37.493275176
"8818",10,17,3,양버즘나무,PTA,127.017260258,37.509983828
"8819",9,27,5,양버즘나무,PTA,127.024610086,37.496360672
"8820",8,28,5,양버즘나무,PTA,126.9914487,37.483708988
"8821",8,27,5,양버즘나무,PTA,127.018108276,37.48951463
"8822",11,28,6,양버즘나무,PTA,127.009418535,37.48868608
"8823",13,39,6,가중나무,AA,127.002745514,37.509353744
"8824",8,27,5,양버즘나무,PTA,127.027528348,37.490239889
"8825",8,19,4,양버즘나무,PTA,127.034289792,37.464736796
"8826",9,22,5,양버즘나무,PTA,127.015473495,37.486585197
"8827",8,22,12,양버즘나무,PTA,127.010479653,37.498727799
"8828",10,26,6,양버즘나무,PTA,127.011667814,37.509078214
"8829",4,12,3,은행나무,GB,127.012444297,37.481647175
"8830",9,31,11,양버즘나무,PTA,127.031141809,37.490109806
"8831",14,26,6,양버즘나무,PTA,127.020711978,37.495700666
"8832",6,25,6,느티나무,ZS,127.057242633,37.458267456
"8833",9,28,10,양버즘나무,PTA,127.009025944,37.511649956
"8834",7,19,4,양버즘나무,PTA,127.033556551,37.4749781
"8835",9,27,6,양버즘나무,PTA,127.010272714,37.486136097
"8836",11,27,8,양버즘나무,PTA,127.025391253,37.49727766
"8837",8,28,5,양버즘나무,PTA,127.014924765,37.487663247
"8838",8,22,5,양버즘나무,PTA,127.024562507,37.496461299
"8839",10,19,3,양버즘나무,PTA,127.022831523,37.490794361
"8840",13,32,6,양버즘나무,PTA,127.005293673,37.49634628
"8841",8,19,7,양버즘나무,PTA,127.038454721,37.473389868
"8842",10,27,5,양버즘나무,PTA,127.01064274,37.484035564
"8843",10,23,10,양버즘나무,PTA,127.009734152,37.505701837
"8844",10,38,10,가중나무,AA,127.003497033,37.507782425
"8845",5,10,2,메타세쿼이아,TB,126.999285814,37.473876641
"8846",8,29,7,느티나무,ZS,127.070250647,37.456714877
"8847",9,28,6,느티나무,ZS,127.08211463,37.460488218
"8848",7,23,5,양버즘나무,PTA,126.987629351,37.477647037
"8849",6,32,7,느티나무,ZS,127.051029752,37.460746763
"8850",7,13,3,은행나무,GB,127.044143015,37.471471427
"8851",14,16,5,은행나무,GB,127.044233798,37.478757217
"8852",4,11,2,은행나무,GB,127.024431599,37.469187272
"8853",13,16,4,은행나무,GB,127.042725283,37.48209223
"8854",5,24,8,느티나무,ZS,126.987915759,37.485989094
"8855",9,27,6,은행나무,GB,127.018292829,37.515643879
"8856",7,19,4,은행나무,GB,127.043929709,37.473454038
"8857",12,28,6,양버즘나무,PTA,126.990438278,37.501939185
"8858",11,13,3,은행나무,GB,126.98340933,37.497022069
"8859",6,27,8,느티나무,ZS,127.022263301,37.460207681
"8860",6,26,8,느티나무,ZS,127.016606237,37.484237587
"8861",5,9,2,단풍나무,MP,126.992350422,37.487437445
"8862",6,29,6,메타세쿼이아,TB,127.027161461,37.466260768
"8863",14,26,7,양버즘나무,PTA,127.019419596,37.495582861
"8864",11,25,4,양버즘나무,PTA,127.029633665,37.484571857
"8865",7,29,4,느티나무,ZS,127.051272396,37.46101849
"8866",6,11,2,메타세쿼이아,TB,126.996235265,37.473393905
"8867",9,22,8,양버즘나무,PTA,127.021447888,37.503019718
"8868",8,37,8,메타세쿼이아,TB,127.043070441,37.477426249
"8869",6,18,4,은행나무,GB,127.029940816,37.473235124
"8870",7,12,2,은행나무,GB,127.049896343,37.455563348
"8871",6,13,3,은행나무,GB,127.050396547,37.454943027
"8872",8,25,5,양버즘나무,PTA,127.023331127,37.498999839
"8873",6,28,8,느티나무,ZS,127.026093556,37.460324756
"8874",9,30,5,양버즘나무,PTA,127.023273769,37.499125795
"8875",12,40,12,가중나무,AA,127.008667377,37.515229803
"8876",4,26,5,느티나무,ZS,126.983480157,37.476135806
"8877",6,27,5,칠엽수,AC,127.013068674,37.496951171
"8878",5,18,4,느티나무,ZS,127.041197935,37.467037269
"8879",10,24,8,은행나무,GB,126.998256278,37.497471033
"8880",9,41,12,양버즘나무,PTA,127.03189205,37.488544229
"8881",6,24,8,양버즘나무,PTA,127.035820205,37.468283641
"8882",6,27,8,느티나무,ZS,127.023064054,37.460179441
"8883",7,17,3,느티나무,ZS,127.06261507,37.456141821
"8884",0,9,0,느티나무,ZS,127.024996891,37.483166863
"8885",8,13,2,은행나무,GB,127.038670478,37.462843289
"8886",6,10,2,메타세쿼이아,TB,127.010699061,37.50800585
"8887",15,36,7,양버즘나무,PTA,127.019492737,37.495603969
"8888",6,15,3,은행나무,GB,127.048908339,37.456456796
"8889",10,24,12,양버즘나무,PTA,127.003997623,37.4847199
"8890",7,11,5,은행나무,GB,127.044473357,37.474530253
"8891",7,20,4,느티나무,ZS,127.039609906,37.4685472
"8892",10,23,8,양버즘나무,PTA,127.035170898,37.467847027
"8893",11,38,13,양버즘나무,PTA,127.023467974,37.506164027
"8894",8,18,6,양버즘나무,PTA,127.038885496,37.477504209
"8895",12,33,8,양버즘나무,PTA,126.987608013,37.49175424
"8896",7,30,6,양버즘나무,PTA,127.005756756,37.506585505
"8897",9,17,5,양버즘나무,PTA,127.014204466,37.484541884
"8898",10,22,10,양버즘나무,PTA,127.009373725,37.511999302
"8899",10,24,4,양버즘나무,PTA,126.988047803,37.505349726
"8900",10,26,8,은행나무,GB,126.997923782,37.495191339
"8901",7,8,3,메타세쿼이아,TB,127.04286597,37.479610106
"8902",16,17,5,은행나무,GB,127.042508906,37.482581945
"8903",9,23,7,메타세쿼이아,TB,127.037600807,37.475074579
"8904",14,24,10,양버즘나무,PTA,127.038347914,37.478442094
"8905",11,20,5,양버즘나무,PTA,126.983479875,37.497180131
"8906",6,26,5,느티나무,ZS,127.050599872,37.460931608
"8907",5,12,2,메타세쿼이아,TB,127.003513082,37.476078148
"8908",9,24,8,느티나무,ZS,127.068489311,37.456308127
"8909",9,22,5,느티나무,ZS,127.078549377,37.45986032
"8910",4,14,5,은행나무,GB,127.025048603,37.470030802
"8911",7,17,3,은행나무,GB,127.049690778,37.47262104
"8912",13,32,6,양버즘나무,PTA,127.008086429,37.507295255
"8913",0,19,4,느티나무,ZS,127.038966314,37.46946617
"8914",0,9,0,느티나무,ZS,127.035901868,37.484665975
"8915",7,31,5,양버즘나무,PTA,126.988143173,37.478156586
"8916",9,25,6,느티나무,ZS,127.082051463,37.461035459
"8917",6,30,8,느티나무,ZS,127.02516966,37.460087146
"8918",13,37,12,가중나무,AA,127.009511293,37.516058859
"8919",12,32,6,양버즘나무,PTA,126.988953181,37.495371466
"8920",5,17,8,양버즘나무,PTA,127.021693689,37.496140092
"8921",8,27,5,양버즘나무,PTA,127.021586904,37.502314837
"8922",8,27,5,양버즘나무,PTA,127.024757904,37.495633111
"8923",6,27,6,메타세쿼이아,TB,127.02328878,37.462824634
"8924",0,21,6,양버즘나무,PTA,127.038456886,37.477715254
"8925",7,21,4,양버즘나무,PTA,127.041722304,37.467144816
"8926",7,18,4,은행나무,GB,127.046427633,37.467894909
"8927",10,27,4,양버즘나무,PTA,127.004031901,37.485986316
"8928",12,27,5,양버즘나무,PTA,127.00901998,37.48351089
"8929",5,10,2,은행나무,GB,127.053026943,37.450141175
"8930",0,9,0,느티나무,ZS,127.01568694,37.481609461
"8931",11,22,10,양버즘나무,PTA,126.993108176,37.488387691
"8932",8,26,5,양버즘나무,PTA,127.026880299,37.491200764
"8933",13,39,12,느티나무,ZS,127.030586466,37.483877957
"8934",10,35,10,양버즘나무,PTA,126.993122166,37.498078695
"8935",6,33,8,느티나무,ZS,127.025635976,37.460342821
"8936",12,40,8,양버즘나무,PTA,127.009287519,37.488954046
"8937",8,33,5,양버즘나무,PTA,127.019738965,37.489856119
"8938",9,31,5,양버즘나무,PTA,127.027967706,37.489322438
"8939",13,29,8,양버즘나무,PTA,126.982251258,37.483525745
"8940",10,23,4,양버즘나무,PTA,127.006485522,37.478783463
"8941",7,28,6,은행나무,GB,127.045142483,37.47214391
"8942",7,20,3,은행나무,GB,127.0101064,37.483925886
"8943",13,29,6,양버즘나무,PTA,127.018443698,37.495030377
"8944",4,14,3,은행나무,GB,127.012315629,37.481918214
"8945",8,16,5,은행나무,GB,126.992837952,37.493683236
"8946",7,13,3,은행나무,GB,127.052305088,37.451211844
"8947",13,37,10,양버즘나무,PTA,126.987783221,37.498115223
"8948",8,23,8,양버즘나무,PTA,127.039089643,37.470571401
"8949",8,25,6,느티나무,ZS,127.059332059,37.457186581
"8950",13,26,4,양버즘나무,PTA,127.041436703,37.480436267
"8951",8,20,4,양버즘나무,PTA,127.013229047,37.51391058
"8952",12,39,12,양버즘나무,PTA,127.004443045,37.488648757
"8953",8,30,8,양버즘나무,PTA,127.038541018,37.47062605
"8954",10,17,5,양버즘나무,PTA,127.008965864,37.511802225
"8955",12,30,12,가중나무,AA,127.011173132,37.517680835
"8956",5,10,2,메타세쿼이아,TB,126.99170808,37.474393423
"8957",6,12,2,메타세쿼이아,TB,126.995961733,37.473398361
"8958",8,11,2,은행나무,GB,127.02539705,37.494772975
"8959",8,14,4,은행나무,GB,126.9843736,37.47021535
"8960",7,19,4,은행나무,GB,127.025566743,37.470444944
"8961",9,22,3,양버즘나무,PTA,127.001777686,37.475418669
"8962",13,40,12,가중나무,AA,127.014448172,37.519978944
"8963",11,38,10,튤립나무,LT,127.000458536,37.504891908
"8964",9,21,6,양버즘나무,PTA,127.027042758,37.488256683
"8965",9,14,2,양버즘나무,PTA,127.013195443,37.513357762
"8966",10,31,10,양버즘나무,PTA,126.998831432,37.479521444
"8967",8,17,5,양버즘나무,PTA,127.038939615,37.476042348
"8968",9,36,6,양버즘나무,PTA,127.039037692,37.470616245
"8969",5,26,8,느티나무,ZS,127.027290198,37.497444883
"8970",8,19,4,느티나무,ZS,127.080331856,37.460144552
"8971",5,10,2,메타세쿼이아,TB,127.001186642,37.474966447
"8972",10,36,8,양버즘나무,PTA,127.013809961,37.502492762
"8973",12,17,6,양버즘나무,PTA,127.038895851,37.478459222
"8974",7,14,4,양버즘나무,PTA,127.03264984,37.46990408
"8975",10,27,5,양버즘나무,PTA,127.020300561,37.485979334
"8976",9,23,6,느티나무,ZS,127.058368404,37.457784562
"8977",5,22,6,느티나무,ZS,127.002779771,37.503175476
"8978",9,25,5,양버즘나무,PTA,126.995417037,37.480870349
"8979",0,9,0,느티나무,ZS,127.020389495,37.482505344
"8980",8,22,8,양버즘나무,PTA,127.009352151,37.506416749
"8981",12,34,10,양버즘나무,PTA,127.000469244,37.505837001
"8982",10,27,4,양버즘나무,PTA,127.004078682,37.486305731
"8983",11,28,6,양버즘나무,PTA,126.989423543,37.486857703
"8984",5,22,3,양버즘나무,PTA,126.997497054,37.48126108
"8985",5,10,2,메타세쿼이아,TB,127.003486812,37.475732747
"8986",9,34,7,양버즘나무,PTA,127.006723375,37.493438287
"8987",9,38,5,양버즘나무,PTA,127.006873515,37.483096261
"8988",11,24,4,양버즘나무,PTA,127.00452183,37.487998811
"8989",10,31,5,양버즘나무,PTA,127.00530041,37.480845365
"8990",9,27,2,양버즘나무,PTA,127.004059469,37.486196379
"8991",13,29,6,양버즘나무,PTA,127.005549245,37.495810846
"8992",6,30,8,느티나무,ZS,127.013420875,37.457548072
"8993",5,16,3,느티나무,ZS,127.041225078,37.464587815
"8994",12,22,9,양버즘나무,PTA,126.996119722,37.484041313
"8995",7,24,5,느티나무,ZS,127.053226987,37.460175347
"8996",8,29,7,양버즘나무,PTA,127.038377709,37.471265216
"8997",9,33,5,양버즘나무,PTA,127.008404072,37.48339291
"8998",6,14,4,은행나무,GB,126.997223511,37.482336467
"8999",10,26,6,은행나무,GB,126.99847551,37.499024293
"9000",6,31,8,느티나무,ZS,127.047600086,37.462406498
"9001",10,25,4,양버즘나무,PTA,127.042569968,37.481360649
"9002",11,25,5,양버즘나무,PTA,127.008951553,37.48370676
"9003",6,15,4,은행나무,GB,126.988124088,37.462477792
"9004",8,26,8,느티나무,ZS,127.062569518,37.455977154
"9005",7,19,4,양버즘나무,PTA,127.034474285,37.467943337
"9006",14,49,12,가중나무,AA,127.007167981,37.513767824
"9007",13,41,12,가중나무,AA,127.009063486,37.515611608
"9008",8,10,1,은행나무,GB,127.014818731,37.502298113
"9009",7,21,6,은행나무,GB,127.042243319,37.472966719
"9010",12,26,10,양버즘나무,PTA,126.985845801,37.504234367
"9011",15,43,7,양버즘나무,PTA,127.004508629,37.49793946
"9012",7,22,4,느티나무,ZS,127.009958047,37.505294464
"9013",11,33,12,양버즘나무,PTA,127.009682547,37.498631772
"9014",12,21,2,양버즘나무,PTA,127.017487856,37.500808702
"9015",7,16,4,은행나무,GB,127.042308003,37.473007043
"9016",10,20,5,양버즘나무,PTA,127.008481853,37.483409874
"9017",5,14,6,단풍나무,MP,127.010421262,37.494267113
"9018",10,30,8,양버즘나무,PTA,127.04072251,37.467427773
"9019",9,32,5,양버즘나무,PTA,127.003668903,37.500780266
"9020",5,19,4,느티나무,ZS,127.047594215,37.469236974
"9021",11,30,7,양버즘나무,PTA,126.989106744,37.501891516
"9022",5,17,3,느티나무,ZS,126.992226595,37.48734685
"9023",14,25,3,양버즘나무,PTA,127.037611744,37.481304178
"9024",5,15,4,느티나무,ZS,126.992055484,37.487286723
"9025",7,11,2,은행나무,GB,127.036490919,37.461291014
"9026",10,19,5,은행나무,GB,127.04234761,37.48294512
"9027",12,46,8,가중나무,AA,127.007643267,37.514551313
"9028",7,28,8,은행나무,GB,127.010811636,37.493826816
"9029",8,18,3,양버즘나무,PTA,127.026747804,37.491902241
"9030",9,14,3,양버즘나무,PTA,127.012142951,37.513107077
"9031",4,10,2,꽃사과,PRS,126.995097834,37.487949784
"9032",6,25,5,메타세쿼이아,TB,127.022843716,37.462678796
"9033",8,23,5,양버즘나무,PTA,127.025771296,37.491686803
"9034",8,36,5,양버즘나무,PTA,127.011269735,37.487441654
"9035",7,11,3,메타세쿼이아,TB,126.991956667,37.474033864
"9036",7,13,3,은행나무,GB,127.011420921,37.51299309
"9037",12,35,12,양버즘나무,PTA,127.028781064,37.495051377
"9038",8,27,6,느티나무,ZS,127.082175011,37.463036864
"9039",13,38,10,양버즘나무,PTA,126.988501943,37.498106642
"9040",13,36,6,양버즘나무,PTA,127.007504027,37.507117761
"9041",12,37,7,양버즘나무,PTA,127.010070861,37.492711731
"9042",8,0,2,느티나무,ZS,127.062972787,37.456010194
"9043",13,34,8,양버즘나무,PTA,126.982175162,37.482287544
"9044",13,22,8,양버즘나무,PTA,127.034934231,37.484208146
"9045",8,20,8,양버즘나무,PTA,127.038447459,37.472244423
"9046",9,14,3,메타세쿼이아,TB,127.036335253,37.462329503
"9047",8,25,5,느티나무,ZS,127.054423231,37.459288198
"9048",8,23,3,양버즘나무,PTA,127.021852008,37.502142856
"9049",6,14,3,은행나무,GB,127.053059147,37.449789801
"9050",8,21,3,느티나무,ZS,127.064786475,37.455199273
"9051",14,36,5,양버즘나무,PTA,127.003940848,37.50124316
"9052",11,34,8,양버즘나무,PTA,127.027025557,37.498179531
"9053",6,15,4,은행나무,GB,126.98676405,37.46808317
"9054",9,17,4,느티나무,ZS,127.066636328,37.455695834
"9055",12,35,10,가중나무,AA,127.014989624,37.520257226
"9056",9,30,5,양버즘나무,PTA,126.995942048,37.481041047
"9057",6,29,7,은행나무,GB,127.046086616,37.474481419
"9058",6,19,5,양버즘나무,PTA,126.994451435,37.480332746
"9059",11,15,3,은행나무,GB,127.042868264,37.481551326
"9060",10,27,6,양버즘나무,PTA,126.991969368,37.482715715
"9061",11,26,5,양버즘나무,PTA,126.989229207,37.487169323
"9062",11,45,12,양버즘나무,PTA,126.995097016,37.498646505
"9063",8,27,4,양버즘나무,PTA,127.034333627,37.465566846
"9064",5,25,5,메타세쿼이아,TB,127.02429196,37.463844188
"9065",7,15,5,은행나무,GB,127.011656429,37.513077128
"9066",13,37,6,양버즘나무,PTA,127.004216566,37.500004944
"9067",6,18,4,은행나무,GB,127.04917626,37.456215483
"9068",15,49,5,양버즘나무,PTA,126.998690584,37.504394086
"9069",10,26,8,양버즘나무,PTA,127.032728002,37.469582485
"9070",11,36,7,메타세쿼이아,TB,127.041169097,37.475225286
"9071",9,20,5,느티나무,ZS,127.081260069,37.460189217
"9072",6,18,4,느티나무,ZS,127.03203214,37.472470756
"9073",10,23,4,양버즘나무,PTA,127.006687685,37.478367051
"9074",13,27,4,양버즘나무,PTA,127.042532168,37.481629631
"9075",6,18,4,양버즘나무,PTA,127.04034231,37.468495685
"9076",12,26,6,양버즘나무,PTA,126.988176849,37.496216636
"9077",15,19,5,느티나무,ZS,127.035535991,37.482730926
"9078",12,30,7,양버즘나무,PTA,127.024880556,37.497222695
"9079",14,39,7,양버즘나무,PTA,127.019861697,37.495721472
"9080",4,24,4,느티나무,ZS,126.989194591,37.486395189
"9081",15,26,5,양버즘나무,PTA,127.035935335,37.482353506
"9082",9,14,2,메타세쿼이아,TB,127.035964095,37.462663056
"9083",11,24,7,양버즘나무,PTA,127.012117333,37.493207948
"9084",9,28,10,양버즘나무,PTA,127.038190005,37.478929514
"9085",6,29,8,양버즘나무,PTA,127.01468006,37.488805439
"9086",10,31,12,양버즘나무,PTA,127.009476461,37.498717255
"9087",7,19,5,은행나무,GB,127.048058692,37.469528642
"9088",13,29,10,양버즘나무,PTA,126.9992567,37.508432398
"9089",6,19,5,양버즘나무,PTA,126.988050766,37.488996865
"9090",8,24,3,양버즘나무,PTA,127.029825466,37.484508155
"9091",10,32,8,양버즘나무,PTA,127.037348009,37.469261329
"9092",11,26,7,양버즘나무,PTA,127.013529334,37.51148542
"9093",7,24,8,양버즘나무,PTA,127.008676857,37.504024005
"9094",0,9,0,느티나무,ZS,127.018399562,37.482104306
"9095",12,32,10,양버즘나무,PTA,126.999524201,37.508832757
"9096",11,28,10,양버즘나무,PTA,127.0078821,37.511298373
"9097",6,18,5,은행나무,GB,126.982176947,37.48103413
"9098",11,49,8,가중나무,AA,127.011911443,37.516210827
"9099",10,32,10,양버즘나무,PTA,126.99149567,37.491372161
"9100",7,22,5,양버즘나무,PTA,127.013992035,37.492797702
"9101",8,26,6,칠엽수,AC,127.011063135,37.503740906
"9102",10,25,8,은행나무,GB,126.998245811,37.497248654
"9103",7,29,5,은행나무,GB,126.987499556,37.501592451
"9104",5,10,2,은행나무,GB,127.014043213,37.492479733
"9105",6,28,6,느티나무,ZS,127.04676408,37.46276385
"9106",8,14,5,양버즘나무,PTA,127.038462817,37.477104966
"9107",9,29,4,양버즘나무,PTA,126.991563301,37.483530217
"9108",7,17,4,은행나무,GB,127.012276582,37.513258739
"9109",4,18,5,느티나무,ZS,126.982482259,37.485076992
"9110",11,28,8,양버즘나무,PTA,126.999490964,37.478912283
"9111",6,14,3,은행나무,GB,127.029188541,37.472966621
"9112",8,14,2,은행나무,GB,126.992400917,37.489904518
"9113",12,32,7,양버즘나무,PTA,126.98865835,37.492173014
"9114",7,18,5,양버즘나무,PTA,127.014525761,37.488137231
"9115",13,32,7,양버즘나무,PTA,127.024465081,37.497097617
"9116",6,40,10,느티나무,ZS,127.009520749,37.478645169
"9117",10,25,4,양버즘나무,PTA,127.005294446,37.481240831
"9118",6,36,6,양버즘나무,PTA,127.011880207,37.484036185
"9119",4,6,2,왕벚나무,PS,127.053342792,37.44946781
"9120",12,28,7,양버즘나무,PTA,127.02461192,37.497141626
"9121",7,14,2,은행나무,GB,127.038077151,37.459195872
"9122",9,22,6,느티나무,ZS,127.067290345,37.456112886
"9123",6,16,4,양버즘나무,PTA,127.042034323,37.466856118
"9124",8,30,5,양버즘나무,PTA,127.025950736,37.491885612
"9125",7,10,2,양버즘나무,PTA,127.012207302,37.509600509
"9126",6,14,3,은행나무,GB,127.051786274,37.452268825
"9127",12,22,7,양버즘나무,PTA,126.998164146,37.489130511
"9128",6,20,7,은행나무,GB,127.045483349,37.476675993
"9129",9,24,5,느티나무,ZS,127.066222016,37.455762817
"9130",8,14,3,은행나무,GB,126.982948098,37.493504579
"9131",7,18,5,은행나무,GB,127.046655171,37.472298641
"9132",6,16,2,은행나무,GB,127.003958561,37.506816533
"9133",8,25,8,은행나무,GB,127.010615057,37.493492606
"9134",9,16,3,은행나무,GB,127.010446624,37.510350705
"9135",3,14,2,느티나무,ZS,126.983160176,37.485641478
"9136",11,35,5,양버즘나무,PTA,127.029025709,37.486709031
"9137",6,21,6,느티나무,ZS,127.053086243,37.460050013
"9138",8,15,3,은행나무,GB,126.994101,37.493861134
"9139",6,10,2,은행나무,GB,127.052891625,37.450129496
"9140",8,20,4,느티나무,ZS,127.039425537,37.468796881
"9141",7,22,4,은행나무,GB,127.045022738,37.477105714
"9142",4,6,2,왕벚나무,PS,127.056591168,37.446406135
"9143",14,28,6,양버즘나무,PTA,126.9908927,37.484382995
"9144",4,12,3,은행나무,GB,127.012411601,37.481721176
"9145",7,13,2,은행나무,GB,127.038653168,37.458676347
"9146",10,20,10,양버즘나무,PTA,127.013228375,37.502824081
"9147",13,37,8,가중나무,AA,127.008215151,37.508534333
"9148",8,17,6,은행나무,GB,126.992667918,37.493658443
"9149",6,26,6,느티나무,ZS,127.055032376,37.45921269
"9150",12,28,5,양버즘나무,PTA,127.004716154,37.489238438
"9151",11,36,7,양버즘나무,PTA,126.9900313,37.485733932
"9152",8,24,5,느티나무,ZS,127.059755212,37.457376753
"9153",6,14,4,은행나무,GB,127.023639696,37.47202922
"9154",10,37,12,양버즘나무,PTA,126.99958664,37.481803775
"9155",6,24,6,느티나무,ZS,127.002683261,37.492867381
"9156",4,27,8,느티나무,ZS,126.987717195,37.486116631
"9157",7,17,8,양버즘나무,PTA,127.036135942,37.468478828
"9158",9,26,5,양버즘나무,PTA,127.01580496,37.486050415
"9159",8,20,4,은행나무,GB,127.010901555,37.509873546
"9160",8,19,4,양버즘나무,PTA,127.035312227,37.463515785
"9161",8,29,8,느티나무,ZS,127.081609758,37.46082432
"9162",7,12,3,은행나무,GB,127.009878085,37.512211341
"9163",8,15,3,은행나무,GB,126.994171655,37.493871298
"9164",6,11,2,메타세쿼이아,TB,126.99821582,37.473579348
"9165",6,23,5,은행나무,GB,127.043753035,37.476532302
"9166",8,23,5,양버즘나무,PTA,127.024977721,37.495185114
"9167",7,13,3,은행나무,GB,127.010671871,37.49337096
"9168",12,42,8,은행나무,GB,126.998027222,37.495131786
"9169",4,13,3,회화나무,STJ,127.016883454,37.520544071
"9170",6,23,3,은행나무,GB,126.982113984,37.474459087
"9171",7,27,10,양버즘나무,PTA,127.029986699,37.492534062
"9172",17,21,7,양버즘나무,PTA,127.038060801,37.480713358
"9173",18,33,7,양버즘나무,PTA,127.039016537,37.478330531
"9174",6,15,2,은행나무,GB,127.049225759,37.456018051
"9175",10,28,4,양버즘나무,PTA,127.004014725,37.485882457
"9176",5,10,2,메타세쿼이아,TB,127.002307186,37.475167005
"9177",6,22,6,느티나무,ZS,127.053495078,37.459874084
"9178",6,18,4,느티나무,ZS,127.014716157,37.480968157
"9179",8,26,5,양버즘나무,PTA,127.027218259,37.490887101
"9180",12,33,8,양버즘나무,PTA,127.010976693,37.492719568
"9181",9,24,5,양버즘나무,PTA,127.027506687,37.48988541
"9182",5,10,1,은행나무,GB,126.988280863,37.463162708
"9183",4,15,1,은행나무,GB,127.047107669,37.468846055
"9184",9,32,10,양버즘나무,PTA,127.009246068,37.511754728
"9185",6,17,5,은행나무,GB,127.041808307,37.472680032
"9186",5,18,4,느티나무,ZS,127.046184398,37.468223621
"9187",6,22,5,느티나무,ZS,126.982336501,37.476308252
"9188",8,25,6,느티나무,ZS,127.082248599,37.463602276
"9189",0,11,0,느티나무,ZS,127.028991339,37.483988239
"9190",8,22,7,양버즘나무,PTA,127.0384587,37.475696649
"9191",10,26,4,양버즘나무,PTA,127.035949198,37.476395613
"9192",0,8,0,느티나무,ZS,127.0205624,37.482811814
"9193",7,39,10,느티나무,ZS,127.082078327,37.462770111
"9194",6,13,4,은행나무,GB,127.046262512,37.467779461
"9195",8,29,5,양버즘나무,PTA,127.02310982,37.499468695
"9196",4,13,2,은행나무,GB,127.02497596,37.469954244
"9197",7,25,4,양버즘나무,PTA,127.032085252,37.474469211
"9198",5,23,7,느티나무,ZS,126.984549385,37.475930022
"9199",6,8,2,은행나무,GB,127.046795698,37.459877614
"9200",13,27,8,양버즘나무,PTA,126.982244538,37.483211232
"9201",13,38,5,양버즘나무,PTA,127.004468547,37.498830251
"9202",6,18,5,은행나무,GB,126.98832755,37.463375796
"9203",8,14,5,느티나무,ZS,127.058870557,37.457754094
"9204",4,24,5,느티나무,ZS,127.043961222,37.466024934
"9205",7,13,3,은행나무,GB,127.052158614,37.451509387
"9206",12,24,6,양버즘나무,PTA,126.986701008,37.505024578
"9207",6,35,7,느티나무,ZS,127.022469264,37.460461789
"9208",8,33,6,은행나무,GB,127.042219952,37.473050954
"9209",6,21,3,느티나무,ZS,127.045813681,37.462834732
"9210",5,10,2,메타세쿼이아,TB,126.996413983,37.473679787
"9211",8,24,8,양버즘나무,PTA,127.036932008,37.468828971
"9212",4,12,4,은행나무,GB,127.012227463,37.482878493
"9213",15,13,6,양버즘나무,PTA,127.004147188,37.49869811
"9214",11,35,7,양버즘나무,PTA,127.009063289,37.492402118
"9215",8,25,10,회화나무,STJ,127.010474556,37.503661943
"9216",8,55,12,느티나무,ZS,127.089583094,37.463333384
"9217",7,29,5,은행나무,GB,127.02678496,37.471287312
"9218",4,6,2,왕벚나무,PS,127.056319768,37.446659625
"9219",7,21,4,양버즘나무,PTA,127.037722969,37.477526136
"9220",5,17,5,느티나무,ZS,127.0482267,37.469705918
"9221",6,14,3,은행나무,GB,127.044182649,37.466224122
"9222",10,22,8,양버즘나무,PTA,127.001293347,37.476172584
"9223",11,31,6,양버즘나무,PTA,126.984506921,37.490809479
"9224",9,22,6,양버즘나무,PTA,127.03422724,37.466434235
"9225",7,20,7,느티나무,ZS,127.044460259,37.478029317
"9226",10,14,4,은행나무,GB,127.015140601,37.518749732
"9227",0,8,0,느티나무,ZS,127.038611984,37.485041157
"9228",10,24,5,양버즘나무,PTA,127.010833024,37.484073204
"9229",10,35,10,양버즘나무,PTA,126.996298159,37.499126714
"9230",8,30,7,느티나무,ZS,127.070076928,37.456663672
"9231",9,26,7,은행나무,GB,127.017882312,37.482735321
"9232",15,29,7,양버즘나무,PTA,126.997605749,37.504068138
"9233",10,33,8,양버즘나무,PTA,127.010538547,37.485593532
"9234",13,53,12,가중나무,AA,127.008212327,37.514785347
"9235",12,34,6,양버즘나무,PTA,126.999523211,37.50464691
"9236",9,34,9,양버즘나무,PTA,127.001676205,37.475575837
"9237",8,18,6,은행나무,GB,126.993361059,37.493754557
"9238",13,44,12,가중나무,AA,127.012019697,37.518786542
"9239",7,24,4,느티나무,ZS,127.002060236,37.504034629
"9240",5,19,5,느티나무,ZS,127.043860639,37.466536762
"9241",7,25,6,양버즘나무,PTA,127.012627091,37.510176102
"9242",5,10,2,메타세쿼이아,TB,126.993201503,37.474003939
"9243",7,12,2,메타세쿼이아,TB,126.994960136,37.473733787
"9244",7,14,3,양버즘나무,PTA,127.015546092,37.520275263
"9245",10,37,10,양버즘나무,PTA,126.996368375,37.499155167
"9246",7,41,8,느티나무,ZS,127.081892501,37.461937487
"9247",6,28,5,느티나무,ZS,126.987390732,37.485934933
"9248",10,17,4,느티나무,ZS,127.04214577,37.466099101
"9249",8,19,3,양버즘나무,PTA,127.014467436,37.484542835
"9250",7,14,2,은행나무,GB,127.003074119,37.508667569
"9251",7,16,5,은행나무,GB,127.045337319,37.472095915
"9252",7,24,5,은행나무,GB,127.042991005,37.474221009
"9253",4,6,2,왕벚나무,PS,127.057361021,37.445741735
"9254",7,30,7,은행나무,GB,127.049828399,37.47248315
"9255",5,10,2,메타세쿼이아,TB,126.99351778,37.473656616
"9256",7,15,3,양버즘나무,PTA,127.035999142,37.476248087
"9257",9,20,9,양버즘나무,PTA,127.000365505,37.477603446
"9258",9,28,7,메타세쿼이아,TB,127.037989413,37.475307744
"9259",12,38,8,양버즘나무,PTA,127.009245407,37.492183336
"9260",13,29,6,양버즘나무,PTA,127.02204551,37.496352014
"9261",7,24,4,양버즘나무,PTA,127.033996691,37.468458703
"9262",5,19,4,양버즘나무,PTA,127.016673596,37.484640911
"9263",9,31,8,느티나무,ZS,127.017554805,37.485405099
"9264",9,20,3,양버즘나무,PTA,127.018381919,37.500701818
"9265",5,17,4,느티나무,ZS,127.041444975,37.466814135
"9266",12,37,12,가중나무,AA,127.008712919,37.515273195
"9267",11,38,8,양버즘나무,PTA,127.009670623,37.488164116
"9268",9,17,5,양버즘나무,PTA,127.013703568,37.484605497
"9269",8,21,5,양버즘나무,PTA,127.013549424,37.511322053
"9270",15,41,12,가중나무,AA,127.007227827,37.51382663
"9271",9,26,10,양버즘나무,PTA,126.994303056,37.486502855
"9272",13,43,8,양버즘나무,PTA,127.007106403,37.49343552
"9273",12,42,10,가중나무,AA,127.006034585,37.512981753
"9274",10,26,10,양버즘나무,PTA,126.995213925,37.48544404
"9275",12,26,8,양버즘나무,PTA,127.037835638,37.480163179
"9276",10,17,5,양버즘나무,PTA,127.003657858,37.482482668
"9277",8,15,2,양버즘나무,PTA,127.023708518,37.481665313
"9278",10,27,6,양버즘나무,PTA,126.992513696,37.481875601
"9279",8,30,7,양버즘나무,PTA,127.013320294,37.512124111
"9280",5,10,2,메타세쿼이아,TB,127.000991519,37.474539083
"9281",12,36,7,양버즘나무,PTA,127.009371571,37.492495832
"9282",8,33,5,양버즘나무,PTA,127.015684145,37.488630848
"9283",9,27,5,양버즘나무,PTA,127.030972747,37.489250708
"9284",9,26,5,양버즘나무,PTA,127.004841568,37.48218279
"9285",6,11,2,은행나무,GB,127.065955845,37.434761332
"9286",13,41,12,양버즘나무,PTA,127.020486494,37.512445935
"9287",5,10,2,메타세쿼이아,TB,127.006087297,37.476973576
"9288",4,26,5,느티나무,ZS,126.982414527,37.476314631
"9289",8,17,5,양버즘나무,PTA,127.038450989,37.472797153
"9290",5,14,3,은행나무,GB,127.057275591,37.445627187
"9291",13,44,12,가중나무,AA,127.013591822,37.519533453
"9292",10,37,4,양버즘나무,PTA,127.038681552,37.476027722
"9293",8,31,6,느티나무,ZS,127.047664538,37.462190525
"9294",13,27,10,양버즘나무,PTA,127.036803665,37.481539452
"9295",9,27,5,메타세쿼이아,TB,127.029708041,37.472806703
"9296",7,27,6,은행나무,GB,126.994129752,37.480200316
"9297",5,10,2,메타세쿼이아,TB,127.002366278,37.475525232
"9298",13,30,10,양버즘나무,PTA,126.999593572,37.508695553
"9299",7,37,7,느티나무,ZS,127.011285198,37.493149647
"9300",10,46,4,양버즘나무,PTA,127.024011147,37.504949527
"9301",6,13,3,은행나무,GB,127.05639948,37.44658444
"9302",6,24,6,칠엽수,AC,127.013318778,37.495922954
"9303",17,32,4,양버즘나무,PTA,127.04135762,37.480325924
"9304",6,25,3,은행나무,GB,127.044783124,37.472631215
"9305",8,26,4,메타세쿼이아,TB,127.036674171,37.462226353
"9306",10,21,4,양버즘나무,PTA,127.033903496,37.475245849
"9307",5,14,4,은행나무,GB,127.025113461,37.470107888
"9308",5,22,5,느티나무,ZS,126.988846113,37.486138394
"9309",10,35,12,양버즘나무,PTA,126.995597592,37.48448698
"9310",8,20,4,은행나무,GB,127.005796918,37.510187916
"9311",10,19,4,양버즘나무,PTA,127.006652697,37.478046763
"9312",7,16,5,은행나무,GB,126.989618083,37.478651536
"9313",0,9,0,느티나무,ZS,127.027477963,37.483475291
"9314",7,22,8,양버즘나무,PTA,127.02482936,37.497103906
"9315",4,14,3,은행나무,GB,127.012997754,37.481295804
"9316",0,9,0,느티나무,ZS,127.015204107,37.481463143
"9317",5,13,2,은행나무,GB,127.024571973,37.46934186
"9318",12,28,6,양버즘나무,PTA,126.987869995,37.496687811
"9319",7,24,5,은행나무,GB,127.044181352,37.474335126
"9320",11,26,7,양버즘나무,PTA,127.038773609,37.479128017
"9321",8,28,6,느티나무,ZS,127.060890272,37.456887419
"9322",7,10,3,은행나무,GB,126.988325301,37.465514394
"9323",9,34,4,느티나무,ZS,127.081524521,37.460043357
"9324",6,15,3,은행나무,GB,127.047399845,37.47482843
"9325",5,13,4,느티나무,ZS,127.023503299,37.483250666
"9326",9,32,4,양버즘나무,PTA,127.006218487,37.479329115
"9327",5,8,3,느티나무,ZS,127.048995116,37.47026703
"9328",14,21,4,양버즘나무,PTA,127.022083571,37.486526344
"9329",9,22,6,양버즘나무,PTA,127.03845443,37.473776913
"9330",12,25,12,가중나무,AA,127.010073478,37.516926386
"9331",9,30,5,양버즘나무,PTA,127.005260085,37.482788261
"9332",12,26,10,양버즘나무,PTA,126.998801764,37.509296703
"9333",8,26,6,양버즘나무,PTA,127.027727817,37.488464007
"9334",15,20,8,양버즘나무,PTA,127.023947716,37.482660614
"9335",12,15,7,양버즘나무,PTA,127.038644067,37.479283841
"9336",12,33,10,양버즘나무,PTA,127.004788834,37.482901213
"9337",11,40,8,양버즘나무,PTA,127.01199394,37.48336615
"9338",5,12,2,메타세쿼이아,TB,127.003629538,37.47613354
"9339",12,33,10,양버즘나무,PTA,127.000248236,37.50631496
"9340",7,17,2,양버즘나무,PTA,127.013814336,37.48446737
"9341",11,30,6,양버즘나무,PTA,127.013541946,37.511378009
"9342",10,26,10,양버즘나무,PTA,126.991232091,37.491795983
"9343",14,23,3,양버즘나무,PTA,127.037398165,37.481572407
"9344",9,21,7,양버즘나무,PTA,126.992713589,37.489403788
"9345",9,32,10,양버즘나무,PTA,127.024932941,37.503097773
"9346",13,37,12,가중나무,AA,127.014358337,37.519921106
"9347",8,30,8,양버즘나무,PTA,127.008537095,37.503970025
"9348",5,8,2,메타세쿼이아,TB,126.996007602,37.473685755
"9349",10,31,6,은행나무,GB,127.003708124,37.482470736
"9350",8,30,7,느티나무,ZS,127.069876135,37.456601285
"9351",11,19,6,양버즘나무,PTA,126.987089056,37.490676735
"9352",11,27,5,양버즘나무,PTA,127.016351032,37.488983148
"9353",8,13,6,은행나무,GB,126.993672411,37.49379944
"9354",11,27,10,양버즘나무,PTA,127.006077663,37.510248824
"9355",7,11,2,은행나무,GB,127.036318948,37.461171041
"9356",6,18,2,은행나무,GB,127.046753668,37.459617768
"9357",10,29,8,메타세쿼이아,TB,127.030060414,37.47231779
"9358",11,20,5,양버즘나무,PTA,126.990649973,37.484947848
"9359",11,33,10,양버즘나무,PTA,127.013712743,37.494259509
"9360",12,31,7,양버즘나무,PTA,127.008401482,37.49192607
"9361",7,14,2,메타세쿼이아,TB,127.012787955,37.508622592
"9362",7,22,4,은행나무,GB,127.031498277,37.474177499
"9363",4,11,4,은행나무,GB,127.028349954,37.472455212
"9364",12,21,5,양버즘나무,PTA,127.00487652,37.490007112
"9365",8,21,4,메타세쿼이아,TB,127.036823334,37.46209124
"9366",12,31,8,양버즘나무,PTA,126.991076794,37.491670363
"9367",9,19,4,양버즘나무,PTA,127.003835358,37.484811628
"9368",13,37,7,느티나무,ZS,127.03313221,37.484563336
"9369",5,10,2,메타세쿼이아,TB,126.998965477,37.473779893
"9370",16,28,6,양버즘나무,PTA,127.03612573,37.482212874
"9371",8,25,5,양버즘나무,PTA,127.019181209,37.489841011
"9372",10,28,6,양버즘나무,PTA,127.038955027,37.477056752
"9373",12,28,5,양버즘나무,PTA,127.018484947,37.510105936
"9374",8,17,4,양버즘나무,PTA,127.032957757,37.47491887
"9375",6,30,5,양버즘나무,PTA,126.990126449,37.478890521
"9376",10,26,6,양버즘나무,PTA,126.987577116,37.489722337
"9377",7,19,4,양버즘나무,PTA,127.040899869,37.46794428
"9378",13,11,2,은행나무,GB,127.013806731,37.519649412
"9379",4,29,8,느티나무,ZS,126.988724655,37.486260119
"9380",7,24,4,느티나무,ZS,127.055502314,37.459198496
"9381",6,24,6,느티나무,ZS,127.04718248,37.462584508
"9382",6,36,6,느티나무,ZS,127.021420674,37.460501477
"9383",5,18,2,느티나무,ZS,127.047221955,37.468965904
"9384",5,19,3,느티나무,ZS,127.043425674,37.466213555
"9385",12,39,8,양버즘나무,PTA,127.011847014,37.483647686
"9386",15,38,8,양버즘나무,PTA,126.982267959,37.484023944
"9387",5,24,6,느티나무,ZS,126.986649397,37.485998443
"9388",5,12,3,은행나무,GB,127.055627604,37.447471506
"9389",9,12,1,은행나무,GB,127.011536902,37.512837809
"9390",6,11,3,회화나무,STJ,127.010852527,37.50299823
"9391",12,55,8,양버즘나무,PTA,127.014885162,37.494195989
"9392",13,40,8,양버즘나무,PTA,126.992310226,37.482183383
"9393",7,20,8,회화나무,STJ,127.010881226,37.48566436
"9394",9,19,5,은행나무,GB,127.044305744,37.478601383
"9395",5,17,3,느티나무,ZS,126.987278726,37.475338689
"9396",12,17,8,양버즘나무,PTA,127.023738866,37.481895623
"9397",8,25,7,느티나무,ZS,127.059573459,37.457080859
"9398",6,12,4,은행나무,GB,127.04686893,37.475227379
"9399",9,22,6,느티나무,ZS,127.065852346,37.455459217
"9400",12,37,12,가중나무,AA,127.010901337,37.516952602
"9401",6,24,4,양버즘나무,PTA,127.014373818,37.490561839
"9402",7,12,3,양버즘나무,PTA,127.037465099,37.477333279
"9403",5,8,3,단풍나무,MP,126.985673671,37.485918624
"9404",6,33,5,느티나무,ZS,127.04872968,37.462107316
"9405",8,36,8,메타세쿼이아,TB,127.027317041,37.466633486
"9406",11,23,8,양버즘나무,PTA,127.006177797,37.510297302
"9407",10,20,4,양버즘나무,PTA,126.982048091,37.480099607
"9408",6,35,8,느티나무,ZS,127.026168854,37.460049445
"9409",13,27,12,느티나무,ZS,127.091882494,37.463848977
"9410",9,44,12,느티나무,ZS,127.084730647,37.461736566
"9411",13,30,12,느티나무,ZS,127.091783522,37.463820716
"9412",13,21,4,양버즘나무,PTA,127.040245285,37.479138231
"9413",12,34,12,가중나무,AA,127.010933239,37.517455841
"9414",11,29,7,양버즘나무,PTA,126.992486349,37.489394288
"9415",8,18,4,느티나무,ZS,127.03852905,37.469504241
"9416",7,22,6,양버즘나무,PTA,127.032198597,37.470384349
"9417",9,35,9,양버즘나무,PTA,126.999057611,37.4795664
"9418",12,43,12,가중나무,AA,127.006523322,37.513457169
"9419",16,21,5,양버즘나무,PTA,127.02950339,37.485162374
"9420",10,31,8,양버즘나무,PTA,127.03215614,37.470194079
"9421",6,14,3,메타세쿼이아,TB,127.018160502,37.510250857
"9422",8,28,12,양버즘나무,PTA,127.012043894,37.499045898
"9423",9,17,3,은행나무,GB,127.002953223,37.482318793
"9424",10,23,6,양버즘나무,PTA,127.000868653,37.476376113
"9425",12,36,8,양버즘나무,PTA,127.019108794,37.516806453
"9426",7,12,3,은행나무,GB,126.994688549,37.49385928
"9427",8,24,7,양버즘나무,PTA,127.038418186,37.471586125
"9428",5,10,4,단풍나무,MP,126.992498709,37.487482352
"9429",10,34,8,양버즘나무,PTA,127.00562384,37.506547618
"9430",13,28,6,양버즘나무,PTA,127.00484945,37.498017553
"9431",7,24,5,양버즘나무,PTA,126.990373775,37.478993605
"9432",7,14,4,은행나무,GB,126.993038315,37.493621884
"9433",12,28,10,양버즘나무,PTA,126.985748069,37.50453592
"9434",12,26,6,양버즘나무,PTA,127.006546586,37.506828527
"9435",12,29,7,양버즘나무,PTA,127.006616316,37.491375309
"9436",13,44,12,가중나무,AA,127.009680165,37.516224663
"9437",13,28,7,양버즘나무,PTA,127.0375047,37.480614613
"9438",10,31,6,양버즘나무,PTA,126.987697837,37.491696364
"9460",6,30,6,칠엽수,AC,127.013257181,37.496157439
"9439",8,25,6,양버즘나무,PTA,127.038884805,37.477204988
"9440",12,36,7,양버즘나무,PTA,127.012534736,37.493467235
"9441",6,16,4,양버즘나무,PTA,127.041930936,37.466950608
"9442",8,22,5,양버즘나무,PTA,127.026159759,37.493099502
"9443",17,22,5,양버즘나무,PTA,127.029494531,37.485198346
"9444",8,22,4,양버즘나무,PTA,127.013187663,37.513869894
"9445",8,18,3,은행나무,GB,126.991542849,37.490916574
"9446",10,26,5,양버즘나무,PTA,127.000464283,37.481769683
"9447",15,46,6,양버즘나무,PTA,127.007967332,37.490893205
"9448",11,31,8,양버즘나무,PTA,126.992078465,37.502510704
"9449",8,22,3,양버즘나무,PTA,127.012696117,37.513614232
"9450",10,29,9,양버즘나무,PTA,127.006238127,37.478903742
"9451",7,24,4,양버즘나무,PTA,127.032978998,37.474772011
"9452",10,26,6,양버즘나무,PTA,127.015531651,37.519814954
"9453",12,32,10,양버즘나무,PTA,126.985635617,37.504252839
"9454",9,20,3,양버즘나무,PTA,127.013569716,37.514382035
"9455",12,41,12,양버즘나무,PTA,126.985215679,37.498827133
"9456",4,8,2,느티나무,ZS,126.982921555,37.485354246
"9457",10,24,5,양버즘나무,PTA,127.01665175,37.509797422
"9458",7,26,8,느티나무,ZS,127.00400611,37.49160136
"9459",7,12,3,은행나무,GB,126.995398733,37.493961998
"9461",5,11,3,왕벚나무,PS,127.035272077,37.478262486
"9462",6,32,6,느티나무,ZS,126.985219637,37.476186053
"9463",14,24,4,양버즘나무,PTA,127.023622784,37.481570633
"9464",3,25,6,은행나무,GB,127.025974938,37.500791659
"9465",9,17,4,양버즘나무,PTA,126.99254742,37.489672076
"9466",8,23,7,양버즘나무,PTA,127.007702691,37.511026376
"9467",11,34,6,양버즘나무,PTA,126.983769851,37.490957275
"9468",9,28,5,양버즘나무,PTA,127.025471274,37.494547623
"9469",8,23,7,느티나무,ZS,127.060766499,37.456567855
"9470",8,17,4,메타세쿼이아,TB,127.029967503,37.472760434
"9471",5,10,2,메타세쿼이아,TB,127.001582173,37.474821622
"9472",4,12,2,메타세쿼이아,TB,127.018620342,37.482465552
"9473",8,25,7,메타세쿼이아,TB,127.027022584,37.466341826
"9474",6,37,8,느티나무,ZS,127.024183599,37.460394975
"9475",13,23,6,양버즘나무,PTA,127.02398733,37.487344702
"9476",6,16,6,은행나무,GB,127.042884999,37.470740661
"9477",11,30,6,양버즘나무,PTA,126.986182538,37.49110267
"9478",7,33,5,양버즘나무,PTA,126.988945593,37.478306204
"9479",7,18,4,은행나무,GB,127.04860079,37.469920425
"9480",8,32,5,양버즘나무,PTA,127.024537277,37.491470689
"9481",12,33,6,양버즘나무,PTA,126.982022295,37.479562397
"9482",0,9,0,느티나무,ZS,127.020146263,37.482474561
"9483",6,15,4,은행나무,GB,127.048295176,37.457024017
"9484",6,29,6,느티나무,ZS,127.010566661,37.456619262
"9485",10,13,2,은행나무,GB,127.044281294,37.478655551
"9486",11,12,1,메타세쿼이아,TB,127.044234321,37.478059655
"9487",6,15,3,은행나무,GB,127.042579815,37.470531144
"9488",12,30,8,양버즘나무,PTA,127.010837747,37.492674405
"9489",0,9,0,느티나무,ZS,127.008057142,37.478303277
"9490",8,24,7,칠엽수,AC,127.010546809,37.504184075
"9491",7,11,2,은행나무,GB,127.036010749,37.460943195
"9492",7,24,6,양버즘나무,PTA,127.033825523,37.468646123
"9493",6,26,7,은행나무,GB,127.045088096,37.474932431
"9494",6,45,8,느티나무,ZS,127.024268536,37.460392121
"9495",13,15,4,느티나무,ZS,127.038360657,37.480014329
"9496",12,20,7,양버즘나무,PTA,127.03813041,37.480598715
"9497",10,29,2,양버즘나무,PTA,127.013706113,37.502731813
"9498",8,27,3,은행나무,GB,126.986825848,37.501503529
"9499",6,27,6,느티나무,ZS,127.049616462,37.461352592
"9500",9,21,7,은행나무,GB,127.016724933,37.515148625
"9501",8,24,5,메타세쿼이아,TB,127.029637267,37.469533569
"9502",12,36,12,가중나무,AA,127.007300348,37.514215052
"9503",9,31,8,양버즘나무,PTA,127.038871512,37.472818456
"9504",4,12,2,은행나무,GB,127.012771039,37.481767529
"9505",10,33,10,양버즘나무,PTA,126.994268393,37.486545013
"9506",7,11,3,메타세쿼이아,TB,127.041600851,37.478134244
"9507",6,18,5,은행나무,GB,127.051866072,37.452376852
"9508",9,26,8,메타세쿼이아,TB,127.036407821,37.474319436
"9509",12,9,2,은행나무,GB,127.015605408,37.520810399
"9510",11,40,6,양버즘나무,PTA,126.984601924,37.490945069
"9511",7,13,4,은행나무,GB,127.035235521,37.459978199
"9512",5,26,10,양버즘나무,PTA,127.014531007,37.489669956
"9513",9,27,9,양버즘나무,PTA,126.996784203,37.483015035
"9514",6,14,3,메타세쿼이아,TB,126.99506149,37.473446295
"9515",11,25,6,양버즘나무,PTA,126.983952578,37.490957502
"9516",10,33,12,양버즘나무,PTA,126.999518211,37.481797466
"9517",11,35,7,양버즘나무,PTA,126.988439802,37.501751798
"9518",7,20,5,양버즘나무,PTA,126.992375337,37.482261173
"9519",11,26,4,양버즘나무,PTA,126.986494714,37.501636243
"9520",5,10,2,메타세쿼이아,TB,126.999890141,37.47407783
"9521",6,24,5,양버즘나무,PTA,126.987905661,37.478023241
"9522",10,33,8,양버즘나무,PTA,126.998330913,37.480650654
"9523",12,41,12,양버즘나무,PTA,127.00445177,37.488705294
"9524",10,28,4,양버즘나무,PTA,127.005267497,37.481298869
"9525",10,23,5,양버즘나무,PTA,126.998889747,37.479430407
"9526",10,14,5,양버즘나무,PTA,127.016022496,37.488883878
"9527",7,27,6,느티나무,ZS,127.051684459,37.460463682
"9528",14,25,6,양버즘나무,PTA,127.036502204,37.481921041
"9529",8,19,6,양버즘나무,PTA,127.032923448,37.469376412
"9530",9,24,8,느티나무,ZS,127.034866943,37.484417237
"9531",12,24,8,양버즘나무,PTA,127.038067218,37.48058496
"9532",9,22,7,양버즘나무,PTA,127.038929959,37.472454469
"9533",7,16,4,은행나무,GB,127.048999801,37.470217727
"9534",7,15,5,느티나무,ZS,127.00998958,37.512091589
"9535",5,12,3,은행나무,GB,126.990927176,37.493077871
"9536",7,20,4,양버즘나무,PTA,127.035029809,37.475571104
"9537",9,15,5,은행나무,GB,127.013632404,37.51507584
"9538",7,17,5,은행나무,GB,127.048770488,37.473502401
"9539",5,10,2,메타세쿼이아,TB,126.98551724,37.476100053
"9540",12,21,5,양버즘나무,PTA,127.016560914,37.501158632
"9541",7,21,5,양버즘나무,PTA,126.992755567,37.481671852
"9542",8,24,5,회화나무,STJ,127.010637826,37.503355469
"9543",8,25,6,양버즘나무,PTA,127.030270043,37.489034579
"9544",8,37,8,양버즘나무,PTA,127.009080153,37.489391039
"9545",3,14,4,느티나무,ZS,126.982839656,37.48563139
"9546",8,22,4,메타세쿼이아,TB,127.030099717,37.470238985
"9547",7,27,8,은행나무,GB,126.998336547,37.499165705
"9548",9,28,5,양버즘나무,PTA,127.027060795,37.49122078
"9549",8,31,8,느티나무,ZS,127.06056329,37.456656854
"9550",7,17,5,은행나무,GB,127.04459507,37.467027432
"9551",6,15,4,은행나무,GB,127.057995472,37.444300982
"9552",12,33,12,양버즘나무,PTA,126.985293732,37.498842566
"9553",11,30,6,양버즘나무,PTA,126.982997937,37.494930291
"9554",10,32,7,양버즘나무,PTA,127.006520849,37.493847368
"9555",5,25,5,느티나무,ZS,127.04485103,37.463700078
"9556",4,13,3,은행나무,GB,127.012288491,37.481966482
"9557",9,19,4,양버즘나무,PTA,127.017049913,37.485273863
"9558",8,29,8,메타세쿼이아,TB,127.035548459,37.473917866
"9559",10,18,5,양버즘나무,PTA,127.019862902,37.485842559
"9560",7,8,1,은행나무,GB,127.037236435,37.459921665
"9561",13,14,3,은행나무,GB,126.98308834,37.496025533
"9562",6,11,4,은행나무,GB,127.067875733,37.432846473
"9563",10,27,7,양버즘나무,PTA,127.014882921,37.518049639
"9564",4,13,3,회화나무,STJ,127.016812356,37.520564535
"9565",9,24,5,느티나무,ZS,127.078065499,37.459251215
"9566",9,17,6,양버즘나무,PTA,127.034127424,37.466260193
"9567",7,21,5,은행나무,GB,127.046715455,37.472294788
"9568",6,20,4,은행나무,GB,127.044710933,37.475685114
"9569",11,32,6,양버즘나무,PTA,127.004989986,37.497740495
"9570",12,36,7,메타세쿼이아,TB,127.040433801,37.474378972
"9571",9,24,10,양버즘나무,PTA,127.01384938,37.502709379
"9572",8,31,5,느티나무,ZS,127.02459064,37.503740325
"9573",6,14,3,은행나무,GB,127.043060384,37.470740868
"9574",15,29,7,양버즘나무,PTA,127.004537826,37.497873522
"9575",9,27,5,느티나무,ZS,127.077620204,37.459108797
"9576",8,35,5,양버즘나무,PTA,126.987339071,37.477500773
"9577",13,50,12,가중나무,AA,127.010884997,37.517409051
"9578",10,24,10,양버즘나무,PTA,126.999498755,37.478488965
"9579",11,26,12,느티나무,ZS,127.031829067,37.482291212
"9580",7,26,7,은행나무,GB,127.043169315,37.473672382
"9581",7,8,2,은행나무,GB,127.036584418,37.460339236
"9582",11,32,7,느티나무,ZS,127.083729524,37.461417242
"9583",5,8,3,왕벚나무,PS,127.052172258,37.451745139
"9584",6,15,3,은행나무,GB,127.049319092,37.455938324
"9585",7,13,3,은행나무,GB,127.010458624,37.512561136
"9586",8,19,5,느티나무,ZS,127.022025146,37.501375258
"9587",13,32,5,양버즘나무,PTA,127.004586126,37.498556141
"9588",12,52,12,가중나무,AA,127.005633677,37.512266253
"9589",8,24,6,양버즘나무,PTA,127.029516942,37.48900512
"9590",8,23,5,느티나무,ZS,127.078188719,37.4594971
"9591",13,28,12,가중나무,AA,127.007111415,37.513712993
"9592",9,27,4,양버즘나무,PTA,127.003987492,37.485717527
"9593",5,20,3,느티나무,ZS,126.984995849,37.475890587
"9594",4,6,2,왕벚나무,PS,127.056377599,37.446615337
"9595",4,18,4,느티나무,ZS,126.990302892,37.486581839
"9596",9,17,3,은행나무,GB,126.988175653,37.49658312
"9597",7,15,5,은행나무,GB,127.044597373,37.47451008
"9598",15,26,6,양버즘나무,PTA,127.037690328,37.48030027
"9599",9,23,9,양버즘나무,PTA,127.000256078,37.477771423
"9600",13,38,6,양버즘나무,PTA,126.99720199,37.503948561
"9601",12,13,3,느티나무,ZS,127.03607943,37.482902758
"9602",9,53,12,양버즘나무,PTA,127.023945227,37.505160847
"9603",9,24,6,양버즘나무,PTA,127.038886028,37.477329505
"9604",9,30,5,양버즘나무,PTA,127.024218299,37.491221433
"9605",9,23,5,양버즘나무,PTA,127.027405055,37.490491842
"9606",12,35,6,양버즘나무,PTA,126.988993224,37.494949053
"9607",4,35,10,양버즘나무,PTA,127.026982872,37.498804405
"9608",9,18,5,양버즘나무,PTA,127.013650182,37.484593454
"9609",11,35,7,양버즘나무,PTA,127.009013053,37.489527136
"9610",13,59,12,가중나무,AA,127.011847766,37.518338266
"9611",9,24,6,양버즘나무,PTA,127.034443862,37.467744526
"9612",11,13,3,은행나무,GB,127.00396111,37.499122766
"9613",9,21,6,양버즘나무,PTA,127.015427816,37.51994791
"9614",12,31,12,양버즘나무,PTA,127.013469984,37.494182517
"9615",12,42,12,양버즘나무,PTA,127.029516179,37.493511065
"9616",8,29,6,양버즘나무,PTA,127.039258517,37.469926019
"9617",10,22,5,양버즘나무,PTA,126.992742374,37.481514457
"9618",13,35,8,양버즘나무,PTA,126.982261448,37.483843857
"9619",10,36,9,양버즘나무,PTA,126.999083152,37.47952611
"9620",5,21,5,느티나무,ZS,126.987990274,37.480169426
"9621",12,48,12,가중나무,AA,127.013517208,37.519493176
"9622",11,30,4,가중나무,AA,127.012938069,37.515617309
"9623",5,19,5,느티나무,ZS,127.010261592,37.512200006
"9624",10,23,5,양버즘나무,PTA,126.98711845,37.490965718
"9625",8,19,5,은행나무,GB,127.038312025,37.462360535
"9626",7,14,4,은행나무,GB,127.014631935,37.50239592
"9627",7,18,6,칠엽수,AC,127.012009471,37.501625975
"9628",7,29,3,양버즘나무,PTA,127.037145827,37.477099311
"9629",5,8,3,왕벚나무,PS,127.049412576,37.455995299
"9630",7,24,6,칠엽수,AC,127.013516886,37.495096531
"9631",10,29,8,양버즘나무,PTA,127.042107028,37.466135007
"9632",12,32,4,양버즘나무,PTA,127.040289147,37.4791864
"9633",7,14,4,은행나무,GB,126.996233612,37.494084322
"9634",6,18,2,느티나무,ZS,127.045945336,37.463402508
"9635",8,23,4,메타세쿼이아,TB,127.030335276,37.470500359
"9636",13,24,7,양버즘나무,PTA,127.038601039,37.479413383
"9637",9,30,7,양버즘나무,PTA,127.006790543,37.493301475
"9638",7,17,4,은행나무,GB,127.01199749,37.513244
"9639",8,21,4,느티나무,ZS,127.039637566,37.468499462
"9640",12,24,8,양버즘나무,PTA,127.010823845,37.483862891
"9641",5,18,5,양버즘나무,PTA,126.993337007,37.480771743
"9642",8,18,4,메타세쿼이아,TB,127.029878239,37.472854128
"9643",9,23,8,양버즘나무,PTA,127.038920268,37.471775595
"9644",7,20,6,칠엽수,AC,127.011234643,37.502911412
"9645",12,30,7,양버즘나무,PTA,127.02254832,37.496507688
"9646",12,43,12,가중나무,AA,127.006278987,37.512662853
"9647",9,26,10,양버즘나무,PTA,127.012067081,37.484289233
"9648",7,27,4,양버즘나무,PTA,127.034613382,37.475362715
"9649",8,11,2,은행나무,GB,127.011793491,37.513192153
"9650",13,24,7,양버즘나무,PTA,127.038183928,37.480374277
"9651",11,34,7,양버즘나무,PTA,127.01204172,37.493316974
"9652",7,17,4,양버즘나무,PTA,127.032568849,37.469991782
"9653",9,22,6,은행나무,GB,126.998341442,37.496853183
"9654",7,18,4,은행나무,GB,127.025501392,37.470376371
"9655",10,18,5,양버즘나무,PTA,127.02010929,37.486138488
"9656",8,30,7,양버즘나무,PTA,127.038383162,37.471208173
"9657",6,24,6,칠엽수,AC,127.013378934,37.49566622
"9658",6,28,8,느티나무,ZS,127.012621374,37.457170453
"9659",7,22,4,칠엽수,AC,127.011863731,37.501065986
"9660",7,11,2,은행나무,GB,126.988369806,37.465299451
"9661",7,36,9,느티나무,ZS,127.044787399,37.477402714
"9662",12,37,12,가중나무,AA,127.011093653,37.5168405
"9663",9,18,5,양버즘나무,PTA,127.013637898,37.514703571
"9664",10,20,8,양버즘나무,PTA,127.007859799,37.511269439
"9665",12,37,10,양버즘나무,PTA,127.020085377,37.513407106
"9666",8,36,12,양버즘나무,PTA,127.031751772,37.488841191
"9667",13,26,4,양버즘나무,PTA,127.022222044,37.486793422
"9668",5,10,2,메타세쿼이아,TB,126.993927526,37.473576578
"9669",10,28,4,양버즘나무,PTA,126.986456605,37.501754347
"9670",0,9,0,느티나무,ZS,127.016798877,37.481935589
"9671",12,34,10,양버즘나무,PTA,127.006064906,37.483148449
"9672",5,10,2,메타세쿼이아,TB,126.990789757,37.474638048
"9673",5,10,2,메타세쿼이아,TB,127.005326722,37.476611025
"9674",8,12,2,은행나무,GB,127.037604534,37.461602647
"9675",8,18,5,은행나무,GB,127.00538373,37.509965852
"9676",7,20,5,칠엽수,AC,127.01140574,37.503097474
"9677",12,55,8,양버즘나무,PTA,127.016220431,37.494326934
"9678",12,32,8,가중나무,AA,127.003528062,37.508051626
"9679",6,18,5,은행나무,GB,127.0449213,37.475604808
"9680",12,26,5,양버즘나무,PTA,126.986521453,37.50498818
"9681",6,14,2,은행나무,GB,127.023777484,37.471911576
"9682",11,24,12,양버즘나무,PTA,127.010088942,37.49867128
"9683",11,32,12,양버즘나무,PTA,126.994504189,37.486188815
"9684",10,27,10,양버즘나무,PTA,126.998639186,37.479811492
"9685",6,32,8,느티나무,ZS,127.014525954,37.480911747
"9686",9,21,5,느티나무,ZS,127.067196165,37.45585372
"9687",6,14,4,양버즘나무,PTA,127.01787052,37.500658259
"9688",8,36,10,양버즘나무,PTA,127.007456599,37.503544321
"9689",10,30,10,양버즘나무,PTA,127.013025896,37.502635238
"9690",6,20,4,양버즘나무,PTA,127.042241518,37.466663234
"9691",13,26,5,양버즘나무,PTA,127.0049055,37.490120308
"9692",7,28,10,양버즘나무,PTA,126.986153284,37.476524081
"9693",7,11,4,은행나무,GB,127.012449328,37.513300435
"9694",7,18,6,은행나무,GB,127.044271257,37.471513968
"9695",8,19,4,느티나무,ZS,127.039568429,37.468591255
"9696",5,9,2,느티나무,ZS,126.985518752,37.485872385
"9697",12,45,8,양버즘나무,PTA,127.008353788,37.490877201
"9698",9,22,5,양버즘나무,PTA,127.013892472,37.491879194
"9699",8,15,2,은행나무,GB,127.03720877,37.459785233
"9700",11,31,6,양버즘나무,PTA,126.990431582,37.502168721
"9701",12,30,7,양버즘나무,PTA,127.005708061,37.491095407
"9702",15,24,4,양버즘나무,PTA,127.023652687,37.481800087
"9703",9,19,5,양버즘나무,PTA,127.029180226,37.486777965
"9704",6,35,4,느티나무,ZS,127.045678573,37.463578721
"9705",7,22,4,양버즘나무,PTA,127.011649787,37.51315609
"9706",8,18,5,은행나무,GB,127.017644311,37.515579487
"9707",4,26,6,은행나무,GB,126.993999319,37.480153308
"9708",10,35,5,양버즘나무,PTA,127.013765558,37.508922843
"9709",10,27,6,양버즘나무,PTA,127.006464893,37.491602072
"9710",8,32,5,양버즘나무,PTA,127.027072316,37.490797598
"9711",8,23,4,양버즘나무,PTA,127.03536538,37.463469006
"9712",4,14,2,은행나무,GB,127.022159598,37.483067769
"9713",4,16,4,느티나무,ZS,126.983929784,37.485682354
"9714",7,28,5,은행나무,GB,127.046421222,37.474147993
"9715",8,24,5,양버즘나무,PTA,127.023291856,37.49908616
"9716",10,30,8,양버즘나무,PTA,126.998430001,37.4805026
"9717",5,22,5,느티나무,ZS,127.030097603,37.49215888
"9718",9,21,5,양버즘나무,PTA,127.012333385,37.484338474
"9719",7,30,8,양버즘나무,PTA,127.033225802,37.469285814
"9720",14,31,12,느티나무,ZS,127.087873246,37.462764025
"9721",9,31,12,느티나무,ZS,127.031643213,37.482298992
"9722",6,23,6,은행나무,GB,127.045282939,37.475256366
"9723",8,29,4,느티나무,ZS,127.08319321,37.461286374
"9724",7,21,5,은행나무,GB,127.044151733,37.474221583
"9725",7,24,6,은행나무,GB,127.042202375,37.472944137
"9726",12,24,7,양버즘나무,PTA,127.005670465,37.491071324
"9727",8,27,4,메타세쿼이아,TB,127.036925023,37.461999336
"9728",10,25,8,양버즘나무,PTA,127.041581373,37.46662876
"9729",12,34,10,양버즘나무,PTA,127.012127403,37.49895314
"9730",9,25,5,메타세쿼이아,TB,127.031009721,37.471183211
"9731",8,17,3,은행나무,GB,126.982519482,37.473478248
"9732",5,17,4,느티나무,ZS,127.002007323,37.504097863
"9733",12,54,12,가중나무,AA,127.009557896,37.516423473
"9734",9,27,5,양버즘나무,PTA,127.01503456,37.4848581
"9735",10,27,5,양버즘나무,PTA,126.98951228,37.486721818
"9736",7,34,7,칠엽수,AC,127.010132959,37.504490695
"9737",6,16,5,은행나무,GB,126.982141275,37.480459435
"9738",6,17,3,은행나무,GB,127.047329404,37.458453986
"9739",13,33,5,양버즘나무,PTA,127.001853967,37.503774535
"9740",6,12,2,은행나무,GB,127.047811417,37.457327051
"9741",8,20,6,메타세쿼이아,TB,127.034661878,37.473837484
"9742",12,35,12,양버즘나무,PTA,127.018717454,37.518005004
"9743",12,26,4,양버즘나무,PTA,127.008603331,37.50715581
"9744",12,29,5,양버즘나무,PTA,127.00485546,37.489909956
"9745",13,25,7,양버즘나무,PTA,127.008100266,37.490624307
"9746",11,28,6,양버즘나무,PTA,126.990253523,37.502131502
"9747",13,40,10,가중나무,AA,127.013487896,37.5154797
"9748",12,22,6,양버즘나무,PTA,127.007143159,37.507020536
"9749",9,35,7,양버즘나무,PTA,127.013343378,37.513386309
"9750",0,9,0,느티나무,ZS,127.007823918,37.478189599
"9751",10,32,11,양버즘나무,PTA,126.996710302,37.49928915
"9752",11,38,8,튤립나무,LT,127.008426709,37.507398195
"9753",11,31,12,양버즘나무,PTA,127.020003147,37.513803885
"9754",8,26,12,가중나무,AA,127.002817139,37.509556364
"9755",12,36,10,양버즘나무,PTA,127.007724711,37.483466256
"9756",9,32,5,양버즘나무,PTA,126.995996347,37.481057954
"9757",10,29,10,양버즘나무,PTA,127.040339747,37.468409277
"9758",4,6,2,왕벚나무,PS,127.055654145,37.447283263
"9759",7,24,4,양버즘나무,PTA,127.012080535,37.513369444
"9760",5,10,2,메타세쿼이아,TB,127.000512996,37.474321455
"9761",6,20,5,메타세쿼이아,TB,127.02750818,37.466600326
"9762",10,35,5,양버즘나무,PTA,127.004924194,37.482723345
"9763",8,24,6,양버즘나무,PTA,127.038882248,37.476891119
"9764",7,20,5,은행나무,GB,127.048539171,37.46987624
"9765",12,20,5,양버즘나무,PTA,126.982909796,37.492534946
"9766",11,32,6,양버즘나무,PTA,126.988762669,37.492119824
"9767",12,31,10,양버즘나무,PTA,126.985666887,37.504156165
"9768",9,23,6,양버즘나무,PTA,127.015519808,37.520193397
"9769",10,24,4,양버즘나무,PTA,126.999133669,37.479445618
"9770",7,19,5,양버즘나무,PTA,127.031202706,37.489518075
"9771",11,33,7,양버즘나무,PTA,127.010219578,37.492757505
"9772",12,35,10,양버즘나무,PTA,126.986454431,37.502370499
"9773",7,11,2,은행나무,GB,127.036763389,37.461495166
"9774",12,44,10,양버즘나무,PTA,126.999906669,37.507073309
"9775",14,32,12,양버즘나무,PTA,127.033240743,37.485709111
"9776",12,45,12,가중나무,AA,127.009094788,37.515975907
"9777",8,29,6,느티나무,ZS,127.061838073,37.456293745
"9778",7,31,4,양버즘나무,PTA,127.011326194,37.512994697
"9779",11,26,10,양버즘나무,PTA,126.993204629,37.488608018
"9780",9,22,4,양버즘나무,PTA,127.006092234,37.47958159
"9781",13,39,6,양버즘나무,PTA,126.988686836,37.495784575
"9782",4,33,8,양버즘나무,PTA,127.026989453,37.498112418
"9783",9,17,3,양버즘나무,PTA,127.001879664,37.482130525
"9784",13,18,10,양버즘나무,PTA,126.9998094,37.508244373
"9785",13,26,6,양버즘나무,PTA,127.035983511,37.482374093
"9786",0,9,0,느티나무,ZS,127.01766181,37.481885662
"9787",13,21,6,은행나무,GB,127.043315914,37.480794994
"9788",8,23,7,은행나무,GB,127.010879955,37.493687598
"9789",13,45,12,가중나무,AA,127.009572399,37.516113747
"9790",6,14,3,은행나무,GB,126.990268467,37.493363203
"9791",6,21,3,느티나무,ZS,126.984203423,37.476393263
"9792",9,20,4,양버즘나무,PTA,127.006244576,37.479275415
"9793",8,17,3,은행나무,GB,127.010303641,37.483966964
"9794",11,33,7,메타세쿼이아,TB,127.041210217,37.475272381
"9795",6,35,8,느티나무,ZS,127.081875027,37.461720078
"9796",9,34,8,양버즘나무,PTA,127.034181348,37.466534342
"9797",7,15,2,은행나무,GB,127.03764953,37.45954875
"9798",4,6,2,왕벚나무,PS,127.057189842,37.445794359
"9799",9,21,5,양버즘나무,PTA,127.027714235,37.489442968
"9800",8,22,8,양버즘나무,PTA,127.038446469,37.471693669
"9801",8,15,2,메타세쿼이아,TB,127.012892318,37.508660154
"9802",11,23,8,양버즘나무,PTA,127.000105172,37.507607062
"9803",4,17,4,느티나무,ZS,126.989281851,37.48642353
"9804",6,10,2,메타세쿼이아,TB,126.998015188,37.473534665
"9805",4,37,10,느티나무,ZS,127.068141037,37.45639065
"9806",5,15,3,은행나무,GB,127.055776356,37.447329959
"9807",6,23,5,느티나무,ZS,127.044850537,37.477270648
"9808",10,28,4,양버즘나무,PTA,127.037711544,37.48118027
"9809",10,30,6,양버즘나무,PTA,126.987551083,37.489763682
"9810",14,22,6,양버즘나무,PTA,127.037407238,37.480758843
"9811",10,18,5,양버즘나무,PTA,127.020654414,37.486307937
"9812",12,34,8,양버즘나무,PTA,127.009634941,37.492304802
"9813",7,24,4,양버즘나무,PTA,127.003914913,37.482740256
"9814",7,33,6,느티나무,ZS,127.047285636,37.462727223
"9815",9,26,7,느티나무,ZS,127.015499619,37.457647639
"9816",6,19,4,은행나무,GB,126.987741035,37.460495038
"9817",9,20,7,느티나무,ZS,127.058016007,37.457686002
"9818",7,24,6,은행나무,GB,127.04457172,37.472692397
"9819",7,17,5,양버즘나무,PTA,127.001422894,37.482232451
"9820",8,14,3,메타세쿼이아,TB,127.012054718,37.508423124
"9821",7,13,3,은행나무,GB,126.987595851,37.497488481
"9822",7,23,7,은행나무,GB,127.041762497,37.47532172
"9823",7,19,3,은행나무,GB,127.035902537,37.460359022
"9824",9,22,5,양버즘나무,PTA,127.025018066,37.49548251
"9825",8,24,5,양버즘나무,PTA,127.026065384,37.492904588
"9826",10,34,10,양버즘나무,PTA,126.99935783,37.500342011
"9827",10,22,10,양버즘나무,PTA,127.00927654,37.511782266
"9828",10,20,4,양버즘나무,PTA,127.02133604,37.486519738
"9829",5,10,2,메타세쿼이아,TB,126.985788614,37.476037908
"9830",6,15,4,느티나무,ZS,126.993651734,37.487476025
"9831",11,21,7,양버즘나무,PTA,127.022966304,37.496640661
"9832",8,14,4,은행나무,GB,127.011591436,37.513045457
"9833",6,35,8,느티나무,ZS,127.025277263,37.460354775
"9834",4,14,2,은행나무,GB,127.012661244,37.481985575
"9835",5,15,4,은행나무,GB,127.027359963,37.471833565
"9836",12,39,8,가중나무,AA,127.008241059,37.508487341
"9837",10,19,6,양버즘나무,PTA,127.015823915,37.501542361
"9838",13,42,6,양버즘나무,PTA,127.005360055,37.49620929
"9839",7,13,4,은행나무,GB,126.984862984,37.469692554
"9840",10,42,13,양버즘나무,PTA,127.022716197,37.507771109
"9841",15,33,7,양버즘나무,PTA,126.997779069,37.504120682
"9842",10,21,4,은행나무,GB,127.017034761,37.500969817
"9843",10,40,8,양버즘나무,PTA,127.006637353,37.494390764
"9844",7,31,10,양버즘나무,PTA,127.007396085,37.50352004
"9845",10,34,12,양버즘나무,PTA,126.995513054,37.484619515
"9846",5,10,2,메타세쿼이아,TB,127.003574375,37.476106659
"9847",6,25,7,은행나무,GB,127.043867082,37.474126518
"9848",9,27,6,느티나무,ZS,127.014715099,37.48413145
"9849",11,32,6,양버즘나무,PTA,126.987340115,37.489912181
"9850",11,38,6,양버즘나무,PTA,127.025457901,37.497169187
"9851",13,32,4,양버즘나무,PTA,127.040722613,37.479660531
"9852",13,43,13,은행나무,GB,127.022455886,37.508309401
"9853",8,23,5,양버즘나무,PTA,127.015233334,37.484897704
"9854",0,28,10,양버즘나무,PTA,127.038287535,37.478762636
"9855",12,34,8,양버즘나무,PTA,127.023497689,37.496801014
"9856",11,33,7,양버즘나무,PTA,127.013514934,37.511618264
"9857",10,45,7,양버즘나무,PTA,127.010912904,37.484819417
"9858",10,33,13,양버즘나무,PTA,127.023276997,37.506565318
"9859",10,26,8,양버즘나무,PTA,127.037672493,37.480451212
"9860",6,22,6,양버즘나무,PTA,127.01254386,37.484221833
"9861",13,28,10,느티나무,ZS,127.091318887,37.463685907
"9862",13,33,10,양버즘나무,PTA,126.988902943,37.498095137
"9863",8,21,6,양버즘나무,PTA,127.039133182,37.470244011
"9864",11,25,6,양버즘나무,PTA,127.013505566,37.511678357
"9865",13,22,6,양버즘나무,PTA,127.020254098,37.513013219
"9866",8,20,3,양버즘나무,PTA,127.014123616,37.484483813
"9867",12,43,8,양버즘나무,PTA,126.998124712,37.499843536
"9868",8,24,3,양버즘나무,PTA,127.036073063,37.476299924
"9869",3,13,2,느티나무,ZS,126.983001352,37.485631414
"9870",10,20,6,양버즘나무,PTA,127.038955125,37.477119234
"9871",13,17,4,양버즘나무,PTA,127.021836089,37.486675288
"9872",9,32,7,느티나무,ZS,127.058396311,37.457583209
"9873",6,17,4,양버즘나무,PTA,127.040503594,37.468322918
"9874",6,38,9,느티나무,ZS,127.01446274,37.457337747
"9875",9,26,6,느티나무,ZS,127.074813786,37.458702512
"9876",9,26,6,느티나무,ZS,127.014704698,37.484187474
"9877",8,30,10,양버즘나무,PTA,127.029960425,37.492593407
"9878",8,25,4,양버즘나무,PTA,127.034401318,37.464402188
"9879",9,22,3,양버즘나무,PTA,126.987461431,37.505196221
"9880",7,9,3,느티나무,ZS,127.023809391,37.504139366
"9881",7,16,3,은행나무,GB,127.049390032,37.470274114
"9882",0,9,0,느티나무,ZS,127.02766625,37.483805472
"9883",11,24,5,양버즘나무,PTA,127.028939333,37.492804773
"9884",9,24,5,느티나무,ZS,127.077543846,37.459081832
"9885",9,22,7,느티나무,ZS,127.058104742,37.457653133
"9886",0,9,0,느티나무,ZS,127.010508844,37.479548414
"9887",10,28,7,양버즘나무,PTA,127.009463024,37.511862827
"9888",8,24,6,양버즘나무,PTA,127.012395086,37.50995148
"9889",8,10,2,은행나무,GB,127.013543294,37.514818555
"9890",7,17,5,양버즘나무,PTA,127.022152992,37.50150282
"9891",6,15,4,은행나무,GB,127.04818216,37.45698717
"9892",9,18,5,은행나무,GB,126.998122311,37.496050153
"9893",8,21,3,은행나무,GB,127.038315145,37.462591421
"9894",7,14,8,양버즘나무,PTA,127.03605735,37.468257963
"9895",6,37,7,느티나무,ZS,127.017693877,37.458874657
"9896",0,9,0,느티나무,ZS,127.019052155,37.482597988
"9897",7,23,5,은행나무,GB,127.046725703,37.473858628
"9898",12,40,8,양버즘나무,PTA,127.009122169,37.488521594
"9899",15,24,3,양버즘나무,PTA,126.994065742,37.503071375
"9900",12,19,12,가중나무,AA,127.00743733,37.51049018
"9901",8,25,5,양버즘나무,PTA,127.025994772,37.493056094
"9902",12,37,6,양버즘나무,PTA,126.998124886,37.488964235
"9903",4,27,6,느티나무,ZS,127.016595729,37.457729903
"9904",8,20,4,느티나무,ZS,127.039679062,37.468414995
"9905",9,28,7,양버즘나무,PTA,127.034302277,37.467064334
"9906",7,8,3,메타세쿼이아,TB,127.043160298,37.479964859
"9907",4,57,10,느티나무,ZS,127.089272706,37.46301356
"9908",10,19,5,양버즘나무,PTA,127.016967362,37.509670227
"9909",6,18,3,양버즘나무,PTA,127.00352419,37.501315081
"9910",9,22,5,느티나무,ZS,127.078645214,37.459893399
"9911",7,20,5,메타세쿼이아,TB,127.040727503,37.474467509
"9912",8,19,4,느티나무,ZS,127.08106536,37.460372066
"9913",8,22,5,은행나무,GB,127.038692344,37.462640548
"9914",9,29,8,양버즘나무,PTA,127.00640999,37.478554227
"9915",4,16,3,느티나무,ZS,126.985782079,37.485900201
"9916",4,17,3,느티나무,ZS,127.044250752,37.464801888
"9917",10,23,4,양버즘나무,PTA,127.004121682,37.485432376
"9918",9,30,5,양버즘나무,PTA,127.025564826,37.494352116
"9919",7,24,6,느티나무,ZS,127.054381162,37.459681651
"9920",7,31,6,은행나무,GB,127.043296963,37.474069927
"9921",7,26,4,은행나무,GB,127.044130661,37.473261408
"9922",6,17,7,느티나무,ZS,127.016828844,37.458189083
"9923",4,26,5,느티나무,ZS,126.988684924,37.479331558
"9924",11,40,4,양버즘나무,PTA,127.001604777,37.50504008
"9925",10,25,5,양버즘나무,PTA,127.007688462,37.483252521
"9926",13,29,6,튤립나무,LT,127.000594377,37.504723436
"9927",9,30,7,양버즘나무,PTA,127.034397306,37.467240997
"9928",10,27,5,양버즘나무,PTA,126.990809395,37.484697973
"9929",10,32,5,느티나무,ZS,127.024710196,37.50347501
"9930",8,23,5,양버즘나무,PTA,126.991411476,37.483758787
"9931",17,21,5,양버즘나무,PTA,127.035884253,37.482390514
"9974",7,20,7,회화나무,STJ,127.011107657,37.485200767
"9932",13,19,4,양버즘나무,PTA,127.023643635,37.48159847
"9933",9,35,6,양버즘나무,PTA,127.029770749,37.48908199
"9934",15,28,7,양버즘나무,PTA,127.037476852,37.480651597
"9935",6,21,6,느티나무,ZS,126.984362464,37.476366061
"9936",11,17,10,양버즘나무,PTA,127.000578113,37.476823717
"9937",16,20,8,양버즘나무,PTA,127.024021739,37.482549278
"9938",9,26,7,양버즘나무,PTA,127.010655879,37.512387839
"9939",8,24,7,양버즘나무,PTA,127.038459598,37.475904605
"9940",12,21,7,양버즘나무,PTA,127.0139158,37.515793483
"9941",15,29,6,양버즘나무,PTA,126.996981792,37.503849856
"9942",4,23,5,양버즘나무,PTA,127.014409971,37.516802436
"9943",6,23,5,양버즘나무,PTA,127.001361587,37.482216754
"9944",0,18,5,느티나무,ZS,127.038304435,37.477128958
"9945",7,23,5,양버즘나무,PTA,127.00316578,37.482595251
"9946",10,27,6,양버즘나무,PTA,127.033435623,37.468832432
"9947",12,39,7,양버즘나무,PTA,127.011522347,37.493155013
"9948",8,28,5,양버즘나무,PTA,127.028974411,37.488638147
"9949",9,25,5,양버즘나무,PTA,127.013372113,37.510959617
"9950",13,38,12,양버즘나무,PTA,127.018846039,37.51765857
"9951",14,23,8,양버즘나무,PTA,127.024032595,37.482274993
"9952",12,26,6,양버즘나무,PTA,126.987593339,37.49712456
"9953",9,26,5,양버즘나무,PTA,127.028067661,37.489110234
"9954",5,22,5,양버즘나무,PTA,127.014156275,37.516464787
"9955",13,42,12,양버즘나무,PTA,127.029674364,37.493172667
"9956",6,20,3,메타세쿼이아,TB,127.028284367,37.46748909
"9957",7,13,4,은행나무,GB,126.986526805,37.468305966
"9958",8,29,4,양버즘나무,PTA,127.024135711,37.504568536
"9959",5,15,3,느티나무,ZS,127.043295182,37.466125271
"9960",9,27,8,양버즘나무,PTA,127.038461327,37.476295877
"9961",12,38,12,가중나무,AA,127.010019036,37.516875835
"9962",10,21,6,양버즘나무,PTA,127.03755575,37.480533253
"9963",7,32,8,느티나무,ZS,127.045987155,37.462007031
"9964",5,12,2,메타세쿼이아,TB,127.004275732,37.476447587
"9965",9,27,5,양버즘나무,PTA,127.026051251,37.493325067
"9966",5,19,3,느티나무,ZS,127.045197617,37.463394212
"9967",10,22,4,양버즘나무,PTA,127.03439243,37.475425976
"9968",8,19,6,은행나무,GB,126.998344418,37.499385641
"9969",9,24,6,양버즘나무,PTA,127.021957544,37.501520924
"9970",7,22,7,느티나무,ZS,127.027619867,37.483842734
"9971",12,48,12,가중나무,AA,127.013499191,37.514655102
"9972",7,28,7,은행나무,GB,127.044938238,37.475464172
"9973",9,26,4,양버즘나무,PTA,127.029666546,37.484417242
"9975",10,25,8,양버즘나무,PTA,127.023832712,37.482000564
"9976",6,15,3,은행나무,GB,127.052536494,37.451009096
"9977",13,28,8,양버즘나무,PTA,126.982269235,37.483899077
"9978",14,19,6,은행나무,GB,127.044141582,37.478964019
"9979",16,26,10,양버즘나무,PTA,127.037986072,37.479467429
"9980",6,37,8,느티나무,ZS,127.026350253,37.460041956
"9981",5,10,2,메타세쿼이아,TB,127.004858695,37.476716239
"9982",0,9,0,느티나무,ZS,127.009120011,37.478842123
"9983",13,42,7,메타세쿼이아,TB,127.042022338,37.476213184
"9984",5,17,3,느티나무,ZS,127.047095236,37.468888696
"9985",7,30,6,은행나무,GB,127.044122297,37.473128597
"9986",15,35,7,튤립나무,LT,126.992987668,37.502740897
"9987",10,25,10,양버즘나무,PTA,126.986190282,37.476623787
"9988",9,22,7,양버즘나무,PTA,127.038925203,37.472289338
"9989",10,26,8,양버즘나무,PTA,126.995565671,37.484901499
"9990",12,34,6,가중나무,AA,127.01355263,37.515444027
"9991",0,26,8,양버즘나무,PTA,127.038395191,37.475465648
"9992",12,28,10,양버즘나무,PTA,127.000007521,37.507818298
"9993",11,27,6,가중나무,AA,127.012796857,37.51570211
"9994",12,35,12,양버즘나무,PTA,126.986310323,37.5028012
"9995",12,19,6,양버즘나무,PTA,126.988304992,37.492029679
"9996",10,24,4,양버즘나무,PTA,127.03408966,37.475310781
"9997",16,32,9,양버즘나무,PTA,127.033274703,37.485637811
"9998",11,25,10,양버즘나무,PTA,126.991714712,37.490641239
"9999",8,14,2,메타세쿼이아,TB,127.020949654,37.511459558
"10000",7,12,2,양버즘나무,PTA,127.012000897,37.509399954
"10001",15,31,10,양버즘나무,PTA,126.994315193,37.503146223
"10002",11,38,8,양버즘나무,PTA,127.017006847,37.494587453
"10003",18,26,10,양버즘나무,PTA,127.037834195,37.480048531
"10004",10,30,5,양버즘나무,PTA,127.005582063,37.496530259
"10005",13,37,12,가중나무,AA,127.006766154,37.513374406
"10006",16,19,6,양버즘나무,PTA,127.037662486,37.480355741
"10007",7,25,8,양버즘나무,PTA,127.032892487,37.469647482
"10008",13,25,8,양버즘나무,PTA,126.981970912,37.478384717
"10009",6,24,6,메타세쿼이아,TB,127.025560409,37.464795557
"10010",11,30,5,양버즘나무,PTA,127.027385286,37.492334384
"10011",0,20,5,느티나무,ZS,127.038326579,37.477144542
"10012",10,22,3,양버즘나무,PTA,127.013523701,37.51417031
"10013",12,30,8,양버즘나무,PTA,127.023901686,37.482701609
"10014",7,13,4,은행나무,GB,126.984224623,37.47040001
"10015",8,11,3,양버즘나무,PTA,127.034153072,37.465470483
"10016",13,35,6,양버즘나무,PTA,126.991309028,37.483739338
"10017",8,35,7,메타세쿼이아,TB,127.027597892,37.466928352
"10018",8,16,3,양버즘나무,PTA,127.024119379,37.504724626
"10019",12,43,12,양버즘나무,PTA,127.018806332,37.5177899
"10020",8,21,5,양버즘나무,PTA,127.026086846,37.492860695
"10021",13,29,5,양버즘나무,PTA,127.00514745,37.490622474
"10022",12,38,13,양버즘나무,PTA,126.985808015,37.503733317
"10023",10,26,5,양버즘나무,PTA,127.005175132,37.481105458
"10024",7,18,8,회화나무,STJ,127.010447168,37.503230683
"10025",7,28,10,느티나무,ZS,127.03078791,37.490716822
"10026",12,39,12,가중나무,AA,127.00779491,37.514699158
"10027",8,21,4,느티나무,ZS,127.039082756,37.469392445
"10028",9,31,5,느티나무,ZS,127.08285752,37.460735354
"10029",17,28,8,양버즘나무,PTA,127.023090564,37.482755561
"10030",8,32,10,양버즘나무,PTA,127.009401319,37.504299383
"10031",4,30,10,느티나무,ZS,127.016267923,37.457585251
"10032",7,31,5,느티나무,ZS,127.051114761,37.461085857
"10033",7,16,2,은행나무,GB,127.012594306,37.515988306
"10034",11,30,5,가중나무,AA,127.012336745,37.515968224
"10035",13,38,12,가중나무,AA,127.006839622,37.511100881
"10036",4,17,3,느티나무,ZS,127.043936771,37.466075673
"10037",5,10,2,메타세쿼이아,TB,127.00614821,37.477002122
"10038",13,29,10,양버즘나무,PTA,126.999358405,37.509172026
"10039",12,26,12,양버즘나무,PTA,127.018827751,37.51772035
"10040",11,33,6,양버즘나무,PTA,126.989905895,37.485934464
"10041",11,30,10,느티나무,ZS,127.032161204,37.484098143
"10042",8,31,8,양버즘나무,PTA,127.038407905,37.477073713
"10043",5,10,2,메타세쿼이아,TB,126.998732851,37.474016963
"10044",12,35,12,양버즘나무,PTA,126.98624328,37.502411617
"10045",9,17,3,양버즘나무,PTA,127.005625631,37.480557433
"10046",7,24,5,양버즘나무,PTA,126.986272492,37.476098362
"10047",0,9,0,느티나무,ZS,127.00866084,37.478610566
"10048",6,18,4,느티나무,ZS,127.039706587,37.469334454
"10049",13,42,12,가중나무,AA,127.012552363,37.518924232
"10050",8,27,6,느티나무,ZS,127.062879678,37.45565752
"10051",5,11,2,칠엽수,AC,127.013200434,37.496397957
"10052",9,24,5,양버즘나무,PTA,126.994024484,37.48041479
"10053",8,18,4,은행나무,GB,127.009802892,37.483870246
"10054",10,16,3,양버즘나무,PTA,127.02978986,37.48466408
"10055",6,13,3,은행나무,GB,127.066628898,37.434087544
"10056",8,34,9,느티나무,ZS,127.058673382,37.457654185
"10057",7,18,4,은행나무,GB,127.028773369,37.472544211
"10058",10,21,8,양버즘나무,PTA,127.042259907,37.465994833
"10059",8,30,6,느티나무,ZS,127.082345301,37.462968803
"10060",10,39,8,양버즘나무,PTA,127.009574728,37.487578043
"10061",10,37,6,양버즘나무,PTA,127.00456898,37.506228254
"10062",6,31,8,양버즘나무,PTA,127.014309478,37.490939635
"10063",9,40,10,양버즘나무,PTA,127.030020385,37.492464621
"10064",6,25,6,칠엽수,AC,127.013340795,37.495820981
"10065",9,25,5,양버즘나무,PTA,126.992612758,37.489566165
"10066",11,30,10,양버즘나무,PTA,127.009335088,37.511998609
"10067",8,27,7,양버즘나무,PTA,127.038459666,37.475643452
"10068",5,10,2,메타세쿼이아,TB,127.004799493,37.476360301
"10069",5,12,4,느티나무,ZS,127.023428113,37.483237765
"10070",10,22,8,양버즘나무,PTA,127.020171334,37.4956752
"10071",5,16,4,은행나무,GB,127.04699926,37.468785573
"10072",0,18,5,느티나무,ZS,127.038362394,37.477196732
"10073",8,20,3,양버즘나무,PTA,127.040264283,37.467845369
"10074",8,41,10,메타세쿼이아,TB,127.028168176,37.467616249
"10075",7,24,6,칠엽수,AC,127.012846128,37.496786872
"10076",5,21,4,느티나무,ZS,127.043502653,37.464943066
"10077",6,20,4,은행나무,GB,127.046770686,37.459921354
"10078",7,25,7,느티나무,ZS,127.011479713,37.493184364
"10079",12,34,6,양버즘나무,PTA,126.998174475,37.488979891
"10080",8,22,8,양버즘나무,PTA,127.010890209,37.498782905
"10081",5,21,8,느티나무,ZS,127.015826249,37.481299063
"10082",8,26,8,양버즘나무,PTA,127.038476145,37.470722807
"10083",6,35,7,양버즘나무,PTA,127.010465149,37.486521689
"10084",8,39,8,메타세쿼이아,TB,127.027125049,37.466445825
"10085",13,31,12,가중나무,AA,127.011832912,37.518632014
"10086",12,26,7,양버즘나무,PTA,127.038413477,37.480036032
"10087",9,39,7,양버즘나무,PTA,127.006894914,37.493090671
"10088",10,31,3,양버즘나무,PTA,127.017205147,37.509992374
"10089",15,40,6,양버즘나무,PTA,127.003897514,37.499567482
"10090",7,27,8,양버즘나무,PTA,127.033138104,37.469378977
"10091",7,12,2,메타세쿼이아,TB,126.991703732,37.474100896
"10092",10,28,10,양버즘나무,PTA,127.009433405,37.512027345
"10093",10,30,10,양버즘나무,PTA,127.004464003,37.489200951
"10094",8,31,5,양버즘나무,PTA,126.987424682,37.477790599
"10095",11,26,10,양버즘나무,PTA,127.02714624,37.498472266
"10096",12,32,6,양버즘나무,PTA,126.989165668,37.495043284
"10097",9,24,10,양버즘나무,PTA,126.994587404,37.486420378
"10098",10,20,5,양버즘나무,PTA,126.999278768,37.481569028
"10099",9,30,9,양버즘나무,PTA,127.000519358,37.47736532
"10100",12,29,12,느티나무,ZS,127.087288574,37.462578636
"10101",6,28,8,느티나무,ZS,127.016260093,37.484798815
"10102",7,16,4,은행나무,GB,126.995227009,37.493936993
"10103",13,20,4,양버즘나무,PTA,127.025604947,37.487610383
"10104",5,17,4,느티나무,ZS,127.047934802,37.469492291
"10105",6,20,6,칠엽수,AC,127.013395676,37.495606767
"10106",0,9,0,느티나무,ZS,127.027574306,37.483788939
"10107",7,25,5,은행나무,GB,127.04547583,37.475070852
"10108",6,12,10,은행나무,GB,127.02534979,37.502085835
"10109",9,29,6,양버즘나무,PTA,127.039172743,37.470143044
"10110",8,30,12,양버즘나무,PTA,127.031633192,37.489080362
"10111",7,21,5,양버즘나무,PTA,127.013364186,37.511756562
"10112",11,21,4,양버즘나무,PTA,127.025688606,37.487635169
"10113",9,19,5,양버즘나무,PTA,127.029455199,37.485403287
"10114",8,27,3,양버즘나무,PTA,127.038660916,37.471474073
"10115",6,24,5,양버즘나무,PTA,126.992587682,37.481941223
"10116",11,28,12,양버즘나무,PTA,126.995392461,37.484808271
"10117",7,34,10,양버즘나무,PTA,127.007739862,37.503657312
"10118",10,25,4,양버즘나무,PTA,127.035446727,37.476020401
"10119",6,21,3,은행나무,GB,127.024912289,37.469723619
"10120",7,26,5,느티나무,ZS,127.053378835,37.460113486
"10121",7,23,5,은행나무,GB,127.047521153,37.473090525
"10122",0,9,0,느티나무,ZS,127.025074681,37.483177903
"10123",7,23,4,은행나무,GB,127.029392282,37.472918851
"10124",10,24,6,양버즘나무,PTA,126.982892792,37.49176913
"10125",10,41,12,양버즘나무,PTA,126.997185433,37.481431419
"10126",7,28,7,은행나무,GB,127.045302867,37.471994143
"10127",0,9,0,느티나무,ZS,127.015695382,37.481612267
"10128",7,24,4,양버즘나무,PTA,127.023896911,37.497811489
"10129",9,29,5,양버즘나무,PTA,127.005767492,37.479878693
"10130",7,21,4,양버즘나무,PTA,127.035865473,37.476148199
"10131",13,30,4,양버즘나무,PTA,127.040487262,37.47940358
"10132",0,9,0,느티나무,ZS,127.021347046,37.482637749
"10133",6,37,10,느티나무,ZS,127.081835918,37.461250339
"10134",8,19,3,은행나무,GB,127.037532404,37.45951144
"10135",10,38,7,양버즘나무,PTA,127.026648841,37.497800008
"10136",11,38,8,양버즘나무,PTA,127.003965874,37.484190447
"10137",9,31,7,양버즘나무,PTA,127.034287077,37.46701691
"10138",12,29,8,양버즘나무,PTA,126.998355105,37.489188589
"10139",6,10,4,은행나무,GB,126.982141287,37.480390142
"10140",5,13,4,은행나무,GB,127.024337371,37.471563758
"10141",6,19,8,회화나무,STJ,127.010805713,37.503058548
"10142",9,31,7,양버즘나무,PTA,127.011000623,37.484642185
"10143",5,42,10,느티나무,ZS,127.015755703,37.481280117
"10144",11,37,6,양버즘나무,PTA,126.98874914,37.487724081
"10145",14,40,6,양버즘나무,PTA,127.002459602,37.503032338
"10146",9,26,4,양버즘나무,PTA,127.005776682,37.480243019
"10147",12,34,7,양버즘나무,PTA,127.008684241,37.489422179
"10148",12,28,8,양버즘나무,PTA,127.006741327,37.483277372
"10149",10,28,5,양버즘나무,PTA,126.987016734,37.491335548
"10150",7,20,5,은행나무,GB,127.043951294,37.471296969
"10151",10,26,8,양버즘나무,PTA,127.037917061,37.477866351
"10152",13,46,8,양버즘나무,PTA,127.00825481,37.490297683
"10153",6,14,4,은행나무,GB,126.987997739,37.461993098
"10154",4,13,3,은행나무,GB,127.012138038,37.482274995
"10155",13,19,5,은행나무,GB,127.042371272,37.482889375
"10156",7,19,3,은행나무,GB,126.982456482,37.473614327
"10157",8,22,3,은행나무,GB,127.03785955,37.459220338
"10158",9,31,5,양버즘나무,PTA,127.003729503,37.482496822
"10159",8,17,5,은행나무,GB,127.038553842,37.462309092
"10160",5,15,4,은행나무,GB,127.023812669,37.47201794
"10161",10,19,8,양버즘나무,PTA,127.037784928,37.469420461
"10162",5,16,3,느티나무,ZS,126.994493285,37.487791621
"10163",5,18,3,느티나무,ZS,127.046010162,37.468095926
"10164",12,37,12,가중나무,AA,127.007575735,37.514167045
"10165",8,31,5,양버즘나무,PTA,127.01744467,37.489165223
"10166",9,30,9,양버즘나무,PTA,127.00651062,37.478349757
"10167",10,18,1,은행나무,GB,127.011587354,37.487389516
"10168",7,14,1,양버즘나무,PTA,127.010048379,37.512345284
"10169",7,32,5,양버즘나무,PTA,127.026998306,37.492211745
"10170",11,30,12,양버즘나무,PTA,126.994441553,37.486286524
"10171",13,28,6,양버즘나무,PTA,127.023871199,37.48731152
"10172",13,37,8,양버즘나무,PTA,126.991537034,37.498044244
"10173",13,32,10,양버즘나무,PTA,127.029235407,37.494100794
"10174",5,24,6,느티나무,ZS,126.988012249,37.479297565
"10175",8,13,2,은행나무,GB,126.983184927,37.472057622
"10176",11,28,6,양버즘나무,PTA,126.987694262,37.489355599
"10177",11,36,7,양버즘나무,PTA,127.007889513,37.492170798
"10178",8,14,3,메타세쿼이아,TB,127.012000517,37.508407456
"10179",4,11,3,회화나무,STJ,127.017211319,37.520397764
"10180",6,16,4,은행나무,GB,126.997264199,37.482273821
"10181",11,27,6,양버즘나무,PTA,126.989223743,37.492303573
"10182",6,10,2,은행나무,GB,127.048485896,37.456716519
"10183",12,18,8,은행나무,GB,127.044258077,37.478706583
"10184",9,27,5,메타세쿼이아,TB,127.031177288,37.471238916
"10185",9,25,10,느티나무,ZS,127.031953475,37.484070484
"10186",7,15,2,은행나무,GB,127.035960194,37.460397692
"10187",6,17,4,은행나무,GB,127.047071042,37.468370263
"10188",8,18,5,양버즘나무,PTA,127.015428356,37.484936263
"10189",12,37,12,양버즘나무,PTA,126.986379234,37.502612022
"10190",10,27,6,양버즘나무,PTA,127.006405335,37.506784183
"10191",12,41,12,가중나무,AA,127.00667952,37.511917907
"10192",11,41,10,양버즘나무,PTA,127.006155011,37.483165014
"10193",9,28,5,양버즘나무,PTA,127.004771836,37.481942982
"10194",10,28,5,양버즘나무,PTA,126.988200048,37.488763747
"10195",9,34,5,양버즘나무,PTA,127.00472589,37.482672026
"10196",12,35,8,양버즘나무,PTA,127.002775146,37.502362132
"10197",5,16,3,느티나무,ZS,126.994641146,37.487834892
"10198",7,35,7,양버즘나무,PTA,127.007355687,37.506741271
"10199",5,18,3,느티나무,ZS,127.043613889,37.464840925
"10200",0,9,0,느티나무,ZS,127.040264107,37.4852712
"10201",7,25,6,은행나무,GB,127.044077597,37.473169466
"10202",5,20,4,양버즘나무,PTA,127.030709072,37.473906627
"10203",10,36,8,메타세쿼이아,TB,127.036122958,37.474229575
"10204",9,15,3,메타세쿼이아,TB,127.011941251,37.508389553
"10205",7,13,4,은행나무,GB,126.99282378,37.493590612
"10206",10,30,8,양버즘나무,PTA,127.037233407,37.4691971
"10207",5,13,2,느티나무,ZS,127.023733245,37.48329066
"10208",8,23,5,느티나무,ZS,127.063041024,37.455590604
"10209",6,28,7,양버즘나무,PTA,127.014782669,37.517776162
"10210",9,23,5,양버즘나무,PTA,127.023849374,37.497554613
"10211",10,23,10,양버즘나무,PTA,127.040784227,37.46799476
"10212",13,44,7,양버즘나무,PTA,127.008228109,37.490354057
"10213",5,13,4,은행나무,GB,127.025000469,37.471534972
"10214",11,19,10,양버즘나무,PTA,127.00692242,37.483312973
"10215",5,14,3,느티나무,ZS,126.995043554,37.487955754
"10216",5,27,7,느티나무,ZS,126.988521729,37.48062608
"10217",8,32,4,양버즘나무,PTA,127.034432985,37.466589817
"10218",13,20,4,양버즘나무,PTA,127.0215843,37.486597609
"10219",8,21,4,메타세쿼이아,TB,127.029848212,37.470114864
"10220",6,20,4,양버즘나무,PTA,127.040397611,37.468429521
"10221",11,17,8,양버즘나무,PTA,127.005249427,37.482991518
"10222",4,16,5,양버즘나무,PTA,127.014709719,37.488629227
"10223",13,31,10,양버즘나무,PTA,126.988660017,37.49810155
"10224",9,24,4,양버즘나무,PTA,127.003845094,37.48486484
"10225",14,24,6,양버즘나무,PTA,127.03772466,37.481117913
"10226",6,17,5,은행나무,GB,127.044676542,37.47572004
"10227",6,24,5,메타세쿼이아,TB,127.02257847,37.462480946
"10228",9,33,6,느티나무,ZS,127.083139257,37.460864756
"10229",8,34,8,양버즘나무,PTA,127.037525582,37.469184585
"10230",8,24,5,양버즘나무,PTA,127.012926135,37.487948121
"10231",5,18,4,느티나무,ZS,127.04398322,37.466628206
"10232",6,15,4,은행나무,GB,127.046982016,37.459354075
"10233",9,14,3,메타세쿼이아,TB,127.036788532,37.46191045
"10234",9,22,6,은행나무,GB,126.998012405,37.495574827
"10235",9,28,4,양버즘나무,PTA,127.023981627,37.497278723
"10236",9,18,3,양버즘나무,PTA,127.017324838,37.48532617
"10237",5,10,2,은행나무,GB,126.988263454,37.463088376
"10238",13,19,5,양버즘나무,PTA,127.029572229,37.484839632
"10239",5,11,2,메타세쿼이아,TB,126.997066804,37.473708346
"10240",9,34,5,양버즘나무,PTA,127.003855937,37.506010339
"10241",7,25,5,양버즘나무,PTA,126.989863853,37.478773096
"10242",5,10,2,메타세쿼이아,TB,127.00597188,37.477252035
"10265",13,41,13,은행나무,GB,127.022591647,37.508030498
"10243",15,25,8,양버즘나무,PTA,127.022912785,37.482739248
"10244",9,24,6,양버즘나무,PTA,127.034549786,37.467615959
"10245",11,23,6,양버즘나무,PTA,127.027607864,37.497468718
"10246",11,28,12,양버즘나무,PTA,127.011724057,37.498896455
"10247",13,28,10,양버즘나무,PTA,127.038073686,37.47920554
"10248",4,11,3,회화나무,STJ,127.016670161,37.520597606
"10249",8,19,7,양버즘나무,PTA,127.021170052,37.503197072
"10250",7,34,4,양버즘나무,PTA,127.013186642,37.510740337
"10251",8,25,8,양버즘나무,PTA,127.037358085,37.469106365
"10252",7,11,2,은행나무,GB,127.049848689,37.455593288
"10253",4,22,5,느티나무,ZS,127.069055657,37.456690951
"10254",11,14,1,양버즘나무,PTA,127.018208066,37.500534951
"10255",13,45,12,가중나무,AA,127.010709325,37.516896799
"10256",6,13,4,은행나무,GB,127.044861625,37.477366983
"10257",10,24,10,느티나무,ZS,127.032097339,37.484090979
"10258",9,19,6,양버즘나무,PTA,127.034210387,37.466588493
"10259",12,33,12,양버즘나무,PTA,127.020456289,37.512510928
"10260",9,23,4,양버즘나무,PTA,127.005575363,37.480282598
"10261",6,13,4,양버즘나무,PTA,127.042583846,37.466344849
"10262",15,30,6,양버즘나무,PTA,127.003735482,37.500421705
"10263",5,10,2,메타세쿼이아,TB,127.006638295,37.477240567
"10264",11,31,6,양버즘나무,PTA,126.985592087,37.490868523
"10266",13,26,3,양버즘나무,PTA,127.037268482,37.481379268
"10267",8,35,8,양버즘나무,PTA,127.037080319,37.468928802
"10268",11,17,5,느티나무,ZS,127.035927886,37.484673105
"10269",8,26,5,양버즘나무,PTA,127.027690864,37.489494211
"10270",12,32,6,양버즘나무,PTA,126.988782095,37.495275612
"10271",6,25,8,양버즘나무,PTA,127.033382597,37.469116645
"10272",5,10,2,메타세쿼이아,TB,127.00138507,37.47472648
"10273",11,26,7,양버즘나무,PTA,126.989160458,37.501902789
"10274",10,28,6,양버즘나무,PTA,127.036957332,37.477144824
"10275",7,24,4,양버즘나무,PTA,127.034973628,37.475539529
"10276",8,15,3,은행나무,GB,126.992211403,37.490214382
"10277",15,33,6,양버즘나무,PTA,127.019932634,37.495459143
"10278",6,20,4,느티나무,ZS,127.031250789,37.473328796
"10279",9,18,5,양버즘나무,PTA,127.021463696,37.490531109
"10280",9,24,8,양버즘나무,PTA,127.015310497,37.502048591
"10281",6,25,5,느티나무,ZS,127.01244202,37.457437832
"10282",16,28,6,양버즘나무,PTA,127.035587069,37.482679125
"10283",12,42,10,가중나무,AA,127.004841801,37.5114921
"10284",9,23,5,양버즘나무,PTA,127.029123766,37.492715669
"10285",14,23,5,양버즘나무,PTA,127.025413356,37.487762784
"10286",8,26,8,양버즘나무,PTA,127.038411406,37.477137204
"10287",7,22,4,양버즘나무,PTA,127.040863009,37.467973691
"10288",11,30,8,양버즘나무,PTA,126.992378025,37.502573331
"10289",3,34,8,은행나무,GB,127.026484042,37.499847529
"10290",10,31,4,양버즘나무,PTA,127.029629955,37.485402714
"10291",5,19,4,느티나무,ZS,127.04506968,37.467410215
"10292",5,10,2,메타세쿼이아,TB,127.002720341,37.475365393
"10293",3,20,6,은행나무,GB,127.025930872,37.500885418
"10294",9,27,5,느티나무,ZS,127.060412351,37.457093424
"10295",9,29,6,느티나무,ZS,127.073910665,37.458401515
"10296",10,31,8,느티나무,ZS,127.03427086,37.484016593
"10297",4,6,2,왕벚나무,PS,127.056994818,37.44602405
"10298",0,9,0,느티나무,ZS,127.012453444,37.480530895
"10299",6,13,3,은행나무,GB,127.052366188,37.451099129
"10300",6,22,2,은행나무,GB,127.051547868,37.452768064
"10301",13,40,5,양버즘나무,PTA,127.004619395,37.498488582
"10302",9,25,5,양버즘나무,PTA,127.038967855,37.471414125
"10303",9,25,5,느티나무,ZS,127.077895179,37.459194531
"10304",4,16,3,느티나무,ZS,127.044654158,37.464430452
"10305",7,25,5,은행나무,GB,127.025456042,37.470331993
"10306",11,26,5,양버즘나무,PTA,126.989016287,37.487499325
"10307",9,14,3,메타세쿼이아,TB,127.036732085,37.461961749
"10308",9,25,6,느티나무,ZS,127.074357877,37.458245238
"10309",6,14,3,은행나무,GB,127.052011731,37.452081649
"10310",9,32,7,양버즘나무,PTA,127.038883104,37.477806923
"10311",12,32,12,양버즘나무,PTA,127.029577499,37.493381251
"10312",8,23,8,느티나무,ZS,127.064068639,37.455435528
"10313",7,25,6,칠엽수,AC,127.01091255,37.504021681
"10314",5,34,8,은행나무,GB,127.026840442,37.499097754
"10315",9,32,5,양버즘나무,PTA,127.0073563,37.506779931
"10316",9,21,5,양버즘나무,PTA,127.029470217,37.492820953
"10317",10,23,6,양버즘나무,PTA,126.988659524,37.487863824
"10318",6,23,6,메타세쿼이아,TB,127.025068704,37.464350467
"10319",8,13,5,은행나무,GB,127.038099159,37.462202984
"10320",10,26,6,메타세쿼이아,TB,127.040397455,37.474083802
"10321",10,29,3,양버즘나무,PTA,127.029831991,37.484462671
"10322",8,22,4,양버즘나무,PTA,127.035345935,37.475947242
"10323",5,32,9,느티나무,ZS,127.068647124,37.456196255
"10324",8,15,4,양버즘나무,PTA,127.038451084,37.472903731
"10325",9,31,10,양버즘나무,PTA,127.010209992,37.51217944
"10326",7,11,3,은행나무,GB,127.013897656,37.515742338
"10327",9,19,6,은행나무,GB,126.99805553,37.49576256
"10328",10,30,5,양버즘나무,PTA,127.026440965,37.497461123
"10329",6,11,3,은행나무,GB,127.065608449,37.435103181
"10330",7,34,6,느티나무,ZS,127.053471369,37.460072734
"10331",9,30,5,양버즘나무,PTA,126.998963552,37.481747215
"10332",8,24,6,양버즘나무,PTA,127.013754682,37.492697147
"10333",7,19,4,은행나무,GB,127.045195247,37.475214197
"10334",10,12,12,은행나무,GB,127.009295104,37.515844373
"10335",6,19,5,양버즘나무,PTA,126.993368093,37.480722615
"10336",9,25,4,양버즘나무,PTA,127.004414645,37.487319489
"10337",7,26,8,양버즘나무,PTA,127.009317074,37.506481937
"10338",12,32,7,양버즘나무,PTA,127.008612966,37.489565938
"10339",12,33,12,가중나무,AA,127.010734697,37.517050331
"10340",9,24,8,양버즘나무,PTA,126.982506167,37.487881565
"10341",8,26,6,양버즘나무,PTA,127.015825624,37.485542956
"10342",6,27,8,양버즘나무,PTA,127.039936799,37.46892209
"10343",10,34,11,양버즘나무,PTA,127.031018427,37.490371529
"10344",12,40,12,양버즘나무,PTA,126.9863133,37.502198923
"10345",11,37,8,양버즘나무,PTA,127.008455154,37.490673143
"10346",9,21,5,양버즘나무,PTA,127.001890944,37.482350374
"10347",10,28,6,양버즘나무,PTA,126.992570431,37.481790935
"10348",11,27,10,양버즘나무,PTA,127.02384975,37.505361967
"10349",11,18,5,양버즘나무,PTA,127.009137271,37.489261521
"10350",6,31,8,양버즘나무,PTA,127.010009287,37.487471868
"10351",4,24,5,느티나무,ZS,127.069887781,37.456959595
"10352",9,18,6,양버즘나무,PTA,127.01028475,37.498699406
"10353",6,18,5,양버즘나무,PTA,127.016478372,37.484513231
"10354",9,29,8,은행나무,GB,126.99808325,37.495374768
"10355",12,26,7,양버즘나무,PTA,126.998600384,37.489261609
"10356",8,23,4,느티나무,ZS,127.08192691,37.462316321
"10357",10,21,7,양버즘나무,PTA,127.013341287,37.512926566
"10358",8,25,8,양버즘나무,PTA,127.03886953,37.472471387
"10359",12,30,8,양버즘나무,PTA,127.023249473,37.48277846
"10360",9,26,5,양버즘나무,PTA,127.027482359,37.48993493
"10361",7,34,5,양버즘나무,PTA,126.996501351,37.48099764
"10362",9,26,4,양버즘나무,PTA,127.004155754,37.485635774
"10363",6,13,4,칠엽수,AC,127.010941044,37.503447622
"10364",12,26,7,양버즘나무,PTA,126.996746159,37.488676368
"10365",10,31,10,양버즘나무,PTA,127.013774565,37.502722226
"10366",12,36,12,가중나무,AA,127.005175412,37.511819428
"10367",13,37,6,양버즘나무,PTA,126.99113322,37.484010959
"10368",8,27,5,느티나무,ZS,127.062237438,37.4563088
"10369",5,30,8,느티나무,ZS,127.030143639,37.492057815
"10370",5,10,2,메타세쿼이아,TB,126.986191549,37.475630418
"10371",13,40,10,양버즘나무,PTA,126.989062943,37.498092063
"10372",10,32,7,메타세쿼이아,TB,127.030901194,37.471534532
"10373",7,13,3,은행나무,GB,127.011691097,37.512971958
"10374",8,14,2,메타세쿼이아,TB,127.034730079,37.473774652
"10375",9,16,5,양버즘나무,PTA,127.009132102,37.512686737
"10376",10,28,9,양버즘나무,PTA,127.004460765,37.489358566
"10377",10,23,10,양버즘나무,PTA,127.000654646,37.482036574
"10378",0,9,0,느티나무,ZS,127.035806268,37.484651578
"10379",7,24,3,은행나무,GB,126.995291596,37.480580448
"10380",8,12,2,양버즘나무,PTA,127.040222815,37.467882131
"10381",9,31,6,양버즘나무,PTA,127.010017869,37.486661789
"10382",8,36,8,칠엽수,AC,127.012433202,37.499765367
"10383",11,30,6,메타세쿼이아,TB,127.040810525,37.474808474
"10384",0,17,5,느티나무,ZS,127.038960865,37.478545817
"10385",7,27,6,느티나무,ZS,127.081919437,37.462258214
"10386",6,15,4,느티나무,ZS,127.016171432,37.484890682
"10387",0,7,0,느티나무,ZS,127.02237373,37.48306688
"10388",11,32,7,양버즘나무,PTA,126.982977569,37.494512995
"10389",8,29,6,느티나무,ZS,127.069705884,37.456546045
"10390",13,36,6,양버즘나무,PTA,127.022770113,37.490777535
"10391",7,26,5,양버즘나무,PTA,126.987707843,37.47792732
"10392",0,22,5,느티나무,ZS,127.038947068,37.478603246
"10393",13,46,9,튤립나무,LT,127.017020433,37.509909126
"10394",0,9,0,느티나무,ZS,127.02065159,37.48282214
"10395",8,31,6,느티나무,ZS,127.059112543,37.45765172
"10396",12,24,9,양버즘나무,PTA,126.999062934,37.489402646
"10397",4,15,8,느티나무,ZS,126.989122773,37.486214803
"10398",6,30,6,은행나무,GB,127.044542369,37.47585409
"10399",6,33,5,메타세쿼이아,TB,127.025445785,37.464900503
"10421",5,13,4,단풍나무,MP,126.99281062,37.487588473
"10400",8,28,5,양버즘나무,PTA,127.023131463,37.499422307
"10401",15,36,7,양버즘나무,PTA,127.019642748,37.495650242
"10402",11,26,6,양버즘나무,PTA,126.982217247,37.482951796
"10403",8,30,8,양버즘나무,PTA,127.015228645,37.494160436
"10404",13,33,8,양버즘나무,PTA,126.990357414,37.498064764
"10405",12,33,12,양버즘나무,PTA,127.004340847,37.48800983
"10406",8,30,5,양버즘나무,PTA,127.017512723,37.489333019
"10407",5,10,2,메타세쿼이아,TB,126.986920083,37.475725846
"10408",8,20,6,양버즘나무,PTA,127.037510217,37.481388234
"10409",5,31,8,느티나무,ZS,127.027690307,37.497198681
"10410",11,20,8,양버즘나무,PTA,127.023922956,37.482101791
"10411",11,23,5,양버즘나무,PTA,127.013559471,37.514865958
"10412",11,21,6,양버즘나무,PTA,127.020076174,37.513458339
"10413",9,25,5,양버즘나무,PTA,127.004807746,37.482699935
"10414",13,35,12,가중나무,AA,127.012297002,37.516159892
"10415",7,22,5,느티나무,ZS,127.082019703,37.461250053
"10416",8,32,12,양버즘나무,PTA,126.996818661,37.481095394
"10417",11,31,12,양버즘나무,PTA,127.021926041,37.509413515
"10418",10,25,10,양버즘나무,PTA,126.993814363,37.487258772
"10419",5,8,3,왕벚나무,PS,127.051371912,37.453374275
"10420",1,26,10,가중나무,AA,127.007690084,37.50951233
"10422",9,34,8,메타세쿼이아,TB,127.030460125,37.472349746
"10423",5,21,3,느티나무,ZS,127.045725395,37.462421625
"10424",6,11,3,은행나무,GB,127.066231891,37.43448389
"10425",7,20,5,은행나무,GB,127.027007514,37.471431257
"10426",6,12,2,메타세쿼이아,TB,126.997947555,37.473522356
"10427",12,20,8,가중나무,AA,127.00763813,37.510109246
"10428",13,39,12,가중나무,AA,127.011797394,37.518599301
"10429",11,20,7,양버즘나무,PTA,127.006192101,37.491245967
"10430",10,18,5,메타세쿼이아,TB,127.040926209,37.474941689
"10431",6,21,4,은행나무,GB,126.982084354,37.474552298
"10432",9,22,3,느티나무,ZS,127.077362161,37.45901529
"10433",5,38,12,양버즘나무,PTA,127.032055913,37.488194964
"10434",10,28,6,양버즘나무,PTA,127.006219413,37.491526593
"10435",12,30,12,가중나무,AA,127.007241867,37.514158857
"10436",8,17,7,양버즘나무,PTA,127.038460175,37.476022601
"10437",10,30,10,양버즘나무,PTA,126.991296596,37.491692484
"10438",0,17,5,느티나무,ZS,127.038897739,37.478659131
"10439",8,21,4,양버즘나무,PTA,126.994035072,37.480196046
"10440",6,17,5,은행나무,GB,127.044754958,37.477604711
"10441",0,18,4,느티나무,ZS,127.038377883,37.477309955
"10442",8,12,2,은행나무,GB,126.983216779,37.4966707
"10443",3,8,3,꽃사과,PRS,126.984669172,37.485588814
"10444",6,19,3,은행나무,GB,127.04650217,37.460254627
"10445",8,18,5,양버즘나무,PTA,127.020747375,37.486337773
"10446",7,21,4,은행나무,GB,127.02951078,37.472965103
"10447",11,30,8,양버즘나무,PTA,126.999459986,37.478956194
"10448",13,34,10,가중나무,AA,127.008772098,37.50802319
"10449",8,18,3,양버즘나무,PTA,127.014323391,37.484513309
"10450",7,29,6,양버즘나무,PTA,127.021758795,37.5019538
"10451",12,25,6,양버즘나무,PTA,127.009528013,37.483814478
"10452",12,41,7,양버즘나무,PTA,127.008768002,37.492308674
"10453",11,40,8,양버즘나무,PTA,127.008791432,37.489189065
"10454",9,24,10,양버즘나무,PTA,126.995723221,37.48465553
"10455",12,39,10,양버즘나무,PTA,127.000528734,37.505708493
"10456",8,24,4,양버즘나무,PTA,127.03177486,37.474495404
"10457",13,36,10,양버즘나무,PTA,127.021491189,37.510322314
"10458",8,39,6,양버즘나무,PTA,127.024875017,37.49537903
"10459",12,31,5,은행나무,GB,127.019848668,37.514349325
"10460",4,14,3,은행나무,GB,127.012597178,37.482123256
"10461",10,18,3,양버즘나무,PTA,127.017361495,37.500848996
"10462",12,29,7,양버즘나무,PTA,126.986302826,37.500789012
"10463",5,10,2,메타세쿼이아,TB,127.004914978,37.476414137
"10464",9,17,6,은행나무,GB,127.018101578,37.515580025
"10465",8,19,8,양버즘나무,PTA,127.017133263,37.494870999
"10466",6,20,4,느티나무,ZS,127.031422742,37.473143754
"10467",4,6,2,왕벚나무,PS,127.053357275,37.44968791
"10468",5,24,7,느티나무,ZS,126.98845082,37.480348363
"10469",8,32,6,양버즘나무,PTA,127.018764229,37.510467696
"10470",6,29,8,느티나무,ZS,127.013237426,37.457280866
"10471",6,13,3,은행나무,GB,126.982156551,37.480773278
"10472",10,18,4,양버즘나무,PTA,127.021524163,37.486356949
"10473",7,20,4,양버즘나무,PTA,127.041566316,37.467289098
"10474",6,13,4,은행나무,GB,126.987776556,37.460372308
"10475",10,12,4,은행나무,GB,127.007235427,37.492086345
"10476",5,14,3,은행나무,GB,127.056769523,37.446243873
"10477",4,18,2,은행나무,GB,127.029534607,37.493325159
"10478",6,18,4,느티나무,ZS,127.054405738,37.459484261
"10479",6,42,12,느티나무,ZS,127.017267187,37.458173318
"10480",13,24,6,가중나무,AA,127.008838418,37.515725847
"10481",9,29,5,양버즘나무,PTA,127.031085503,37.489483972
"10482",10,32,9,양버즘나무,PTA,126.999196391,37.47934692
"10483",9,26,4,양버즘나무,PTA,126.99188165,37.483041013
"10484",8,23,4,양버즘나무,PTA,127.013118877,37.513868298
"10485",4,40,6,양버즘나무,PTA,127.014101467,37.516311871
"10486",10,24,5,양버즘나무,PTA,126.998914723,37.479391919
"10487",10,33,12,양버즘나무,PTA,126.999158043,37.479018216
"10488",4,6,2,왕벚나무,PS,127.057295529,37.44556788
"10489",7,47,10,느티나무,ZS,127.012097469,37.479963714
"10490",7,22,6,은행나무,GB,127.046889342,37.473585483
"10491",6,17,4,은행나무,GB,126.987835811,37.461426397
"10492",10,25,5,양버즘나무,PTA,126.990502955,37.485177327
"10493",10,22,4,양버즘나무,PTA,127.03479744,37.475610801
"10494",12,37,10,양버즘나무,PTA,127.000064142,37.506719822
"10495",9,28,8,메타세쿼이아,TB,127.035310718,37.473878942
"10496",12,40,6,양버즘나무,PTA,126.999829533,37.504739142
"10497",13,37,10,양버즘나무,PTA,126.998409173,37.499963535
"10498",9,28,7,메타세쿼이아,TB,127.038188948,37.47540799
"10499",8,32,7,칠엽수,AC,127.010631748,37.504028636
"10500",12,29,6,양버즘나무,PTA,126.989417188,37.49465242
"10501",7,24,7,은행나무,GB,127.046600686,37.473990706
"10502",7,17,3,은행나무,GB,127.011479832,37.512870494
"10503",10,28,5,양버즘나무,PTA,127.005594392,37.482852725
"10504",7,25,12,양버즘나무,PTA,126.997141025,37.48119468
"10505",9,36,10,양버즘나무,PTA,127.030208967,37.492082288
"10506",9,18,6,양버즘나무,PTA,127.013627588,37.51465261
"10507",14,31,7,양버즘나무,PTA,127.018344244,37.495248517
"10508",15,42,6,양버즘나무,PTA,126.996920056,37.503867032
"10509",14,23,10,양버즘나무,PTA,127.037713529,37.480248456
"10510",6,23,3,메타세쿼이아,TB,127.020490181,37.460510447
"10511",5,15,3,느티나무,ZS,127.044457687,37.46401453
"10512",11,26,6,양버즘나무,PTA,126.985826027,37.490961298
"10513",8,29,10,양버즘나무,PTA,127.009706084,37.505756707
"10514",8,12,2,은행나무,GB,127.008272574,37.514849163
"10515",10,18,5,양버즘나무,PTA,127.019394719,37.485694453
"10516",12,30,8,양버즘나무,PTA,126.987408229,37.491674936
"10517",6,29,5,메타세쿼이아,TB,127.025620605,37.46505602
"10518",5,17,3,느티나무,ZS,127.046067583,37.468138486
"10519",5,8,3,왕벚나무,PS,127.052309397,37.45148258
"10520",8,24,6,양버즘나무,PTA,127.022899763,37.499521944
"10521",10,25,7,양버즘나무,PTA,127.040663204,37.467540445
"10522",9,21,5,은행나무,GB,127.010745737,37.510163554
"10523",7,21,5,양버즘나무,PTA,126.992547729,37.481991375
"10524",13,40,6,양버즘나무,PTA,126.983249598,37.490821703
"10525",13,37,10,양버즘나무,PTA,127.025334961,37.502261918
"10526",15,39,6,양버즘나무,PTA,127.004475247,37.498006118
"10527",8,30,5,양버즘나무,PTA,127.02487713,37.495788288
"10528",11,24,6,양버즘나무,PTA,127.03671121,37.482245669
"10529",12,28,6,양버즘나무,PTA,127.011364276,37.483838224
"10530",15,30,10,튤립나무,LT,126.998405767,37.504273583
"10531",9,20,3,양버즘나무,PTA,127.01347309,37.513956185
"10532",13,28,5,양버즘나무,PTA,127.005076957,37.490529829
"10533",15,24,5,양버즘나무,PTA,126.997906192,37.504121841
"10534",11,27,6,양버즘나무,PTA,126.998323784,37.480280613
"10535",10,28,4,양버즘나무,PTA,127.036637893,37.477090476
"10536",12,46,12,가중나무,AA,127.014607773,37.520062276
"10537",12,42,12,가중나무,AA,127.012807828,37.515859668
"10538",10,14,2,메타세쿼이아,TB,127.002294038,37.505537726
"10539",9,17,5,양버즘나무,PTA,127.015514727,37.519769187
"10540",8,20,8,양버즘나무,PTA,127.038871493,37.472921786
"10541",12,34,5,양버즘나무,PTA,127.003467374,37.501531998
"10542",12,41,6,양버즘나무,PTA,126.985409413,37.49091881
"10543",6,37,8,양버즘나무,PTA,127.01002888,37.487424613
"10544",6,12,2,메타세쿼이아,TB,126.99723426,37.473433372
"10545",11,29,6,양버즘나무,PTA,127.001530281,37.475350967
"10546",7,15,4,은행나무,GB,127.040452305,37.479349098
"10547",12,28,8,양버즘나무,PTA,127.015943963,37.494242479
"10548",12,29,6,양버즘나무,PTA,126.990062765,37.485685151
"10549",8,22,4,양버즘나무,PTA,127.035248924,37.463566083
"10550",7,15,4,은행나무,GB,126.995184445,37.493925277
"10551",11,34,5,가중나무,AA,127.0030428,37.508734237
"10552",6,21,5,느티나무,ZS,127.011234785,37.456652545
"10553",6,34,7,느티나무,ZS,127.022389595,37.460464391
"10554",3,12,2,꽃사과,PRS,126.983871976,37.485496666
"10555",4,13,3,은행나무,GB,127.012470719,37.481585387
"10556",6,15,4,은행나무,GB,127.048089808,37.469099208
"10557",7,32,10,양버즘나무,PTA,126.999585968,37.500433737
"10558",9,32,5,양버즘나무,PTA,127.028535592,37.492533839
"10559",7,29,5,은행나무,GB,127.027732917,37.471907884
"10560",8,25,6,느티나무,ZS,127.061517778,37.456675545
"10561",9,24,5,양버즘나무,PTA,127.003292181,37.482411871
"10562",8,20,4,느티나무,ZS,127.078342861,37.459794046
"10563",9,22,3,양버즘나무,PTA,127.01740197,37.485338532
"10564",6,25,5,느티나무,ZS,127.012315721,37.457409496
"10565",7,17,4,은행나무,GB,127.0500231,37.470947557
"10566",9,27,7,느티나무,ZS,127.074897702,37.45873093
"10567",8,11,2,메타세쿼이아,TB,127.041714313,37.475859444
"10568",4,10,2,회화나무,STJ,127.015627904,37.52007637
"10569",8,28,5,양버즘나무,PTA,127.016919012,37.489009566
"10570",9,13,5,은행나무,GB,126.992079004,37.4935145
"10571",8,29,10,느티나무,ZS,127.031312654,37.483838395
"10572",7,16,6,칠엽수,AC,127.013183216,37.495383527
"10573",4,35,12,가중나무,AA,127.013973889,37.519734063
"10574",6,19,4,은행나무,GB,127.04902544,37.456353404
"10575",12,42,5,양버즘나무,PTA,127.015187022,37.488628069
"10576",13,22,8,양버즘나무,PTA,127.024003058,37.482214043
"10577",7,13,2,은행나무,GB,127.027106827,37.471495338
"10578",14,37,6,양버즘나무,PTA,127.002113079,37.503456928
"10579",7,15,4,은행나무,GB,127.050926373,37.453990896
"10580",10,20,7,양버즘나무,PTA,127.014923187,37.51815866
"10581",10,28,8,양버즘나무,PTA,126.99752092,37.481868295
"10582",6,12,4,은행나무,GB,127.04617655,37.467719042
"10583",0,9,0,느티나무,ZS,127.014013043,37.48111551
"10584",8,26,7,메타세쿼이아,TB,127.043250722,37.477633887
"10585",7,21,3,은행나무,GB,126.982393025,37.473751486
"10586",14,25,6,양버즘나무,PTA,127.027453446,37.49752267
"10587",8,31,8,느티나무,ZS,127.081277447,37.460710486
"10588",14,33,6,양버즘나무,PTA,127.00228224,37.503249656
"10589",6,22,5,은행나무,GB,127.040742248,37.469150461
"10590",12,30,7,양버즘나무,PTA,127.006263934,37.491268036
"10591",7,11,4,은행나무,GB,127.01237549,37.513266044
"10592",4,10,2,은행나무,GB,127.013274802,37.502590734
"10593",15,32,7,양버즘나무,PTA,126.997530218,37.503762507
"10594",7,23,4,양버즘나무,PTA,127.036744137,37.476797103
"10595",7,21,5,양버즘나무,PTA,126.987687791,37.477676308
"10596",7,23,8,양버즘나무,PTA,127.033101072,37.469417351
"10597",10,30,6,양버즘나무,PTA,127.02888387,37.488813042
"10598",7,45,8,양버즘나무,PTA,127.009897522,37.487695312
"10599",12,23,10,양버즘나무,PTA,126.986101791,37.503439922
"10600",8,21,5,양버즘나무,PTA,126.993832786,37.480351681
"10601",9,27,4,양버즘나무,PTA,127.038681752,37.475818084
"10602",10,28,4,양버즘나무,PTA,127.035646298,37.476171059
"10603",12,33,10,양버즘나무,PTA,126.985567227,37.504443042
"10604",8,26,8,양버즘나무,PTA,127.014833514,37.494039151
"10605",7,27,6,양버즘나무,PTA,127.012367192,37.484189548
"10606",8,26,5,양버즘나무,PTA,127.029527092,37.492838296
"10607",4,6,2,왕벚나무,PS,127.052762849,37.450569509
"10608",3,17,2,은행나무,GB,127.029549509,37.49329617
"10609",10,23,8,양버즘나무,PTA,127.041272845,37.466912797
"10610",6,18,4,느티나무,ZS,127.039726357,37.469251057
"10611",12,31,10,양버즘나무,PTA,126.98647766,37.502299691
"10612",12,35,12,양버즘나무,PTA,127.011669638,37.498888896
"10613",8,20,5,느티나무,ZS,127.059578613,37.457505583
"10614",8,25,6,느티나무,ZS,127.082257668,37.462738516
"10615",13,42,10,가중나무,AA,127.015211096,37.520614596
"10616",10,28,6,양버즘나무,PTA,126.990481841,37.485207447
"10617",8,25,5,양버즘나무,PTA,127.026028404,37.493373305
"10618",8,15,4,느티나무,ZS,127.076251915,37.459064251
"10619",5,17,3,느티나무,ZS,126.991203704,37.487012764
"10620",11,43,8,양버즘나무,PTA,127.009638662,37.488235566
"10621",9,20,5,느티나무,ZS,127.073691068,37.45802987
"10622",9,27,6,메타세쿼이아,TB,127.035655313,37.474020209
"10623",8,25,5,메타세쿼이아,TB,127.029729268,37.469640112
"10624",7,23,5,은행나무,GB,127.04495314,37.477198934
"10625",9,30,3,양버즘나무,PTA,127.026509477,37.492374316
"10626",4,15,5,느티나무,ZS,127.010022706,37.512104791
"10627",6,32,8,느티나무,ZS,127.025092054,37.460362354
"10628",6,35,8,느티나무,ZS,127.025821477,37.460335469
"10629",9,32,8,양버즘나무,PTA,127.013368853,37.513495964
"10630",5,10,2,메타세쿼이아,TB,127.006258464,37.477395249
"10631",13,20,8,양버즘나무,PTA,127.023986071,37.482186308
"10632",10,32,8,메타세쿼이아,TB,127.035397446,37.473892774
"10633",4,18,1,느티나무,ZS,126.991333721,37.486896263
"10634",7,25,6,칠엽수,AC,127.012400537,37.499921112
"10635",10,44,7,양버즘나무,PTA,127.006862348,37.493156823
"10636",7,26,5,양버즘나무,PTA,127.013013681,37.510552884
"10637",9,24,10,양버즘나무,PTA,126.99137888,37.491568311
"10638",10,34,13,양버즘나무,PTA,127.023307796,37.506500533
"10639",11,12,1,양버즘나무,PTA,127.022806898,37.507553753
"10640",7,23,5,양버즘나무,PTA,126.990446832,37.479024682
"10641",8,36,5,양버즘나무,PTA,126.98687858,37.477203247
"10642",13,24,5,양버즘나무,PTA,127.029531042,37.485867687
"10643",6,26,8,느티나무,ZS,127.052471672,37.460314229
"10644",10,52,13,양버즘나무,PTA,127.02307405,37.506992079
"10645",12,29,10,양버즘나무,PTA,127.000322495,37.507132716
"10646",13,11,3,은행나무,GB,126.995893213,37.484397961
"10647",9,27,5,양버즘나무,PTA,127.025178454,37.494762556
"10648",9,40,8,양버즘나무,PTA,127.009540732,37.487646611
"10649",12,42,8,양버즘나무,PTA,127.011965477,37.48342817
"10650",14,19,8,양버즘나무,PTA,127.023567389,37.482812164
"10651",13,28,10,양버즘나무,PTA,127.025150341,37.502625839
"10652",14,33,10,양버즘나무,PTA,127.037091541,37.481206466
"10653",19,29,6,양버즘나무,PTA,127.036288251,37.482064862
"10654",5,10,2,메타세쿼이아,TB,127.005733524,37.477145501
"10655",9,24,3,가중나무,AA,127.0150507,37.514909295
"10656",11,33,6,양버즘나무,PTA,127.009548154,37.483614097
"10657",9,15,5,양버즘나무,PTA,127.009960333,37.512077231
"10658",9,29,5,양버즘나무,PTA,127.024731608,37.495690529
"10659",8,26,5,양버즘나무,PTA,127.015342815,37.486323343
"10660",8,26,5,양버즘나무,PTA,127.019320761,37.485900749
"10661",8,31,8,양버즘나무,PTA,127.038873542,37.473443554
"10662",14,26,4,양버즘나무,PTA,127.042357257,37.481437024
"10663",8,32,5,양버즘나무,PTA,127.025887101,37.49327287
"10710",5,15,3,느티나무,ZS,127.044738777,37.463757701
"10664",6,15,4,양버즘나무,PTA,127.042637224,37.4662949
"10665",7,32,8,양버즘나무,PTA,127.013387246,37.511557601
"10666",11,27,5,양버즘나무,PTA,126.990309758,37.485481195
"10667",7,14,2,은행나무,GB,127.039203844,37.463201141
"10668",7,20,2,양버즘나무,PTA,127.03390264,37.47509617
"10669",12,43,7,양버즘나무,PTA,127.011358867,37.493105881
"10670",10,41,12,가중나무,AA,127.003667724,37.50742566
"10671",10,24,6,양버즘나무,PTA,127.013481158,37.514570358
"10672",10,28,7,양버즘나무,PTA,127.016430206,37.509754171
"10673",8,21,4,양버즘나무,PTA,127.036207374,37.476588075
"10674",9,31,6,양버즘나무,PTA,127.039045283,37.470507695
"10675",15,37,7,양버즘나무,PTA,127.004348958,37.498268972
"10676",8,21,6,칠엽수,AC,127.0107746,37.504276438
"10677",13,28,10,양버즘나무,PTA,127.038276513,37.478810147
"10678",8,13,3,은행나무,GB,127.010893805,37.512590114
"10679",6,30,8,느티나무,ZS,127.016327693,37.484686577
"10680",11,27,5,양버즘나무,PTA,126.989951882,37.486044116
"10681",10,19,3,메타세쿼이아,TB,127.041605989,37.475730934
"10682",6,28,10,느티나무,ZS,127.011946608,37.456974502
"10683",15,39,7,양버즘나무,PTA,126.997830745,37.504101723
"10684",8,19,2,느티나무,ZS,127.062784921,37.456073678
"10685",8,21,4,느티나무,ZS,127.077129994,37.45935274
"10686",11,29,5,양버즘나무,PTA,126.98457812,37.498314516
"10687",9,32,8,양버즘나무,PTA,127.016182827,37.494453875
"10688",8,22,8,칠엽수,AC,127.011648239,37.501948814
"10689",7,39,5,느티나무,ZS,127.046932595,37.462879557
"10690",11,28,5,메타세쿼이아,TB,127.04175477,37.475903233
"10691",7,25,6,느티나무,ZS,127.07285757,37.457754854
"10692",8,55,12,느티나무,ZS,127.089761579,37.463386431
"10693",7,19,5,양버즘나무,PTA,127.013548587,37.511274154
"10694",8,31,9,느티나무,ZS,127.031422215,37.483357354
"10695",6,18,4,은행나무,GB,127.029391356,37.473089934
"10696",16,14,8,양버즘나무,PTA,127.024066421,37.482427201
"10697",6,33,10,느티나무,ZS,127.009576947,37.478662725
"10698",11,24,8,양버즘나무,PTA,126.982105298,37.481185243
"10699",5,15,2,느티나무,ZS,126.983100053,37.485376902
"10700",6,17,5,은행나무,GB,127.04650782,37.46850724
"10701",4,25,6,느티나무,ZS,126.989442578,37.48632078
"10702",4,6,2,왕벚나무,PS,127.052985864,37.44988075
"10703",5,11,4,칠엽수,AC,127.012033963,37.500333524
"10704",5,29,6,느티나무,ZS,127.069387161,37.4567971
"10705",7,10,2,은행나무,GB,127.038904784,37.458455264
"10706",7,11,2,은행나무,GB,127.036144607,37.461037354
"10707",5,17,3,느티나무,ZS,127.044780638,37.467200519
"10708",12,26,10,가중나무,AA,127.012371583,37.516116738
"10709",6,12,3,은행나무,GB,126.997092336,37.48217572
"10711",10,19,6,가중나무,AA,127.014666841,37.515092854
"10712",4,8,2,꽃사과,PRS,126.994626171,37.487803558
"10713",13,40,12,가중나무,AA,127.013771981,37.519870077
"10714",7,23,5,양버즘나무,PTA,127.013973769,37.484496882
"10715",5,8,2,메타세쿼이아,TB,126.999947305,37.474098345
"10716",13,41,10,양버즘나무,PTA,127.025412263,37.502110737
"10717",5,18,5,느티나무,ZS,126.99545641,37.473702294
"10718",9,29,5,양버즘나무,PTA,127.006654864,37.483056829
"10719",10,28,6,양버즘나무,PTA,126.987383984,37.489385952
"10720",9,25,5,양버즘나무,PTA,127.038973427,37.471356121
"10721",12,37,12,양버즘나무,PTA,127.029616714,37.493303353
"10722",8,20,4,양버즘나무,PTA,127.036268094,37.476630591
"10723",10,18,3,느티나무,ZS,127.027437075,37.483469242
"10724",8,34,8,양버즘나무,PTA,127.039259597,37.470068385
"10725",9,26,10,양버즘나무,PTA,126.991348292,37.49160918
"10726",12,44,8,양버즘나무,PTA,127.008886318,37.489003423
"10727",8,24,5,양버즘나무,PTA,127.031798881,37.470575655
"10728",13,25,6,양버즘나무,PTA,127.023750385,37.4872709
"10729",11,17,7,양버즘나무,PTA,127.004882141,37.490989124
"10730",14,32,7,양버즘나무,PTA,127.019351501,37.495280505
"10731",10,18,4,양버즘나무,PTA,127.022218237,37.486568263
"10732",7,16,4,은행나무,GB,127.046805748,37.468631223
"10733",8,23,4,느티나무,ZS,127.039384058,37.468844609
"10734",8,27,6,느티나무,ZS,127.082301681,37.462854861
"10735",4,18,7,양버즘나무,PTA,127.014333837,37.516589334
"10736",13,31,3,양버즘나무,PTA,127.029862242,37.484304232
"10737",10,26,10,양버즘나무,PTA,127.009450701,37.512053456
"10738",7,24,4,양버즘나무,PTA,127.013024933,37.513789387
"10739",13,28,6,양버즘나무,PTA,127.005073719,37.496797447
"10740",5,12,2,메타세쿼이아,TB,127.004674303,37.47663481
"10741",12,38,8,양버즘나무,PTA,127.020202775,37.495818515
"10742",13,14,4,은행나무,GB,126.995918645,37.484354361
"10743",11,18,6,양버즘나무,PTA,127.027556047,37.497486822
"10744",10,17,5,양버즘나무,PTA,127.038939826,37.476178337
"10745",10,14,4,양버즘나무,PTA,127.00919634,37.512620428
"10746",12,30,7,양버즘나무,PTA,127.005893058,37.491152628
"10747",11,24,7,양버즘나무,PTA,127.015286091,37.519566282
"10748",8,27,5,양버즘나무,PTA,126.989143638,37.478658867
"10749",11,27,6,느티나무,ZS,127.029652259,37.483743734
"10750",8,26,10,양버즘나무,PTA,126.99397495,37.487374754
"10751",13,35,12,가중나무,AA,127.011110094,37.517938864
"10752",6,32,5,느티나무,ZS,127.04542357,37.463768297
"10753",10,37,4,양버즘나무,PTA,127.001660472,37.505056748
"10754",6,24,4,양버즘나무,PTA,127.039982873,37.468885325
"10755",10,42,5,양버즘나무,PTA,127.013269882,37.508773649
"10756",6,20,5,양버즘나무,PTA,127.017806958,37.485180325
"10757",12,21,5,양버즘나무,PTA,127.00741055,37.51105361
"10758",8,16,4,양버즘나무,PTA,127.036152117,37.47655029
"10759",12,49,12,가중나무,AA,127.007469908,37.514381725
"10760",10,19,5,양버즘나무,PTA,127.019310856,37.485668396
"10761",5,22,5,느티나무,ZS,126.986549841,37.485984322
"10762",10,33,8,양버즘나무,PTA,126.998282105,37.480725265
"10763",15,38,8,양버즘나무,PTA,127.000013619,37.504515665
"10764",4,40,12,느티나무,ZS,127.086639432,37.462145469
"10765",9,36,8,느티나무,ZS,127.034801744,37.484289702
"10766",11,19,6,양버즘나무,PTA,126.992389248,37.489550722
"10767",9,28,5,양버즘나무,PTA,127.027307234,37.490699184
"10768",7,22,5,양버즘나무,PTA,126.993314262,37.480185126
"10769",5,10,2,메타세쿼이아,TB,126.999569976,37.474282043
"10770",9,29,8,느티나무,ZS,127.031491777,37.484002279
"10771",14,38,12,양버즘나무,PTA,127.032659945,37.486933548
"10772",4,38,7,양버즘나무,PTA,127.026759974,37.497824494
"10773",10,33,6,양버즘나무,PTA,126.989712918,37.486229676
"10774",11,36,7,양버즘나무,PTA,126.988807537,37.501828828
"10775",15,32,5,양버즘나무,PTA,127.001940782,37.503668045
"10776",12,46,12,양버즘나무,PTA,126.986436196,37.501816866
"10777",8,18,7,양버즘나무,PTA,127.038930247,37.47277739
"10778",6,22,5,양버즘나무,PTA,127.001558626,37.482266557
"10779",13,34,6,양버즘나무,PTA,126.995671042,37.503234921
"10780",12,48,8,양버즘나무,PTA,127.008163374,37.491279091
"10781",18,40,12,양버즘나무,PTA,127.032559438,37.48714147
"10782",10,23,4,양버즘나무,PTA,127.005110231,37.491185846
"10783",10,30,10,양버즘나무,PTA,127.009277354,37.511974045
"10784",13,28,7,양버즘나무,PTA,127.038239446,37.480269469
"10785",13,25,7,양버즘나무,PTA,127.014022112,37.516089929
"10786",9,33,10,양버즘나무,PTA,127.006304914,37.503095474
"10787",10,25,6,양버즘나무,PTA,126.988042601,37.491832778
"10788",11,18,6,양버즘나무,PTA,127.004138753,37.500440352
"10789",11,26,6,느티나무,ZS,127.0342205,37.484066438
"10790",8,27,4,양버즘나무,PTA,127.033088498,37.474966242
"10791",6,31,5,느티나무,ZS,127.024901941,37.503043634
"10792",9,23,7,양버즘나무,PTA,127.038400448,37.47603516
"10793",5,10,2,메타세쿼이아,TB,126.994689923,37.473480448
"10794",11,26,5,양버즘나무,PTA,127.005681351,37.496326034
"10795",10,36,8,양버즘나무,PTA,127.005926183,37.49583692
"10796",11,13,2,은행나무,GB,127.018355148,37.500483611
"10797",11,35,8,양버즘나무,PTA,127.03301866,37.469273441
"10798",5,27,6,느티나무,ZS,127.044459125,37.464056939
"10799",4,14,2,은행나무,GB,127.038137789,37.477751475
"10800",4,10,6,칠엽수,AC,127.012411165,37.498705858
"10801",6,18,4,느티나무,ZS,127.031478882,37.473079273
"10802",15,69,12,가중나무,AA,127.007406539,37.514000419
"10803",11,34,10,양버즘나무,PTA,127.006987186,37.483325424
"10804",5,40,10,양버즘나무,PTA,127.026730568,37.499324964
"10805",8,33,3,양버즘나무,PTA,127.038701755,37.471088584
"10806",13,44,12,가중나무,AA,127.012494649,37.518877187
"10807",7,23,5,양버즘나무,PTA,127.016053279,37.488743828
"10808",12,39,8,양버즘나무,PTA,127.017509565,37.4947451
"10809",6,21,3,은행나무,GB,127.025152354,37.469985897
"10810",12,19,6,양버즘나무,PTA,127.015409238,37.49408068
"10811",12,34,10,양버즘나무,PTA,127.000695758,37.506325735
"10812",17,31,8,양버즘나무,PTA,127.024038548,37.4825179
"10813",13,33,7,양버즘나무,PTA,127.023176531,37.496705816
"10814",9,26,5,양버즘나무,PTA,127.038877417,37.471624108
"10815",8,20,5,은행나무,GB,127.037275483,37.461314638
"10816",11,33,6,양버즘나무,PTA,126.988675319,37.492085184
"10817",10,35,8,양버즘나무,PTA,127.032605487,37.469713073
"10818",8,24,6,양버즘나무,PTA,127.038886225,37.477455807
"10819",9,21,6,양버즘나무,PTA,127.038920307,37.471889362
"10820",5,16,4,느티나무,ZS,127.041235223,37.467003799
"10821",10,26,10,양버즘나무,PTA,127.011193037,37.508240472
"10822",12,30,8,양버즘나무,PTA,127.012600188,37.509982712
"10823",8,29,5,양버즘나무,PTA,127.011661874,37.487565956
"10824",5,10,2,메타세쿼이아,TB,127.000820585,37.474457415
"10825",11,25,12,가중나무,AA,127.009649191,37.516508135
"10826",10,27,5,양버즘나무,PTA,126.999200952,37.481562358
"10827",11,21,6,양버즘나무,PTA,126.990089036,37.502097077
"10828",10,23,4,양버즘나무,PTA,127.041547125,37.480558345
"10829",9,24,4,양버즘나무,PTA,127.013168366,37.513240213
"10830",8,24,5,양버즘나무,PTA,126.989732251,37.478957431
"10831",8,26,7,양버즘나무,PTA,127.038458171,37.476133092
"10832",11,27,8,양버즘나무,PTA,127.015129734,37.502139377
"10833",11,25,6,양버즘나무,PTA,127.009300817,37.483566701
"10834",9,32,5,양버즘나무,PTA,126.991090976,37.484263036
"10835",18,36,10,양버즘나무,PTA,127.032687719,37.486874597
"10836",7,21,2,양버즘나무,PTA,127.033183592,37.474849246
"10837",7,22,5,느티나무,ZS,127.05133511,37.460615231
"10838",11,30,6,양버즘나무,PTA,127.013481345,37.511856396
"10839",6,26,6,느티나무,ZS,127.057037864,37.458354121
"10840",9,20,4,느티나무,ZS,127.077369824,37.459432
"10841",10,27,5,은행나무,GB,126.998437553,37.498431704
"10842",9,27,9,양버즘나무,PTA,127.000626072,37.477201761
"10843",4,12,4,느티나무,ZS,127.039815173,37.468346251
"10844",15,42,9,튤립나무,LT,126.9986622,37.504350919
"10845",7,26,7,은행나무,GB,127.044928057,37.472348309
"10846",7,14,4,양버즘나무,PTA,127.04182627,37.467048542
"10847",10,20,4,은행나무,GB,127.010740016,37.509795625
"10848",6,14,4,은행나무,GB,127.04475856,37.475637827
"10849",9,31,5,양버즘나무,PTA,127.025786428,37.493888006
"10850",11,26,8,양버즘나무,PTA,126.982062848,37.480354816
"10851",10,17,5,메타세쿼이아,TB,127.020192501,37.510870879
"10852",4,14,3,은행나무,GB,127.012741338,37.481038201
"10853",5,10,2,메타세쿼이아,TB,127.002204168,37.475117422
"10854",6,16,4,메타세쿼이아,TB,127.029602872,37.469738389
"10855",6,20,4,느티나무,ZS,127.038976699,37.472018995
"10856",0,22,5,느티나무,ZS,127.038937211,37.478639435
"10857",6,13,6,은행나무,GB,127.033760628,37.468475615
"10858",12,52,12,가중나무,AA,127.010747423,37.517584407
"10859",10,29,7,메타세쿼이아,TB,127.042426289,37.476680988
"10860",13,29,6,메타세쿼이아,TB,127.043952416,37.478098333
"10861",13,38,8,양버즘나무,PTA,127.022784268,37.482758903
"10862",12,32,8,양버즘나무,PTA,126.998208275,37.499883674
"10863",9,35,14,양버즘나무,PTA,127.031859599,37.488610656
"10864",12,40,10,양버즘나무,PTA,126.998930616,37.509098905
"10865",13,60,12,가중나무,AA,127.008159818,37.509149442
"10866",0,15,5,느티나무,ZS,127.038874056,37.478674095
"10867",8,17,4,느티나무,ZS,127.062165718,37.456338791
"10868",8,29,5,양버즘나무,PTA,127.017757846,37.489408188
"10869",6,17,5,느티나무,ZS,126.984125539,37.476406596
"10870",5,16,3,은행나무,GB,127.056455744,37.446532611
"10871",7,27,8,칠엽수,AC,127.012138297,37.501042519
"10872",7,12,2,은행나무,GB,126.996981616,37.503890347
"10873",6,25,4,느티나무,ZS,127.045954423,37.462243537
"10874",7,15,4,은행나무,GB,126.993893009,37.493745127
"10875",9,31,6,느티나무,ZS,127.076466562,37.45865031
"10876",9,16,4,양버즘나무,PTA,127.004079685,37.485178916
"10877",11,30,10,양버즘나무,PTA,126.985919915,37.503999694
"10878",8,34,4,양버즘나무,PTA,127.039249911,37.470086072
"10879",11,33,7,양버즘나무,PTA,127.013461224,37.512019933
"10880",12,39,8,양버즘나무,PTA,127.016546523,37.494701311
"10881",9,23,5,양버즘나무,PTA,127.012347504,37.509740136
"10882",13,20,8,양버즘나무,PTA,127.027581847,37.497407268
"10883",6,21,4,양버즘나무,PTA,127.039664853,37.469296705
"10884",12,24,10,양버즘나무,PTA,127.00086447,37.505972773
"10885",7,23,3,양버즘나무,PTA,127.03518769,37.475663708
"10886",8,14,2,메타세쿼이아,TB,127.020994009,37.511326401
"10887",12,39,12,양버즘나무,PTA,127.029484231,37.493584295
"10888",6,18,4,느티나무,ZS,127.03894315,37.472035482
"10889",8,25,5,양버즘나무,PTA,127.019466959,37.48594509
"10890",10,18,3,은행나무,GB,126.998131905,37.480563155
"10891",15,39,5,양버즘나무,PTA,126.998432028,37.504316174
"10892",7,21,4,은행나무,GB,127.046050827,37.47612708
"10893",8,23,5,느티나무,ZS,127.053901849,37.459511706
"10894",12,32,6,양버즘나무,PTA,126.988619844,37.495527513
"10895",13,31,10,양버즘나무,PTA,126.999361759,37.508222639
"10896",5,17,2,느티나무,ZS,126.992765847,37.487280658
"10897",10,12,2,양버즘나무,PTA,127.02574332,37.501422161
"10898",12,36,7,양버즘나무,PTA,127.012854195,37.493573293
"10899",11,36,12,양버즘나무,PTA,126.986267975,37.502339998
"10900",4,22,7,느티나무,ZS,127.086221975,37.462007214
"10901",12,26,6,양버즘나무,PTA,126.988105536,37.491949478
"10902",8,19,4,은행나무,GB,126.982175739,37.474266509
"10903",12,37,8,양버즘나무,PTA,127.017743424,37.495065856
"10904",12,27,6,양버즘나무,PTA,126.989029329,37.495253397
"10905",10,23,8,양버즘나무,PTA,127.000931783,37.476278459
"10906",10,12,1,은행나무,GB,127.007224628,37.491868124
"10907",7,27,7,양버즘나무,PTA,127.014037838,37.490972612
"10908",8,16,2,은행나무,GB,127.02577275,37.501359998
"10909",12,38,6,양버즘나무,PTA,126.982814549,37.489976735
"10910",7,26,8,양버즘나무,PTA,127.025075603,37.497177863
"10911",12,34,10,양버즘나무,PTA,126.985694041,37.504707776
"10912",13,33,6,양버즘나무,PTA,127.009806372,37.507851499
"10913",8,18,3,양버즘나무,PTA,127.018215196,37.485554234
"10914",7,17,4,양버즘나무,PTA,127.041512869,37.467338521
"10915",11,35,6,양버즘나무,PTA,127.018249192,37.510029662
"10916",7,31,5,양버즘나무,PTA,127.016985509,37.489025061
"10917",3,10,3,칠엽수,AC,127.010855321,37.503614742
"10918",9,27,4,가중나무,AA,127.003138863,37.508530057
"10919",11,19,8,양버즘나무,PTA,126.993099956,37.488774629
"10920",5,16,3,느티나무,ZS,126.986297742,37.485806361
"10921",11,30,6,양버즘나무,PTA,126.990312686,37.502143847
"10922",13,30,12,가중나무,AA,127.010746784,37.516875096
"10923",10,30,6,메타세쿼이아,TB,127.029522183,37.469642935
"10924",13,15,4,은행나무,GB,127.041491456,37.484831769
"10925",12,36,12,양버즘나무,PTA,127.004431828,37.48857473
"10926",15,37,8,튤립나무,LT,126.993248643,37.502813652
"10927",9,24,8,양버즘나무,PTA,127.039153896,37.470325404
"10928",9,20,5,양버즘나무,PTA,127.015216889,37.48651837
"10929",7,26,6,은행나무,GB,127.044706654,37.47156471
"10930",7,30,8,느티나무,ZS,127.050701781,37.461307705
"10931",7,16,3,은행나무,GB,127.035377534,37.460038946
"10932",6,20,4,느티나무,ZS,127.039787519,37.46927471
"10933",7,32,5,양버즘나무,PTA,127.013257803,37.487898969
"10934",10,35,12,양버즘나무,PTA,126.99652611,37.481228647
"10935",7,31,5,양버즘나무,PTA,127.018276822,37.489566337
"10936",5,38,6,양버즘나무,PTA,127.01435658,37.490670056
"10937",8,18,6,느티나무,ZS,127.063291031,37.455670343
"10938",12,37,12,양버즘나무,PTA,127.011405565,37.498853899
"10939",9,34,8,메타세쿼이아,TB,127.037129721,37.474877008
"10940",11,37,7,양버즘나무,PTA,127.013454773,37.512073509
"10941",10,35,7,메타세쿼이아,TB,127.030712304,37.471738719
"10942",8,27,5,양버즘나무,PTA,127.011904502,37.499026104
"10943",9,18,4,양버즘나무,PTA,126.991723948,37.483287599
"10944",5,10,2,메타세쿼이아,TB,126.996345664,37.473678877
"10945",12,42,12,가중나무,AA,127.007511347,37.510356939
"10946",9,31,8,메타세쿼이아,TB,127.030162873,37.472564255
"10947",6,21,4,은행나무,GB,127.050335898,37.455001645
"10948",11,32,8,은행나무,GB,127.012619155,37.4932213
"10949",10,39,6,양버즘나무,PTA,127.009984507,37.486734649
"10950",10,25,10,양버즘나무,PTA,127.011183054,37.508178438
"10951",7,27,6,느티나무,ZS,127.048084947,37.462010009
"10952",8,32,12,양버즘나무,PTA,127.010059654,37.512119519
"10953",10,26,8,양버즘나무,PTA,127.032445812,37.469884046
"10954",11,24,5,은행나무,GB,126.982039403,37.479918818
"10955",12,23,6,양버즘나무,PTA,126.989878959,37.485977206
"10956",8,18,5,은행나무,GB,127.038389098,37.462415957
"10957",8,13,3,은행나무,GB,126.983059141,37.472323568
"10958",14,33,8,가중나무,AA,127.013614087,37.515024093
"10959",12,33,12,양버즘나무,PTA,127.020021213,37.513741601
"10960",5,10,2,메타세쿼이아,TB,127.004608766,37.476268936
"10961",11,33,10,양버즘나무,PTA,127.008809038,37.511744605
"10962",10,29,12,양버즘나무,PTA,127.011600961,37.498879539
"10963",10,23,5,양버즘나무,PTA,127.015699277,37.488785584
"10964",11,19,6,양버즘나무,PTA,126.989347753,37.492351745
"10965",11,27,7,양버즘나무,PTA,127.006448327,37.491324599
"10966",8,26,5,양버즘나무,PTA,127.02708772,37.491161828
"10967",9,21,7,양버즘나무,PTA,127.014780796,37.517833035
"10968",13,29,8,양버즘나무,PTA,127.037984652,37.479728718
"10969",14,24,8,양버즘나무,PTA,127.037488063,37.480754447
"10970",12,35,6,양버즘나무,PTA,127.007153206,37.506597357
"10971",12,27,10,양버즘나무,PTA,126.998876256,37.509206745
"10972",9,29,5,양버즘나무,PTA,127.018290735,37.489421095
"10973",9,18,4,양버즘나무,PTA,127.005321395,37.481185045
"10974",9,38,8,양버즘나무,PTA,127.010239308,37.48620438
"10975",11,34,7,양버즘나무,PTA,127.012277085,37.493386053
"10976",5,10,2,메타세쿼이아,TB,126.987152079,37.475372685
"10977",12,40,10,튤립나무,LT,127.000369689,37.504866173
"10978",10,23,4,양버즘나무,PTA,127.014072883,37.515861521
"10979",8,29,8,양버즘나무,PTA,127.026473903,37.497607484
"10980",13,34,12,가중나무,AA,127.00300028,37.509157503
"10981",8,19,5,양버즘나무,PTA,127.015753763,37.484999465
"10982",8,36,6,양버즘나무,PTA,127.004226209,37.505796299
"10983",10,21,6,은행나무,GB,126.998353265,37.497079705
"10984",8,23,7,회화나무,STJ,127.010347914,37.503417358
"10985",4,6,2,왕벚나무,PS,127.056557918,37.446598761
"10986",5,17,4,느티나무,ZS,126.99239687,37.487410171
"10987",12,27,10,양버즘나무,PTA,126.985860945,37.504178413
"10988",7,33,5,양버즘나무,PTA,126.990930061,37.479190383
"10989",5,10,2,메타세쿼이아,TB,127.006262192,37.477056716
"10990",14,23,4,양버즘나무,PTA,127.022425802,37.486851383
"10991",10,32,10,양버즘나무,PTA,127.009041936,37.511857353
"10992",8,34,7,느티나무,ZS,127.047147332,37.462401349
"10993",5,17,5,느티나무,ZS,127.001926726,37.504194182
"10994",6,17,1,메타세쿼이아,TB,127.018796727,37.51045095
"10995",4,12,2,은행나무,GB,127.022535842,37.483115577
"10996",9,34,8,양버즘나무,PTA,127.013412157,37.511390458
"10997",8,27,5,은행나무,GB,127.029199878,37.492739074
"10998",6,24,6,느티나무,ZS,126.983513027,37.476508536
"10999",8,22,5,느티나무,ZS,127.076084308,37.458811645
"11000",12,28,8,가중나무,AA,127.006697763,37.511363838
"11001",9,20,10,가중나무,AA,127.007961157,37.514862321
"11002",9,35,5,양버즘나무,PTA,127.026198031,37.492628307
"11003",6,27,5,칠엽수,AC,127.013055923,37.497012427
"11004",11,22,6,양버즘나무,PTA,127.010526276,37.483805134
"11005",6,15,3,은행나무,GB,126.988393027,37.463664842
"11006",0,9,0,느티나무,ZS,127.00855252,37.478555972
"11007",9,29,5,느티나무,ZS,127.078750162,37.459928203
"11008",8,12,3,은행나무,GB,127.010815474,37.512495599
"11009",14,29,7,양버즘나무,PTA,127.01863287,37.495087337
"11010",5,15,2,느티나무,ZS,127.048533472,37.469929843
"11011",6,12,2,메타세쿼이아,TB,126.997489226,37.473459285
"11012",9,28,10,양버즘나무,PTA,126.997037594,37.482624013
"11013",10,30,12,느티나무,ZS,127.030937623,37.48392572
"11014",8,20,3,양버즘나무,PTA,127.01738602,37.501065913
"11015",10,20,7,양버즘나무,PTA,127.038939699,37.475932019
"11016",9,26,6,양버즘나무,PTA,127.037227019,37.48172479
"11017",15,18,4,양버즘나무,PTA,127.023517344,37.481489932
"11018",10,22,12,양버즘나무,PTA,127.003961297,37.484562515
"11019",8,21,8,양버즘나무,PTA,127.038621456,37.470474303
"11020",9,22,3,양버즘나무,PTA,127.014798608,37.48481235
"11021",11,38,6,양버즘나무,PTA,126.98785588,37.489106448
"11022",6,17,3,은행나무,GB,127.045451986,37.467189396
"11023",7,19,6,은행나무,GB,127.044496555,37.471595043
"11024",6,24,3,은행나무,GB,127.024995107,37.469816937
"11025",8,32,6,양버즘나무,PTA,126.983057642,37.496173018
"11026",13,38,12,가중나무,AA,127.009378687,37.516251467
"11027",5,21,4,느티나무,ZS,127.043331171,37.465102768
"11028",8,20,6,양버즘나무,PTA,127.03865073,37.469679525
"11029",11,38,11,양버즘나무,PTA,126.996855258,37.499345064
"11030",7,17,4,은행나무,GB,127.035136445,37.460358009
"11031",13,34,6,양버즘나무,PTA,126.989065619,37.48723072
"11032",5,21,5,양버즘나무,PTA,127.016413931,37.485164192
"11033",6,32,6,느티나무,ZS,127.046045097,37.463346105
"11034",9,23,5,양버즘나무,PTA,127.025919736,37.493600959
"11035",14,23,6,느티나무,ZS,127.02937272,37.483705193
"11036",6,18,5,느티나무,ZS,127.051657957,37.460663053
"11037",13,21,5,은행나무,GB,127.042189801,37.483293559
"11038",9,26,5,양버즘나무,PTA,127.027451921,37.490396419
"11039",11,32,6,양버즘나무,PTA,126.988079293,37.48876488
"11040",7,24,4,양버즘나무,PTA,127.032528819,37.470034864
"11041",15,35,6,양버즘나무,PTA,127.003992582,37.499158491
"11042",11,25,6,양버즘나무,PTA,127.005683814,37.506563643
"11043",7,19,6,느티나무,ZS,127.01124135,37.512955526
"11044",7,12,3,은행나무,GB,127.047247381,37.468492373
"11045",10,25,7,은행나무,GB,126.997989882,37.49547704
"11046",9,31,8,메타세쿼이아,TB,127.030563248,37.472248209
"11047",12,25,6,양버즘나무,PTA,126.988180021,37.491982225
"11048",9,24,6,느티나무,ZS,127.062263002,37.455925048
"11049",8,25,5,메타세쿼이아,TB,127.029546739,37.469429003
"11050",5,8,2,메타세쿼이아,TB,127.005784872,37.47682864
"11051",10,21,6,메타세쿼이아,TB,127.029718254,37.469875275
"11052",0,9,0,느티나무,ZS,127.022438452,37.483075235
"11053",5,11,3,왕벚나무,PS,127.035638363,37.478061094
"11054",6,18,6,은행나무,GB,127.046717376,37.475479423
"11055",17,22,8,양버즘나무,PTA,127.023047506,37.482749721
"11056",13,33,5,양버즘나무,PTA,127.003912594,37.501651081
"11057",6,26,5,메타세쿼이아,TB,127.026625897,37.465981334
"11058",4,41,12,느티나무,ZS,127.08443584,37.461424503
"11059",11,34,8,양버즘나무,PTA,127.012080062,37.483189737
"11060",9,28,9,양버즘나무,PTA,127.006493434,37.478389642
"11061",0,9,0,느티나무,ZS,127.01710185,37.482024037
"11062",9,27,6,메타세쿼이아,TB,127.03676319,37.474639612
"11063",12,40,7,메타세쿼이아,TB,127.041652814,37.475441211
"11064",10,28,5,양버즘나무,PTA,127.031924341,37.470445756
"11065",5,20,4,양버즘나무,PTA,127.017132288,37.483889981
"11066",7,28,6,칠엽수,AC,127.013474006,37.495276692
"11067",9,29,8,양버즘나무,PTA,127.011988742,37.48427202
"11068",13,35,6,가중나무,AA,127.002776199,37.509292529
"11069",8,34,8,양버즘나무,PTA,127.036878717,37.468793363
"11070",7,21,7,은행나무,GB,127.043988661,37.47325652
"11071",8,21,6,느티나무,ZS,127.060036326,37.457254739
"11072",8,28,5,느티나무,ZS,127.076088028,37.459009816
"11073",6,25,5,양버즘나무,PTA,126.988029263,37.47783847
"11074",8,24,6,메타세쿼이아,TB,127.022772255,37.499842285
"11075",6,13,3,은행나무,GB,127.029076941,37.472898706
"11076",8,25,8,양버즘나무,PTA,127.038652869,37.470369314
"11077",10,17,4,양버즘나무,PTA,127.021419233,37.486545281
"11078",6,11,3,은행나무,GB,127.052460701,37.4508761
"11079",8,22,4,느티나무,ZS,127.080462386,37.460174214
"11080",9,23,6,느티나무,ZS,127.075885689,37.458462311
"11081",5,23,5,느티나무,ZS,126.988234734,37.486182134
"11082",3,27,6,은행나무,GB,127.026425493,37.49997321
"11083",9,26,6,은행나무,GB,127.017614179,37.515429454
"11084",6,33,8,느티나무,ZS,127.0114532,37.456772162
"11085",4,6,2,왕벚나무,PS,127.05579987,37.447300765
"11086",11,29,10,양버즘나무,PTA,126.993490046,37.488150245
"11087",7,23,4,메타세쿼이아,TB,127.029643241,37.46978487
"11088",8,34,3,양버즘나무,PTA,127.038745001,37.470832335
"11089",7,38,7,양버즘나무,PTA,127.01036842,37.486727657
"11090",9,29,5,양버즘나무,PTA,127.025201803,37.49510757
"11091",5,19,5,양버즘나무,PTA,127.016835821,37.48501747
"11092",8,18,5,양버즘나무,PTA,127.004013192,37.48255263
"11093",10,23,3,양버즘나무,PTA,126.998463472,37.480071795
"11094",16,31,12,양버즘나무,PTA,127.032357286,37.487564795
"11095",4,20,1,양버즘나무,PTA,126.997559904,37.481242705
"11096",11,26,4,양버즘나무,PTA,126.98652696,37.501537417
"11097",7,18,3,양버즘나무,PTA,127.036231117,37.476418696
"11098",8,22,7,양버즘나무,PTA,127.038925431,37.472542538
"11099",12,30,6,양버즘나무,PTA,127.009225428,37.483755744
"11100",15,22,6,양버즘나무,PTA,127.000498253,37.504694313
"11101",15,17,4,양버즘나무,PTA,127.023474365,37.486958484
"11102",10,35,12,양버즘나무,PTA,126.994622337,37.486004302
"11103",12,41,13,은행나무,GB,127.022023977,37.509209609
"11104",10,42,13,양버즘나무,PTA,127.023435923,37.506231319
"11105",10,28,5,양버즘나무,PTA,127.028433905,37.488394845
"11106",10,30,5,양버즘나무,PTA,127.007179147,37.483154454
"11107",8,11,2,은행나무,GB,127.012263497,37.513403981
"11108",12,40,12,양버즘나무,PTA,127.029014331,37.494556177
"11109",6,29,8,양버즘나무,PTA,127.011261773,37.508708956
"11110",9,25,5,양버즘나무,PTA,127.015372511,37.486744308
"11111",10,30,8,양버즘나무,PTA,127.032896089,37.46940936
"11112",15,30,8,양버즘나무,PTA,127.037887009,37.480066443
"11113",7,28,6,양버즘나무,PTA,127.013308837,37.512201387
"11114",8,27,6,느티나무,ZS,127.082367215,37.463132294
"11115",9,26,5,양버즘나무,PTA,127.005278987,37.480889796
"11116",13,29,4,양버즘나무,PTA,127.037918265,37.480443328
"11117",10,17,3,양버즘나무,PTA,127.0117045,37.512889751
"11118",12,33,10,양버즘나무,PTA,126.985798767,37.504352385
"11119",11,23,7,양버즘나무,PTA,126.998259188,37.480374221
"11120",10,24,3,양버즘나무,PTA,127.037232343,37.481762332
"11121",8,18,5,양버즘나무,PTA,127.014638188,37.487706538
"11122",9,41,12,양버즘나무,PTA,127.030523378,37.491401495
"11123",5,10,2,메타세쿼이아,TB,126.992732656,37.473840211
"11146",7,12,2,은행나무,GB,127.048498438,37.45683961
"11124",8,22,7,양버즘나무,PTA,127.038411058,37.476912001
"11125",8,24,8,양버즘나무,PTA,127.038439158,37.47162621
"11126",11,22,5,양버즘나무,PTA,126.991410909,37.502375533
"11127",8,27,6,느티나무,ZS,127.082404924,37.463550938
"11128",4,19,1,은행나무,GB,126.995927588,37.480815166
"11129",15,18,4,양버즘나무,PTA,127.025945159,37.48771114
"11130",4,22,7,양버즘나무,PTA,127.014361726,37.516667785
"11131",6,30,8,칠엽수,AC,127.01261406,37.497804859
"11132",6,23,6,칠엽수,AC,127.012732475,37.497285271
"11133",8,19,6,느티나무,ZS,127.060237753,37.457232579
"11134",11,35,8,양버즘나무,PTA,127.008843279,37.48987275
"11135",10,26,5,양버즘나무,PTA,127.004600596,37.482295841
"11136",8,25,7,양버즘나무,PTA,127.038925781,37.47293518
"11137",12,30,6,양버즘나무,PTA,126.983195642,37.496610235
"11138",7,22,8,양버즘나무,PTA,127.00983547,37.50551221
"11139",11,31,6,양버즘나무,PTA,126.984066916,37.49095462
"11140",7,26,6,느티나무,ZS,127.048335043,37.46190205
"11141",8,30,4,양버즘나무,PTA,127.035051198,37.463501727
"11142",9,18,6,느티나무,ZS,127.067370263,37.455922958
"11143",13,38,8,양버즘나무,PTA,127.00717357,37.493299879
"11144",8,31,5,양버즘나무,PTA,127.019669498,37.489839014
"11145",7,36,8,양버즘나무,PTA,127.023065327,37.496561728
"11147",5,32,5,메타세쿼이아,TB,127.014192295,37.516565235
"11148",8,24,6,메타세쿼이아,TB,127.022566608,37.500253888
"11149",5,8,3,왕벚나무,PS,127.052138266,37.451825757
"11150",8,25,4,메타세쿼이아,TB,127.028921152,37.468707957
"11151",13,32,12,가중나무,AA,127.008770649,37.515328718
"11152",13,38,6,양버즘나무,PTA,126.995127922,37.503085394
"11153",12,35,10,양버즘나무,PTA,126.999657756,37.508561809
"11154",7,10,2,은행나무,GB,127.037627983,37.462085228
"11155",12,11,2,은행나무,GB,126.983012095,37.495618702
"11156",4,12,4,은행나무,GB,127.026962451,37.471574738
"11157",7,16,3,은행나무,GB,127.030456254,37.48929213
"11158",9,32,8,느티나무,ZS,127.034898541,37.484440867
"11159",11,28,9,양버즘나무,PTA,126.992560277,37.48926505
"11160",8,25,3,양버즘나무,PTA,127.029771653,37.484751101
"11161",12,40,10,양버즘나무,PTA,127.000152812,37.506520777
"11162",8,27,8,양버즘나무,PTA,127.038447812,37.472134605
"11163",10,23,5,양버즘나무,PTA,127.007467827,37.483209848
"11164",3,16,2,은행나무,GB,127.029612098,37.493165952
"11165",0,9,0,느티나무,ZS,127.014256881,37.481188258
"11166",8,24,5,은행나무,GB,127.011241807,37.509246232
"11167",6,24,4,느티나무,ZS,127.039860179,37.46830224
"11168",8,26,9,양버즘나무,PTA,126.994051267,37.487253969
"11169",11,32,8,양버즘나무,PTA,127.001120045,37.47598811
"11170",9,18,6,은행나무,GB,126.998111786,37.496004641
"11171",9,27,10,양버즘나무,PTA,127.000026798,37.477676404
"11172",7,20,5,은행나무,GB,127.0448845,37.472390421
"11173",12,34,12,가중나무,AA,127.007529229,37.514439716
"11174",8,22,4,메타세쿼이아,TB,127.029684535,37.469833888
"11175",7,25,5,느티나무,ZS,127.054880933,37.459465515
"11176",12,29,5,양버즘나무,PTA,127.004723406,37.489286318
"11177",11,39,6,가중나무,AA,127.01286791,37.515661095
"11178",17,36,4,양버즘나무,PTA,127.038227663,37.479833581
"11179",7,22,4,메타세쿼이아,TB,127.028572585,37.46829578
"11180",6,12,3,은행나무,GB,126.988229363,37.465870343
"11181",6,13,2,은행나무,GB,127.044413979,37.466399255
"11182",3,8,2,단풍나무,MP,126.984700327,37.485806176
"11183",10,27,6,양버즘나무,PTA,126.987482833,37.489872314
"11184",7,13,2,은행나무,GB,127.038214889,37.459076757
"11185",4,14,2,은행나무,GB,127.022043471,37.483045657
"11186",8,28,5,양버즘나무,PTA,127.021404955,37.502707352
"11187",6,38,8,느티나무,ZS,127.024089227,37.4603993
"11188",7,26,4,은행나무,GB,127.043823264,37.473559444
"11189",10,25,5,양버즘나무,PTA,126.988112902,37.488899042
"11190",8,23,5,양버즘나무,PTA,127.011108239,37.487395809
"11191",10,23,12,양버즘나무,PTA,127.004370529,37.488189262
"11192",8,21,7,양버즘나무,PTA,127.038925736,37.472883807
"11193",7,19,4,양버즘나무,PTA,127.037666367,37.477487305
"11194",12,25,6,양버즘나무,PTA,127.015750951,37.501580294
"11195",5,15,3,은행나무,GB,127.017353875,37.485079781
"11196",8,20,8,양버즘나무,PTA,127.038873234,37.473144676
"11197",8,15,3,느티나무,ZS,127.046363474,37.462676409
"11198",16,31,7,은행나무,GB,127.018062898,37.482441969
"11199",6,15,2,느티나무,ZS,127.042568587,37.465105765
"11200",11,27,5,양버즘나무,PTA,127.010923688,37.487188836
"11201",12,42,10,양버즘나무,PTA,127.000215858,37.506384322
"11202",13,36,10,느티나무,ZS,127.031774774,37.48253291
"11203",6,15,3,은행나무,GB,127.043654771,37.476677606
"11204",12,21,5,양버즘나무,PTA,127.008833355,37.483478092
"11205",7,23,5,양버즘나무,PTA,126.986307568,37.476199508
"11206",10,33,6,양버즘나무,PTA,127.026145526,37.497374228
"11207",10,27,4,양버즘나무,PTA,127.004443992,37.487511636
"11208",12,23,6,양버즘나무,PTA,127.035938152,37.482415461
"11209",9,33,8,느티나무,ZS,127.057961327,37.457774414
"11210",7,19,5,은행나무,GB,127.048880708,37.470123941
"11211",8,30,6,양버즘나무,PTA,127.022858034,37.499613441
"11212",7,30,4,느티나무,ZS,127.05119355,37.461051236
"11213",5,10,2,메타세쿼이아,TB,126.986686321,37.475501881
"11214",2,13,3,은행나무,GB,127.028670703,37.495146722
"11215",8,23,4,양버즘나무,PTA,127.032536862,37.474778575
"11216",12,40,10,양버즘나무,PTA,126.999061574,37.508829419
"11217",9,30,8,양버즘나무,PTA,127.039401927,37.469640133
"11218",10,18,10,양버즘나무,PTA,127.011232085,37.508532512
"11219",12,24,6,양버즘나무,PTA,126.989918628,37.501830252
"11220",10,35,8,양버즘나무,PTA,127.013279449,37.512420326
"11221",7,27,8,느티나무,ZS,127.071264372,37.457433338
"11222",8,34,8,느티나무,ZS,127.011931816,37.479878501
"11223",5,27,5,느티나무,ZS,126.985070567,37.475875267
"11224",8,16,3,양버즘나무,PTA,127.026790236,37.491786969
"11225",6,20,6,느티나무,ZS,127.019319889,37.460019283
"11226",0,9,0,느티나무,ZS,127.007514775,37.478033724
"11227",5,13,4,은행나무,GB,127.024809271,37.470984491
"11228",8,27,3,은행나무,GB,126.986969785,37.50148186
"11229",16,25,5,메타세쿼이아,TB,127.043568029,37.477905311
"11230",6,18,4,은행나무,GB,126.988096451,37.46238023
"11231",7,23,5,은행나무,GB,127.043626577,37.47386793
"11232",4,12,3,은행나무,GB,127.012261179,37.482018849
"11233",7,12,4,은행나무,GB,126.996048322,37.494057159
"11234",12,22,8,양버즘나무,PTA,126.999117462,37.489253759
"11235",7,13,3,은행나무,GB,127.041065954,37.47228709
"11236",7,16,4,은행나무,GB,126.992604587,37.493558827
"11237",6,15,3,은행나무,GB,127.052660303,37.450487997
"11238",13,54,12,가중나무,AA,127.012107603,37.518573984
"11239",5,19,4,느티나무,ZS,127.044830135,37.467243093
"11240",8,26,10,양버즘나무,PTA,127.007623035,37.510988457
"11241",12,32,8,가중나무,AA,127.009847614,37.516707517
"11242",7,15,3,양버즘나무,PTA,127.013022897,37.513734047
"11243",10,27,7,양버즘나무,PTA,127.013553743,37.510988565
"11244",8,21,5,양버즘나무,PTA,127.01970445,37.48601738
"11245",12,30,6,가중나무,AA,127.005459387,37.512102746
"11246",11,21,10,양버즘나무,PTA,127.013317758,37.502803736
"11247",11,26,6,양버즘나무,PTA,126.989966268,37.493801792
"11248",12,29,7,양버즘나무,PTA,126.989643467,37.501772578
"11249",12,28,6,양버즘나무,PTA,126.991269143,37.502113623
"11250",12,17,3,은행나무,GB,126.990207699,37.493062629
"11251",11,41,13,양버즘나무,PTA,127.023495206,37.506106822
"11252",13,33,12,가중나무,AA,127.006557437,37.51317025
"11253",12,46,12,가중나무,AA,127.010998442,37.516896263
"11254",5,17,3,느티나무,ZS,127.047762527,37.469364636
"11255",12,27,6,양버즘나무,PTA,126.9893072,37.494466777
"11256",5,24,3,메타세쿼이아,TB,127.028291341,37.467999882
"11257",5,10,2,메타세쿼이아,TB,127.006138379,37.477334006
"11258",14,17,8,양버즘나무,PTA,127.023809342,37.481974256
"11259",10,26,6,메타세쿼이아,TB,127.031281595,37.471357946
"11260",10,24,3,양버즘나무,PTA,127.013975719,37.515590419
"11261",6,29,6,메타세쿼이아,TB,127.024515059,37.463834464
"11262",8,24,5,양버즘나무,PTA,127.014179187,37.491676014
"11263",11,27,8,양버즘나무,PTA,127.035050296,37.484341803
"11264",8,15,6,양버즘나무,PTA,127.023368567,37.498524586
"11265",10,23,6,양버즘나무,PTA,127.038960085,37.477343432
"11266",12,32,10,양버즘나무,PTA,126.999719521,37.507478359
"11267",10,24,4,양버즘나무,PTA,127.015075882,37.51857429
"11268",8,21,5,양버즘나무,PTA,127.025851968,37.487896044
"11269",8,16,3,느티나무,ZS,127.038463527,37.477044194
"11270",10,33,3,양버즘나무,PTA,127.038672858,37.476512937
"11271",8,18,3,양버즘나무,PTA,127.023975417,37.504189277
"11272",12,33,6,양버즘나무,PTA,126.983010756,37.495557884
"11273",7,24,10,양버즘나무,PTA,127.00846492,37.503941873
"11274",10,25,5,양버즘나무,PTA,127.023874334,37.497501161
"11275",8,27,8,칠엽수,AC,127.012008242,37.500446044
"11276",12,30,4,양버즘나무,PTA,127.04040154,37.479308787
"11277",12,32,8,가중나무,AA,127.00347593,37.508153353
"11278",7,14,6,양버즘나무,PTA,127.033789924,37.468683443
"11279",7,13,2,은행나무,GB,127.051932102,37.451994996
"11280",7,25,6,은행나무,GB,127.028872792,37.472602942
"11281",10,33,8,양버즘나무,PTA,126.999782517,37.478469664
"11282",8,39,5,양버즘나무,PTA,127.02369378,37.491211865
"11283",8,13,4,은행나무,GB,126.98442243,37.470157939
"11284",5,10,2,은행나무,GB,127.00525018,37.502669841
"11285",11,26,7,양버즘나무,PTA,127.014954933,37.518656343
"11286",8,24,4,양버즘나무,PTA,127.034835667,37.463915502
"11287",6,29,8,느티나무,ZS,126.987555774,37.485953013
"11288",7,19,5,은행나무,GB,127.046301541,37.472225946
"11289",9,28,8,느티나무,ZS,127.073820388,37.458374412
"11290",9,24,5,느티나무,ZS,127.076226957,37.458575632
"11291",9,28,5,양버즘나무,PTA,127.005805695,37.482895402
"11292",10,28,8,은행나무,GB,127.010518876,37.510211095
"11293",11,36,10,양버즘나무,PTA,126.985883911,37.504065657
"11294",5,10,2,메타세쿼이아,TB,126.989441828,37.474723982
"11295",10,31,8,느티나무,ZS,127.031629094,37.482390503
"11296",6,11,2,은행나무,GB,127.052589725,37.450631374
"11297",12,34,12,양버즘나무,PTA,127.011996956,37.498932621
"11298",5,10,2,메타세쿼이아,TB,126.990809813,37.474342212
"11299",9,18,4,은행나무,GB,127.017021567,37.515242449
"11300",6,27,6,메타세쿼이아,TB,127.022815282,37.462465596
"11301",3,20,4,느티나무,ZS,127.026330064,37.500039501
"11302",9,24,3,양버즘나무,PTA,127.006785964,37.477765048
"11303",9,21,8,양버즘나무,PTA,127.014098619,37.502408983
"11304",8,16,2,은행나무,GB,127.038418648,37.458730387
"11305",5,10,2,메타세쿼이아,TB,127.006910947,37.477379165
"11306",7,32,7,은행나무,GB,127.042968276,37.473537883
"11307",4,14,2,느티나무,ZS,126.984739839,37.485773928
"11308",10,21,4,양버즘나무,PTA,127.007832803,37.483280668
"11309",9,32,5,양버즘나무,PTA,127.005557298,37.480699375
"11310",9,12,2,은행나무,GB,127.025284237,37.495023531
"11311",8,30,9,느티나무,ZS,127.031680059,37.482956759
"11312",5,10,2,메타세쿼이아,TB,126.988960171,37.475149813
"11313",8,35,8,양버즘나무,PTA,127.037654503,37.46923087
"11314",6,22,3,은행나무,GB,126.982135473,37.47439168
"11315",11,43,10,양버즘나무,PTA,126.995751574,37.498904933
"11316",5,14,3,은행나무,GB,127.024753961,37.469707335
"11317",6,15,4,은행나무,GB,126.98786737,37.460136364
"11318",10,23,10,양버즘나무,PTA,127.009392617,37.512025471
"11319",9,38,8,양버즘나무,PTA,127.010473631,37.485725599
"11320",11,26,5,양버즘나무,PTA,127.010916103,37.484088475
"11321",12,16,6,양버즘나무,PTA,127.007604085,37.491533638
"11322",10,17,5,느티나무,ZS,127.041079109,37.467090675
"11323",9,20,6,양버즘나무,PTA,127.014256519,37.489707942
"11324",10,28,5,양버즘나무,PTA,126.989079904,37.487398855
"11325",11,35,10,양버즘나무,PTA,126.991773548,37.490547207
"11326",11,32,7,양버즘나무,PTA,126.988524614,37.50177344
"11327",12,36,3,양버즘나무,PTA,127.03795054,37.480389221
"11328",8,20,3,양버즘나무,PTA,127.012946642,37.513698135
"11329",9,31,6,양버즘나무,PTA,127.038882385,37.476833927
"11330",8,24,5,양버즘나무,PTA,126.99287631,37.481304249
"11331",10,25,8,양버즘나무,PTA,127.041945925,37.466281878
"11332",7,21,4,양버즘나무,PTA,127.035692919,37.476017454
"11333",9,29,9,양버즘나무,PTA,127.000728713,37.477042439
"11334",7,33,12,양버즘나무,PTA,126.996507568,37.483082965
"11335",13,35,13,양버즘나무,PTA,127.019464872,37.515605216
"11336",7,26,5,양버즘나무,PTA,127.013961357,37.492984929
"11337",11,32,6,양버즘나무,PTA,126.991082844,37.502302003
"11338",11,19,5,양버즘나무,PTA,126.989915209,37.486096323
"11339",12,34,8,양버즘나무,PTA,127.008420601,37.489963886
"11340",9,18,5,양버즘나무,PTA,127.021409084,37.490365599
"11341",9,20,8,양버즘나무,PTA,127.039365864,37.469709992
"11342",11,24,10,양버즘나무,PTA,126.99954646,37.47841449
"11343",11,22,8,양버즘나무,PTA,127.005526755,37.483045628
"11344",13,27,12,가중나무,AA,127.007415191,37.514328764
"11345",9,34,5,양버즘나무,PTA,127.026336447,37.49200972
"11390",10,27,7,튤립나무,LT,127.008515567,37.507133232
"11346",8,17,6,양버즘나무,PTA,127.027902837,37.488515239
"11347",11,31,10,양버즘나무,PTA,126.992843553,37.488807997
"11348",12,28,5,양버즘나무,PTA,127.004707541,37.489181452
"11349",12,40,12,양버즘나무,PTA,127.028899837,37.494812362
"11350",10,31,6,양버즘나무,PTA,127.024540014,37.496104829
"11351",10,33,10,양버즘나무,PTA,127.040739154,37.468035796
"11352",9,30,5,양버즘나무,PTA,127.019020107,37.489792714
"11353",9,14,4,양버즘나무,PTA,127.039214199,37.470037863
"11354",7,26,6,양버즘나무,PTA,127.021736758,37.502001251
"11355",7,28,2,양버즘나무,PTA,127.032815026,37.469730491
"11356",15,24,6,양버즘나무,PTA,127.036182094,37.482222707
"11357",9,19,5,양버즘나무,PTA,127.023829133,37.497599466
"11358",8,32,5,양버즘나무,PTA,126.987017034,37.477320567
"11359",7,22,6,은행나무,GB,127.042758189,37.47444962
"11360",10,29,8,양버즘나무,PTA,126.982155237,37.481862281
"11361",12,30,6,양버즘나무,PTA,127.008322897,37.507365983
"11362",12,32,6,메타세쿼이아,TB,127.041931857,37.475866646
"11363",14,20,6,은행나무,GB,127.042643516,37.482280747
"11364",10,21,8,양버즘나무,PTA,127.032321101,37.470021872
"11365",9,24,5,양버즘나무,PTA,127.028472832,37.487862377
"11366",6,12,3,은행나무,GB,127.064625135,37.436047459
"11367",7,30,4,양버즘나무,PTA,127.034035784,37.468414931
"11368",13,26,7,양버즘나무,PTA,127.038794166,37.478641058
"11369",12,33,8,양버즘나무,PTA,127.004974473,37.482938847
"11370",6,29,8,느티나무,ZS,127.010807107,37.456745821
"11371",7,22,6,은행나무,GB,127.043086282,37.473522474
"11372",7,10,2,은행나무,GB,127.037703449,37.462131437
"11373",10,22,5,양버즘나무,PTA,127.006159111,37.482960675
"11374",4,31,10,느티나무,ZS,127.087637644,37.462476086
"11375",10,19,5,양버즘나무,PTA,127.0281516,37.48894246
"11376",13,34,5,양버즘나무,PTA,127.004030217,37.501010356
"11377",7,46,10,느티나무,ZS,127.012397018,37.480075579
"11378",4,9,2,회화나무,STJ,127.015690517,37.520253104
"11379",14,27,6,양버즘나무,PTA,127.036875523,37.482086877
"11380",11,33,7,양버즘나무,PTA,126.989388033,37.492369062
"11381",8,13,2,은행나무,GB,127.010819114,37.512717332
"11382",7,20,6,은행나무,GB,127.045597502,37.46775375
"11383",9,27,6,은행나무,GB,126.998336122,37.496810377
"11384",13,25,7,양버즘나무,PTA,127.038560505,37.47976279
"11385",5,25,8,느티나무,ZS,127.003353742,37.492267025
"11386",11,24,6,양버즘나무,PTA,127.010072137,37.483717697
"11387",6,12,4,은행나무,GB,126.998286688,37.498015406
"11388",12,35,8,가중나무,AA,127.008129117,37.508689123
"11389",5,10,2,메타세쿼이아,TB,126.992270632,37.473948314
"11391",9,23,5,양버즘나무,PTA,127.024458897,37.496665704
"11392",6,30,8,느티나무,ZS,127.003872737,37.491758398
"11393",8,27,4,양버즘나무,PTA,127.032798557,37.474867345
"11394",3,9,4,단풍나무,MP,127.010863002,37.493352035
"11395",6,26,8,느티나무,ZS,127.004081041,37.491479684
"11396",7,40,10,양버즘나무,PTA,127.010173469,37.487237955
"11397",9,21,8,회화나무,STJ,127.010681204,37.502864182
"11398",5,10,2,메타세쿼이아,TB,126.995807629,37.473690386
"11399",6,19,4,느티나무,ZS,127.016346152,37.48473144
"11400",14,21,8,양버즘나무,PTA,127.022869714,37.482743493
"11401",4,9,2,은행나무,GB,127.024670184,37.469456029
"11402",10,27,10,양버즘나무,PTA,126.998805665,37.479561103
"11403",6,12,2,은행나무,GB,127.065081137,37.435618433
"11404",4,6,2,왕벚나무,PS,127.057160105,37.446023681
"11405",6,12,3,은행나무,GB,127.065549516,37.435162633
"11406",11,25,6,양버즘나무,PTA,126.98515592,37.490838368
"11407",8,21,7,양버즘나무,PTA,127.038409471,37.4769858
"11408",12,35,7,메타세쿼이아,TB,127.030139877,37.470510234
"11409",9,37,10,양버즘나무,PTA,127.012202641,37.513133374
"11410",8,24,5,양버즘나무,PTA,127.031286076,37.489344729
"11411",6,25,5,양버즘나무,PTA,127.0026561,37.482497927
"11412",11,31,5,양버즘나무,PTA,127.028684122,37.487423612
"11413",9,29,9,양버즘나무,PTA,126.99632012,37.483729528
"11414",6,20,8,회화나무,STJ,127.010784414,37.485861554
"11415",10,26,6,양버즘나무,PTA,127.005074093,37.481314001
"11416",12,19,8,양버즘나무,PTA,127.023901866,37.482079699
"11417",8,26,7,양버즘나무,PTA,127.03888099,37.476343883
"11418",9,28,5,양버즘나무,PTA,127.006483535,37.493923794
"11419",12,26,3,양버즘나무,PTA,126.989510519,37.494154626
"11420",8,21,5,양버즘나무,PTA,127.025943807,37.491740282
"11421",15,27,6,튤립나무,LT,126.99333384,37.502837415
"11422",9,29,4,양버즘나무,PTA,127.004277373,37.48643797
"11423",8,19,8,양버즘나무,PTA,127.038872823,37.472743112
"11424",10,38,10,양버즘나무,PTA,127.009101107,37.511884702
"11425",10,29,4,양버즘나무,PTA,126.98721023,37.490631107
"11426",7,23,5,양버즘나무,PTA,127.001482616,37.482247339
"11427",10,25,4,양버즘나무,PTA,127.00659998,37.478147665
"11428",7,15,4,은행나무,GB,127.035419114,37.460492583
"11429",10,25,8,양버즘나무,PTA,127.042332229,37.465928572
"11430",13,19,5,양버즘나무,PTA,127.025331506,37.487736939
"11431",8,26,4,양버즘나무,PTA,127.031021088,37.474068795
"11432",11,29,6,양버즘나무,PTA,127.010157792,37.483736311
"11433",0,8,0,느티나무,ZS,127.040348772,37.485281984
"11434",16,24,8,양버즘나무,PTA,127.023697448,37.482797018
"11435",17,21,8,양버즘나무,PTA,127.023208401,37.482772038
"11436",5,13,2,은행나무,GB,127.024018815,37.471701029
"11437",12,25,8,양버즘나무,PTA,127.037429017,37.480846264
"11438",8,29,6,느티나무,ZS,127.071866658,37.457634372
"11439",6,13,2,은행나무,GB,127.048411087,37.456780383
"11440",13,22,7,양버즘나무,PTA,127.038666951,37.479208116
"11441",8,11,3,은행나무,GB,126.982946616,37.493440513
"11442",13,35,10,양버즘나무,PTA,126.987603158,37.498121262
"11443",10,26,5,양버즘나무,PTA,127.005650017,37.48286362
"11444",9,32,10,양버즘나무,PTA,127.000110338,37.4775481
"11445",12,15,6,양버즘나무,PTA,127.007919975,37.511299081
"11446",9,19,5,양버즘나무,PTA,127.001586708,37.48205582
"11447",10,27,8,양버즘나무,PTA,126.998583092,37.480275872
"11448",8,30,10,양버즘나무,PTA,127.01056154,37.512299258
"11449",13,18,8,양버즘나무,PTA,127.023479044,37.482807811
"11450",5,17,5,양버즘나무,PTA,127.016368856,37.485172412
"11451",10,27,6,양버즘나무,PTA,127.036367296,37.482574382
"11452",10,29,5,양버즘나무,PTA,127.020878897,37.490354579
"11453",17,32,7,양버즘나무,PTA,127.037439725,37.480710766
"11454",12,27,5,은행나무,GB,127.019827223,37.514422182
"11455",7,27,4,양버즘나무,PTA,127.03240136,37.474580615
"11456",7,35,8,메타세쿼이아,TB,127.029999794,37.472491564
"11457",12,30,6,양버즘나무,PTA,126.98942419,37.494287197
"11458",6,17,4,느티나무,ZS,127.031542054,37.473014784
"11459",12,35,7,양버즘나무,PTA,127.008912977,37.489735299
"11460",5,10,2,메타세쿼이아,TB,126.99667963,37.473686711
"11461",8,15,4,은행나무,GB,126.992975316,37.493698908
"11462",7,15,3,은행나무,GB,127.014076502,37.490757161
"11463",12,36,2,양버즘나무,PTA,126.991609877,37.502185082
"11464",11,41,10,양버즘나무,PTA,127.000612478,37.476772322
"11465",6,33,8,양버즘나무,PTA,127.014288082,37.491047036
"11466",6,26,7,느티나무,ZS,127.012446294,37.457127032
"11467",7,23,6,양버즘나무,PTA,127.031949936,37.470653674
"11468",9,15,4,느티나무,ZS,127.06546756,37.45557257
"11469",8,21,4,은행나무,GB,127.009740514,37.483859035
"11470",8,8,2,은행나무,GB,127.038623535,37.458558121
"11471",4,6,2,왕벚나무,PS,127.052491192,37.451097224
"11472",10,21,5,양버즘나무,PTA,126.99042407,37.485306359
"11473",4,25,5,양버즘나무,PTA,127.014501148,37.517063706
"11474",9,25,4,느티나무,ZS,127.080668158,37.460033272
"11475",9,21,5,양버즘나무,PTA,127.022617907,37.490883127
"11522",9,21,6,은행나무,GB,126.998067189,37.49581195
"11476",13,56,12,가중나무,AA,127.004382121,37.511048432
"11477",7,16,5,칠엽수,AC,126.995142455,37.48053467
"11478",6,23,6,칠엽수,AC,127.01327176,37.495008022
"11479",11,30,5,메타세쿼이아,TB,127.040264811,37.474177107
"11480",13,49,12,가중나무,AA,127.011144474,37.51797674
"11481",7,12,2,은행나무,GB,126.986640903,37.468199893
"11482",8,26,8,양버즘나무,PTA,127.009870131,37.51204341
"11483",8,17,5,은행나무,GB,126.998416351,37.498174035
"11484",8,33,4,메타세쿼이아,TB,127.028513479,37.468169318
"11485",9,32,9,느티나무,ZS,127.031660344,37.483054651
"11486",7,12,4,은행나무,GB,127.039861921,37.478728311
"11487",6,33,7,메타세쿼이아,TB,127.027696518,37.466789571
"11488",10,23,5,양버즘나무,PTA,127.027920682,37.489010012
"11489",8,19,3,은행나무,GB,127.038865685,37.458348929
"11490",8,30,5,양버즘나무,PTA,127.031039753,37.489267945
"11491",13,34,12,가중나무,AA,127.011047432,37.516703314
"11492",8,21,6,메타세쿼이아,TB,127.022353679,37.500697954
"11493",9,28,5,양버즘나무,PTA,127.006462571,37.478830011
"11494",13,20,6,양버즘나무,PTA,127.036622994,37.482329736
"11495",11,25,7,양버즘나무,PTA,126.998294762,37.480323005
"11496",10,26,10,양버즘나무,PTA,127.040918732,37.467870632
"11497",10,24,7,양버즘나무,PTA,127.040426672,37.467762134
"11498",10,21,5,양버즘나무,PTA,127.002449137,37.482243147
"11499",12,27,8,양버즘나무,PTA,127.015157493,37.494139096
"11500",10,28,5,양버즘나무,PTA,127.028662223,37.487468994
"11501",5,17,5,느티나무,ZS,127.045355914,37.463285915
"11502",6,24,5,메타세쿼이아,TB,127.021198932,37.461441528
"11503",9,28,5,양버즘나무,PTA,127.003603026,37.482471774
"11504",9,30,5,양버즘나무,PTA,127.013944688,37.484650042
"11505",6,26,5,메타세쿼이아,TB,127.022776334,37.462627631
"11506",9,33,12,양버즘나무,PTA,126.999858322,37.481830808
"11507",6,11,3,은행나무,GB,127.066172943,37.434533439
"11508",12,26,5,양버즘나무,PTA,127.004930522,37.490231882
"11509",8,18,4,은행나무,GB,126.98447691,37.470092697
"11510",7,26,6,은행나무,GB,127.04144982,37.472443903
"11511",7,16,4,느티나무,ZS,127.010172282,37.512457062
"11512",7,13,4,느티나무,ZS,127.038992338,37.469414362
"11513",5,10,2,메타세쿼이아,TB,127.001270058,37.474671419
"11514",5,10,2,메타세쿼이아,TB,126.9964827,37.473680696
"11515",5,22,7,느티나무,ZS,127.004307336,37.491063973
"11516",6,20,6,느티나무,ZS,127.019008159,37.459858924
"11517",6,30,8,느티나무,ZS,127.025899717,37.460059538
"11518",10,17,6,양버즘나무,PTA,127.038950125,37.476869308
"11519",10,20,4,은행나무,GB,127.010409204,37.510418228
"11520",7,18,6,은행나무,GB,127.050273567,37.471113364
"11521",7,15,2,은행나무,GB,126.98399714,37.470712994
"11523",9,25,4,양버즘나무,PTA,127.003890591,37.485109295
"11524",7,15,4,은행나무,GB,126.993364364,37.493668938
"11525",8,30,4,양버즘나무,PTA,127.034317083,37.465302856
"11526",4,26,7,느티나무,ZS,127.067639279,37.456225447
"11527",6,17,4,은행나무,GB,127.057271717,37.445883311
"11528",5,14,3,느티나무,ZS,126.985114173,37.485671299
"11529",4,6,2,왕벚나무,PS,127.05649583,37.44665453
"11530",7,21,6,은행나무,GB,127.042009103,37.475184862
"11531",8,22,6,메타세쿼이아,TB,127.036160251,37.474162631
"11532",4,13,3,회화나무,STJ,127.017173789,37.520424496
"11533",10,27,6,양버즘나무,PTA,127.018536026,37.510397624
"11534",9,23,6,양버즘나무,PTA,127.038884162,37.477623376
"11535",0,9,0,느티나무,ZS,127.027747536,37.483813657
"11536",8,26,4,은행나무,GB,127.038205589,37.462511099
"11537",13,30,12,가중나무,AA,127.014026294,37.519756201
"11538",6,15,5,은행나무,GB,127.049298862,37.470435057
"11539",9,19,5,느티나무,ZS,127.007430504,37.477990624
"11540",10,32,5,양버즘나무,PTA,127.028777126,37.487227481
"11541",14,25,8,양버즘나무,PTA,127.036797036,37.481623546
"11542",8,25,5,메타세쿼이아,TB,127.029759891,37.469939992
"11543",0,9,0,느티나무,ZS,127.028101845,37.483861627
"11544",5,10,2,메타세쿼이아,TB,126.998512242,37.473952674
"11545",11,26,7,메타세쿼이아,TB,127.042824446,37.47714364
"11546",6,41,8,느티나무,ZS,127.026075743,37.460052947
"11547",5,19,4,느티나무,ZS,127.043255616,37.466095588
"11548",6,18,4,느티나무,ZS,127.00224084,37.503820364
"11549",13,32,10,양버즘나무,PTA,126.989302601,37.498087225
"11550",8,25,5,느티나무,ZS,127.075996638,37.458780771
"11551",6,27,5,메타세쿼이아,TB,127.023747018,37.463189929
"11552",10,37,10,양버즘나무,PTA,126.991970351,37.490602333
"11553",12,25,5,양버즘나무,PTA,127.004681932,37.489011846
"11554",4,6,2,왕벚나무,PS,127.056219468,37.446754787
"11555",9,21,6,은행나무,GB,127.010795776,37.493126134
"11556",10,28,12,양버즘나무,PTA,126.995466376,37.484692586
"11557",7,17,5,은행나무,GB,127.005117439,37.509789551
"11558",0,9,0,느티나무,ZS,127.022195831,37.482760076
"11559",9,32,5,양버즘나무,PTA,127.02755486,37.490186193
"11560",7,13,2,은행나무,GB,127.038170838,37.459116363
"11561",6,26,6,칠엽수,AC,127.013458432,37.495342155
"11562",6,13,3,양버즘나무,PTA,127.028922999,37.488622214
"11563",15,31,6,양버즘나무,PTA,127.003721985,37.500494951
"11564",9,24,3,양버즘나무,PTA,127.016190334,37.485414212
"11565",7,20,8,회화나무,STJ,127.011461006,37.484465323
"11566",12,30,6,양버즘나무,PTA,126.998057526,37.488944847
"11567",4,13,2,메타세쿼이아,TB,127.018508902,37.482436939
"11568",9,25,4,양버즘나무,PTA,127.004235788,37.486174044
"11569",10,23,8,양버즘나무,PTA,127.042184511,37.466063205
"11570",9,24,5,양버즘나무,PTA,127.028008712,37.489234842
"11571",10,22,5,양버즘나무,PTA,127.020076072,37.485910196
"11572",4,22,4,양버즘나무,PTA,127.014092035,37.515915268
"11573",8,21,7,양버즘나무,PTA,127.038459547,37.476076448
"11574",8,19,6,양버즘나무,PTA,127.038949754,37.476630407
"11575",10,32,8,양버즘나무,PTA,126.99240254,37.482044767
"11576",10,29,8,양버즘나무,PTA,126.99960096,37.47874692
"11577",9,21,5,양버즘나무,PTA,127.015688482,37.486242109
"11578",4,22,5,느티나무,ZS,126.98428771,37.475979974
"11579",13,39,10,양버즘나무,PTA,126.990117755,37.498068703
"11580",11,27,6,양버즘나무,PTA,126.984316903,37.490811342
"11581",8,25,6,느티나무,ZS,127.082395881,37.463830872
"11582",13,27,3,양버즘나무,PTA,127.037980958,37.480325903
"11583",10,25,7,양버즘나무,PTA,127.038926616,37.475454287
"11584",10,17,7,양버즘나무,PTA,127.006212575,37.478955782
"11585",12,28,6,양버즘나무,PTA,126.987996535,37.496498964
"11586",13,21,5,양버즘나무,PTA,127.004001046,37.500946933
"11587",11,38,6,양버즘나무,PTA,126.989811452,37.502039003
"11588",7,33,8,칠엽수,AC,127.011990889,37.501709017
"11589",6,13,3,은행나무,GB,127.052749774,37.4503465
"11590",6,22,4,느티나무,ZS,127.045843316,37.462549015
"11591",5,13,4,은행나무,GB,127.025171966,37.470173126
"11592",12,33,12,가중나무,AA,127.006777437,37.513704173
"11593",14,20,6,양버즘나무,PTA,127.037921061,37.480821973
"11594",9,27,4,느티나무,ZS,127.081342961,37.460179971
"11595",11,42,10,양버즘나무,PTA,126.999526056,37.507888979
"11596",12,37,8,양버즘나무,PTA,127.009709076,37.492328591
"11597",8,22,8,양버즘나무,PTA,127.038452049,37.473086565
"11598",6,23,10,느티나무,ZS,127.01717634,37.458104131
"11599",10,29,10,양버즘나무,PTA,126.994742409,37.486182414
"11600",11,25,7,양버즘나무,PTA,127.009138551,37.492424285
"11601",10,25,7,양버즘나무,PTA,127.015551546,37.519859957
"11602",7,19,3,양버즘나무,PTA,127.032806149,37.474718627
"11603",13,30,3,양버즘나무,PTA,127.041406178,37.480093513
"11604",13,35,10,양버즘나무,PTA,127.025274798,37.502388004
"11605",10,26,4,양버즘나무,PTA,127.000218595,37.481709446
"11606",8,18,5,양버즘나무,PTA,127.025663224,37.487837392
"11607",12,32,10,가중나무,AA,127.011742461,37.516471925
"11608",18,38,9,양버즘나무,PTA,127.033365643,37.485440962
"11609",15,35,7,메타세쿼이아,TB,127.043514458,37.477867827
"11610",10,22,6,양버즘나무,PTA,127.036324031,37.48261546
"11611",12,47,12,양버즘나무,PTA,127.029064876,37.494451458
"11612",7,24,4,양버즘나무,PTA,127.030114125,37.492262754
"11613",11,36,7,양버즘나무,PTA,127.00875801,37.492032672
"11614",12,46,12,가중나무,AA,127.008021132,37.514920949
"11615",10,33,9,양버즘나무,PTA,126.994874267,37.498552585
"11616",11,26,5,양버즘나무,PTA,127.029103815,37.486547382
"11617",11,38,8,양버즘나무,PTA,127.009029,37.492116475
"11618",10,30,10,느티나무,ZS,127.031638888,37.482346032
"11619",5,18,4,느티나무,ZS,127.044535151,37.467025511
"11620",10,18,4,은행나무,GB,127.003653986,37.482458482
"11621",12,25,12,가중나무,AA,127.008161056,37.514737061
"11622",7,30,5,양버즘나무,PTA,127.012489558,37.487660105
"11623",12,33,12,가중나무,AA,127.006382827,37.513319732
"11624",6,18,4,느티나무,ZS,126.993580354,37.487489026
"11625",8,24,6,양버즘나무,PTA,127.021609282,37.502271531
"11626",8,10,2,은행나무,GB,127.025319215,37.494953257
"11627",7,15,3,은행나무,GB,126.987466357,37.497325153
"11628",13,36,12,가중나무,AA,127.00306502,37.509020873
"11629",6,13,3,메타세쿼이아,TB,126.99762432,37.473476416
"11630",10,26,7,양버즘나무,PTA,127.016257294,37.501321534
"11631",9,15,3,느티나무,ZS,127.06273893,37.455911117
"11632",10,31,6,메타세쿼이아,TB,127.042330062,37.476573316
"11633",7,18,3,은행나무,GB,126.987703948,37.497319053
"11634",9,31,4,양버즘나무,PTA,127.035006679,37.46754617
"11635",6,25,5,칠엽수,AC,127.01303067,37.497132097
"11658",6,13,5,은행나무,GB,127.051561547,37.452998237
"11636",10,27,10,양버즘나무,PTA,127.038301138,37.478710369
"11637",10,30,8,느티나무,ZS,127.032571083,37.484484612
"11638",7,15,5,은행나무,GB,127.036023239,37.460441504
"11639",10,23,8,양버즘나무,PTA,127.001057139,37.476087387
"11640",8,14,2,은행나무,GB,127.010136131,37.512387747
"11641",17,28,6,양버즘나무,PTA,127.036186096,37.482164767
"11642",4,6,2,왕벚나무,PS,127.053009233,37.450171084
"11643",5,36,10,느티나무,ZS,127.030853003,37.484244826
"11644",10,21,5,양버즘나무,PTA,127.000529324,37.48178607
"11645",8,19,4,느티나무,ZS,127.039826538,37.468257093
"11646",12,30,10,양버즘나무,PTA,127.038366396,37.478301185
"11647",6,20,3,은행나무,GB,127.041509471,37.469795402
"11648",7,15,6,은행나무,GB,127.027569629,37.471799465
"11649",6,10,2,은행나무,GB,127.047500016,37.45793456
"11650",9,36,7,느티나무,ZS,127.071788737,37.457607593
"11651",20,28,7,양버즘나무,PTA,127.036334684,37.482013064
"11652",9,21,5,양버즘나무,PTA,127.006713881,37.483069343
"11653",15,13,3,은행나무,GB,126.994277982,37.503101091
"11654",10,22,5,양버즘나무,PTA,127.010457805,37.498831611
"11655",14,24,7,양버즘나무,PTA,127.036562213,37.481791055
"11656",13,35,10,양버즘나무,PTA,127.021430252,37.510450604
"11657",7,29,8,양버즘나무,PTA,127.033692601,37.468787142
"11659",8,22,5,양버즘나무,PTA,127.007409549,37.506798273
"11660",13,35,12,가중나무,AA,127.01366895,37.519574438
"11661",6,13,2,은행나무,GB,127.044346565,37.466348657
"11662",6,34,7,느티나무,ZS,127.014934387,37.457358649
"11663",8,12,2,메타세쿼이아,TB,127.041640356,37.475772053
"11664",20,41,13,양버즘나무,PTA,127.033441515,37.485288632
"11665",13,28,3,양버즘나무,PTA,126.994457723,37.502897518
"11666",7,18,3,칠엽수,AC,127.012873315,37.497826114
"11667",13,28,7,양버즘나무,PTA,126.990197414,37.498067389
"11668",6,19,3,은행나무,GB,126.982019252,37.474813597
"11669",4,19,5,양버즘나무,PTA,127.015006209,37.488575117
"11670",8,16,3,은행나무,GB,127.012415216,37.513326682
"11671",5,12,2,메타세쿼이아,TB,127.00456916,37.476586053
"11672",9,30,4,양버즘나무,PTA,127.006193217,37.479382027
"11673",9,22,6,양버즘나무,PTA,127.010483744,37.5122762
"11674",12,32,6,양버즘나무,PTA,127.001687583,37.505353964
"11675",11,38,8,양버즘나무,PTA,127.009580493,37.507748927
"11676",12,37,6,양버즘나무,PTA,127.009494331,37.483809874
"11677",9,21,5,양버즘나무,PTA,127.005203322,37.481046428
"11678",10,29,10,양버즘나무,PTA,126.991072468,37.492052925
"11679",12,28,6,양버즘나무,PTA,126.988994481,37.495307522
"11703",4,26,6,느티나무,ZS,126.987774491,37.479299729
"11680",9,40,6,양버즘나무,PTA,127.005789214,37.495336966
"11681",12,35,6,양버즘나무,PTA,126.989296123,37.494840737
"11682",8,25,6,양버즘나무,PTA,127.038884851,37.477234206
"11683",10,33,5,양버즘나무,PTA,126.995813479,37.480992182
"11684",7,41,8,양버즘나무,PTA,127.009866352,37.487761808
"11685",4,30,4,양버즘나무,PTA,127.01411062,37.51596718
"11686",10,33,10,양버즘나무,PTA,127.007802717,37.511255711
"11687",5,18,4,느티나무,ZS,127.041808547,37.466472002
"11688",7,27,6,느티나무,ZS,127.055194048,37.459331039
"11689",8,38,10,느티나무,ZS,127.013545375,37.480425578
"11690",4,6,2,왕벚나무,PS,127.056439747,37.446706101
"11691",7,12,3,은행나무,GB,127.04345317,37.47679407
"11692",8,22,4,양버즘나무,PTA,127.032865687,37.474886801
"11693",12,33,7,양버즘나무,PTA,127.008264383,37.507348701
"11694",8,33,8,칠엽수,AC,127.011976361,37.501773345
"11695",12,20,6,양버즘나무,PTA,126.988362924,37.492055203
"11696",6,21,3,느티나무,ZS,127.045803923,37.462660946
"11697",7,33,8,칠엽수,AC,127.012812289,37.49810704
"11698",6,14,3,느티나무,ZS,126.993936359,37.487439376
"11699",8,27,8,느티나무,ZS,127.061314954,37.456517603
"11700",9,18,4,은행나무,GB,127.017800749,37.482863538
"11701",8,28,6,칠엽수,AC,127.010735335,37.504430451
"11702",7,19,3,은행나무,GB,127.025686051,37.470549265
"11704",8,20,4,은행나무,GB,127.038735535,37.462444093
"11705",6,21,5,느티나무,ZS,127.047391677,37.462495872
"11706",9,14,4,양버즘나무,PTA,126.998216233,37.480821929
"11707",8,27,6,양버즘나무,PTA,127.023293727,37.498684686
"11708",6,17,3,은행나무,GB,126.996858047,37.482551436
"11709",4,8,2,은행나무,GB,127.024411033,37.469164785
"11710",8,26,8,느티나무,ZS,127.059700686,37.457213375
"11711",6,14,4,은행나무,GB,126.994181176,37.487048728
"11712",8,27,8,양버즘나무,PTA,127.036176234,37.468336726
"11713",10,26,5,은행나무,GB,127.000812268,37.481828339
"11714",5,16,2,느티나무,ZS,126.984637152,37.485615623
"11715",10,30,6,양버즘나무,PTA,126.987775355,37.491727129
"11716",12,35,7,양버즘나무,PTA,126.98279833,37.489739248
"11717",13,42,12,양버즘나무,PTA,127.019023811,37.517094838
"11718",9,18,5,양버즘나무,PTA,127.021816751,37.490491782
"11719",9,20,4,느티나무,ZS,127.077880317,37.45967127
"11720",9,19,5,양버즘나무,PTA,127.027660373,37.489555121
"11721",8,32,5,느티나무,ZS,127.024514838,37.503901401
"11722",10,20,5,양버즘나무,PTA,126.991175371,37.484131278
"11723",11,31,10,양버즘나무,PTA,127.000664484,37.506391147
"11724",8,13,3,은행나무,GB,126.987420473,37.497765454
"11725",9,20,6,은행나무,GB,126.998357651,37.49717941
"11726",13,22,4,양버즘나무,PTA,127.040015079,37.478861651
"11727",7,30,5,양버즘나무,PTA,127.013298962,37.488061426
"11728",7,20,5,칠엽수,AC,127.013323891,37.494784039
"11729",10,26,3,양버즘나무,PTA,126.991203522,37.491841962
"11730",6,17,5,은행나무,GB,127.027049793,37.471460715
"11731",13,20,5,은행나무,GB,127.042992109,37.481512114
"11732",7,33,5,양버즘나무,PTA,127.003845601,37.501761669
"11733",8,32,5,양버즘나무,PTA,127.029706165,37.492895489
"11734",7,25,7,은행나무,GB,127.044510444,37.474455414
"11735",9,26,4,양버즘나무,PTA,126.998750353,37.481522852
"11736",9,30,6,양버즘나무,PTA,127.013294439,37.512317788
"11737",13,32,6,양버즘나무,PTA,127.005327826,37.496276792
"11738",13,27,10,양버즘나무,PTA,126.989651226,37.498078207
"11739",10,31,3,양버즘나무,PTA,127.004917361,37.481646463
"11740",9,15,5,양버즘나무,PTA,127.01201659,37.513043806
"11741",13,31,6,양버즘나무,PTA,127.005459797,37.496007679
"11742",13,36,7,튤립나무,LT,126.993510433,37.502885332
"11743",10,23,8,양버즘나무,PTA,127.041352375,37.466840173
"11744",12,41,8,양버즘나무,PTA,127.009219525,37.488316342
"11745",10,25,10,양버즘나무,PTA,127.008343776,37.511518863
"11746",11,28,8,양버즘나무,PTA,127.001088252,37.476039056
"11747",13,35,6,양버즘나무,PTA,127.020950539,37.495772371
"11748",9,23,5,양버즘나무,PTA,127.028014077,37.488814671
"11749",8,25,5,양버즘나무,PTA,127.027256009,37.488114325
"11750",10,39,13,양버즘나무,PTA,127.023561275,37.505968021
"11751",7,25,5,느티나무,ZS,127.04718454,37.462771202
"11752",12,24,9,양버즘나무,PTA,126.99128902,37.491327863
"11753",12,39,10,양버즘나무,PTA,127.025126334,37.502681937
"11754",10,35,10,양버즘나무,PTA,126.991327432,37.491642718
"11755",9,30,5,양버즘나무,PTA,127.006938281,37.48310898
"11756",8,22,5,느티나무,ZS,127.075913617,37.458754846
"11757",8,20,6,은행나무,GB,127.004904431,37.509618371
"11758",8,27,10,양버즘나무,PTA,127.030727508,37.490977697
"11759",5,24,5,느티나무,ZS,126.987387319,37.479532412
"11760",5,10,2,메타세쿼이아,TB,126.98938973,37.474738633
"11761",8,23,6,양버즘나무,PTA,127.021653131,37.502180325
"11762",14,29,7,양버즘나무,PTA,127.023105711,37.496683739
"11763",12,49,12,가중나무,AA,127.010041203,37.51657379
"11764",8,24,5,느티나무,ZS,127.081962832,37.462512935
"11765",10,29,7,양버즘나무,PTA,126.99115636,37.491917602
"11766",10,26,8,양버즘나무,PTA,127.042437647,37.465821245
"11767",11,38,10,양버즘나무,PTA,127.025566348,37.501793732
"11768",10,30,5,양버즘나무,PTA,127.029170883,37.486804383
"11769",9,29,7,양버즘나무,PTA,127.03888143,37.475898435
"11770",6,23,6,느티나무,ZS,126.984940309,37.476258979
"11771",11,15,5,양버즘나무,PTA,127.017120175,37.509966374
"11772",8,27,7,양버즘나무,PTA,127.038935125,37.473159097
"11773",8,37,8,양버즘나무,PTA,127.037848463,37.469293516
"11774",13,22,6,양버즘나무,PTA,126.990635092,37.484787634
"11775",10,29,4,양버즘나무,PTA,127.005853513,37.480082844
"11776",9,25,5,양버즘나무,PTA,127.004648829,37.482197995
"11777",5,10,2,메타세쿼이아,TB,127.000450416,37.474295779
"11778",5,10,2,메타세쿼이아,TB,126.985725679,37.476052324
"11779",7,15,2,은행나무,GB,127.035996231,37.460322434
"11780",5,10,2,메타세쿼이아,TB,126.988758923,37.475205888
"11781",0,9,0,느티나무,ZS,127.020058941,37.482463924
"11782",10,46,9,메타세쿼이아,TB,127.035927066,37.474128721
"11783",5,10,2,메타세쿼이아,TB,126.993120601,37.474023785
"11784",10,17,4,양버즘나무,PTA,127.019028345,37.51052002
"11785",6,30,8,느티나무,ZS,127.024951133,37.502954313
"11786",10,23,8,은행나무,GB,126.998355289,37.49712609
"11787",7,11,2,은행나무,GB,127.01211032,37.513129553
"11788",6,23,5,메타세쿼이아,TB,127.020761359,37.461111026
"11789",13,46,13,양버즘나무,PTA,127.019482152,37.515548245
"11790",12,25,5,양버즘나무,PTA,127.005217716,37.490706736
"11791",10,40,4,양버즘나무,PTA,127.038681482,37.476101278
"11792",6,16,4,양버즘나무,PTA,127.042750608,37.466194532
"11793",12,30,7,양버즘나무,PTA,127.020766171,37.51184495
"11794",8,27,6,양버즘나무,PTA,127.030517706,37.489111339
"11795",12,30,6,양버즘나무,PTA,126.989377927,37.494713482
"11796",5,8,3,왕벚나무,PS,127.049154497,37.456234409
"11797",3,24,6,은행나무,GB,127.025884198,37.500981257
"11798",10,31,7,메타세쿼이아,TB,127.029226522,37.46930187
"11799",10,24,4,양버즘나무,PTA,127.036455775,37.476775608
"11800",11,34,8,양버즘나무,PTA,127.009703039,37.488099601
"11801",7,29,4,양버즘나무,PTA,127.011708883,37.513184297
"11802",10,30,6,양버즘나무,PTA,126.983265728,37.496786136
"11803",12,23,7,가중나무,AA,127.011926766,37.516365914
"11804",8,33,8,양버즘나무,PTA,127.015508168,37.494245342
"11805",9,28,4,양버즘나무,PTA,127.005362329,37.48110096
"11806",9,33,8,양버즘나무,PTA,127.013418352,37.511341497
"11807",10,46,12,느티나무,ZS,127.008091535,37.477982823
"11808",15,28,5,양버즘나무,PTA,127.000206476,37.50457412
"11809",10,22,4,양버즘나무,PTA,127.004187655,37.487005991
"11810",11,26,4,양버즘나무,PTA,127.041678681,37.480700945
"11811",12,45,4,양버즘나무,PTA,127.001726646,37.50507655
"11879",2,21,12,양버즘나무,PTA,126.998068184,37.480659818
"11812",10,10,1,은행나무,GB,127.011218399,37.508425532
"11813",10,34,6,양버즘나무,PTA,126.988503481,37.488105881
"11814",9,27,5,양버즘나무,PTA,127.001187396,37.482172273
"11815",13,32,10,양버즘나무,PTA,126.999492821,37.508900472
"11816",6,14,4,양버즘나무,PTA,127.018046338,37.500594258
"11817",12,34,6,양버즘나무,PTA,126.985303257,37.490919674
"11818",10,25,5,양버즘나무,PTA,127.003046554,37.482363071
"11819",17,20,6,양버즘나무,PTA,127.037639286,37.480403816
"11820",9,26,6,양버즘나무,PTA,127.01549578,37.520133813
"11821",9,29,5,양버즘나무,PTA,127.027986173,37.489280746
"11822",7,25,5,양버즘나무,PTA,126.987657879,37.477906154
"11823",9,22,5,양버즘나무,PTA,127.014954513,37.48756298
"11824",11,38,8,양버즘나무,PTA,127.011772817,37.492960424
"11825",14,38,8,양버즘나무,PTA,127.003970962,37.499236406
"11826",5,12,2,메타세쿼이아,TB,126.998044085,37.473837546
"11827",13,54,12,가중나무,AA,127.014918377,37.520221063
"11828",10,24,7,양버즘나무,PTA,127.015320512,37.519665054
"11829",13,31,7,양버즘나무,PTA,127.008198129,37.490419255
"11830",10,33,6,양버즘나무,PTA,126.987616051,37.489660455
"11831",7,21,7,느티나무,ZS,127.003299969,37.492313601
"11832",6,20,5,은행나무,GB,127.044790985,37.475607607
"11902",9,27,6,느티나무,ZS,127.081822476,37.460176917
"11833",12,32,5,양버즘나무,PTA,127.005187846,37.49733555
"11834",6,29,8,느티나무,ZS,127.047704992,37.462361532
"11835",8,25,6,메타세쿼이아,TB,127.043409219,37.477787543
"11836",13,38,10,양버즘나무,PTA,126.989378187,37.49808519
"11837",4,6,2,왕벚나무,PS,127.053189171,37.449631641
"11838",11,25,6,양버즘나무,PTA,126.987965549,37.48894161
"11839",6,16,4,은행나무,GB,126.982299595,37.484517077
"11840",7,19,5,은행나무,GB,127.034697881,37.46403245
"11841",10,26,5,양버즘나무,PTA,127.026004623,37.493423531
"11842",8,28,5,양버즘나무,PTA,127.020211939,37.490153791
"11843",10,26,5,메타세쿼이아,TB,127.042726509,37.476784146
"11844",5,10,2,메타세쿼이아,TB,127.00371304,37.475840821
"11845",5,8,1,은행나무,GB,127.011188238,37.51678793
"11846",4,14,4,은행나무,GB,127.02730127,37.471795025
"11847",12,33,6,양버즘나무,PTA,127.005577854,37.495747399
"11848",6,32,5,느티나무,ZS,127.046124757,37.463301273
"11849",5,10,2,메타세쿼이아,TB,127.006482403,37.477504666
"11850",4,13,3,회화나무,STJ,127.017084907,37.520468542
"11851",13,36,6,양버즘나무,PTA,127.004951696,37.497934778
"11852",11,16,4,양버즘나무,PTA,126.98477653,37.490842044
"11853",7,15,2,은행나무,GB,127.038736122,37.458601402
"11854",9,23,6,양버즘나무,PTA,127.012301398,37.509859114
"11855",7,21,3,은행나무,GB,127.04938175,37.472916319
"11856",12,27,5,양버즘나무,PTA,126.988871603,37.487534507
"11857",7,36,5,양버즘나무,PTA,126.988077769,37.477864565
"11858",9,27,5,양버즘나무,PTA,127.025806487,37.49384661
"11859",12,35,6,양버즘나무,PTA,126.981950127,37.478127232
"11860",9,31,5,양버즘나무,PTA,127.018692543,37.489543993
"11861",9,30,9,양버즘나무,PTA,127.034122616,37.466186044
"11862",8,13,4,은행나무,GB,127.01031176,37.512257103
"11863",10,27,5,양버즘나무,PTA,126.990393851,37.485354778
"11864",7,20,4,양버즘나무,PTA,127.036827378,37.476863193
"11865",5,10,2,메타세쿼이아,TB,126.993030359,37.473767448
"11866",9,11,3,은행나무,GB,127.018108275,37.510243861
"11867",7,13,4,은행나무,GB,127.004066522,37.506924454
"11868",4,6,2,왕벚나무,PS,127.053043298,37.45011649
"11869",8,21,3,양버즘나무,PTA,127.037286726,37.47719943
"11870",13,51,12,가중나무,AA,127.002935754,37.50929143
"11871",6,20,6,느티나무,ZS,127.018937142,37.459808613
"11872",0,9,0,느티나무,ZS,127.021099059,37.482889632
"11873",0,9,0,느티나무,ZS,127.011447428,37.480022008
"11874",0,9,0,느티나무,ZS,127.025092978,37.483178475
"11875",12,36,12,가중나무,AA,127.007088639,37.510631499
"11876",10,22,3,가중나무,AA,127.014698587,37.514946384
"11877",14,20,8,양버즘나무,PTA,127.02376121,37.481919953
"11878",6,15,4,은행나무,GB,127.056662185,37.44650417
"11880",5,10,2,메타세쿼이아,TB,126.992223712,37.474250709
"11881",14,14,4,은행나무,GB,127.04340608,37.48060014
"11882",11,33,10,양버즘나무,PTA,126.999824898,37.477988643
"11883",12,33,4,양버즘나무,PTA,127.038350475,37.479493852
"11884",8,31,5,양버즘나무,PTA,127.026786219,37.492145322
"11885",9,30,7,느티나무,ZS,127.066469817,37.455843859
"11886",9,27,4,양버즘나무,PTA,127.004086704,37.486359507
"11887",0,8,0,느티나무,ZS,127.041036863,37.485379912
"11888",15,29,6,양버즘나무,PTA,127.003856053,37.499767469
"11889",6,16,2,은행나무,GB,126.987662326,37.467023998
"11890",10,12,2,은행나무,GB,127.007257946,37.492024603
"11891",9,25,6,느티나무,ZS,127.06711517,37.456056562
"11892",12,36,6,양버즘나무,PTA,126.990820041,37.502019262
"11893",9,25,5,양버즘나무,PTA,127.013313946,37.484530133
"11894",6,12,2,은행나무,GB,127.055994947,37.446963246
"11895",4,16,4,은행나무,GB,127.027914656,37.472186013
"11896",6,16,4,은행나무,GB,127.046337168,37.468306414
"11897",4,12,2,은행나무,GB,127.022266435,37.483086187
"11898",12,24,3,양버즘나무,PTA,127.037186903,37.481825843
"11899",11,25,6,양버즘나무,PTA,126.983303492,37.496855258
"11900",5,10,2,메타세쿼이아,TB,127.005348353,37.476951239
"11901",12,49,12,가중나무,AA,127.008097223,37.5146794
"11903",7,29,6,양버즘나무,PTA,127.030967265,37.48944776
"11904",14,26,7,양버즘나무,PTA,127.013984588,37.515983142
"11905",10,28,10,양버즘나무,PTA,126.995295088,37.485319088
"11906",7,28,4,은행나무,GB,127.044650721,37.472759731
"11907",8,38,10,메타세쿼이아,TB,127.028100439,37.467513903
"11908",6,26,6,느티나무,ZS,127.031476574,37.48433067
"11909",11,34,7,양버즘나무,PTA,126.988984958,37.501865989
"11910",10,16,5,양버즘나무,PTA,127.010492031,37.498835233
"11911",5,16,2,느티나무,ZS,127.045706525,37.462478172
"11912",6,16,4,은행나무,GB,126.982146228,37.481679974
"11913",7,16,5,은행나무,GB,126.996629487,37.494142653
"11914",5,12,2,메타세쿼이아,TB,126.99250956,37.474181519
"11915",10,26,6,양버즘나무,PTA,126.998097766,37.481440252
"11916",7,21,6,은행나무,GB,127.029762859,37.473087646
"11917",11,32,7,메타세쿼이아,TB,127.042687492,37.476984561
"11918",9,23,7,양버즘나무,PTA,127.03414256,37.466451902
"11919",7,15,8,양버즘나무,PTA,127.033586875,37.468900258
"11920",6,18,6,은행나무,GB,127.044641034,37.475875858
"11921",6,19,5,양버즘나무,PTA,126.992779699,37.481634154
"11922",8,14,2,은행나무,GB,126.983287516,37.471854362
"11923",9,23,6,양버즘나무,PTA,127.02637731,37.48784845
"11924",7,22,5,은행나무,GB,127.046836094,37.468197433
"11925",7,29,7,양버즘나무,PTA,127.038939756,37.475873174
"11926",0,10,0,느티나무,ZS,127.024814824,37.483433305
"11927",8,26,5,양버즘나무,PTA,127.027284358,37.488123336
"11928",8,32,7,양버즘나무,PTA,127.007472444,37.506775151
"11929",6,15,3,느티나무,ZS,127.042085689,37.464749248
"11930",7,15,3,은행나무,GB,127.049796494,37.455640203
"11931",6,15,4,은행나무,GB,127.009923049,37.512181512
"11932",13,21,7,양버즘나무,PTA,127.038657842,37.479241082
"11933",5,15,4,은행나무,GB,127.025309533,37.470757328
"11934",9,16,6,양버즘나무,PTA,127.023337739,37.498590117
"11935",5,12,2,은행나무,GB,127.053095557,37.450042168
"11936",7,24,5,느티나무,ZS,127.051589697,37.460880748
"11937",12,39,10,양버즘나무,PTA,126.999425761,37.508092989
"11938",5,8,3,왕벚나무,PS,127.051997859,37.452111402
"11939",12,38,8,양버즘나무,PTA,127.017350131,37.494943234
"11940",12,29,6,양버즘나무,PTA,127.011562794,37.483450709
"11941",5,16,2,은행나무,GB,127.026654337,37.471368113
"11942",10,25,4,양버즘나무,PTA,126.991578345,37.483499955
"11943",5,20,4,양버즘나무,PTA,127.014125315,37.516008083
"11944",12,42,8,양버즘나무,PTA,127.010565476,37.49258935
"11945",0,9,0,느티나무,ZS,127.019669318,37.482406501
"11946",13,33,12,가중나무,AA,127.013043971,37.519236315
"11947",6,18,5,양버즘나무,PTA,127.002511235,37.482469978
"11948",7,21,4,은행나무,GB,127.025745009,37.470591194
"11949",9,14,2,메타세쿼이아,TB,127.020859116,37.510853076
"11950",12,27,6,양버즘나무,PTA,126.98289951,37.491998632
"11951",13,40,9,튤립나무,LT,127.016804676,37.509846794
"11952",10,41,6,양버즘나무,PTA,126.989366124,37.486760315
"11953",8,20,7,은행나무,GB,127.010597883,37.49426123
"11954",12,27,10,양버즘나무,PTA,126.985766181,37.504473964
"11955",9,27,5,메타세쿼이아,TB,127.030919771,37.471093167
"11956",9,34,5,양버즘나무,PTA,127.005094231,37.482756208
"11957",8,21,6,은행나무,GB,126.99842257,37.498253848
"11958",9,17,6,양버즘나무,PTA,127.03412915,37.466296033
"11959",10,29,5,양버즘나무,PTA,127.007579058,37.492474955
"11960",9,40,8,메타세쿼이아,TB,127.030356258,37.472459066
"11961",12,36,6,양버즘나무,PTA,127.011778243,37.483036527
"11962",8,16,3,은행나무,GB,127.010254429,37.512231711
"11963",9,28,7,양버즘나무,PTA,127.034556626,37.467497771
"11964",8,32,8,느티나무,ZS,127.011108874,37.47944997
"11965",9,29,5,양버즘나무,PTA,127.029096417,37.488676493
"11966",8,20,5,양버즘나무,PTA,127.022294031,37.490635796
"11967",7,32,6,양버즘나무,PTA,127.003314492,37.505512263
"11968",5,14,2,느티나무,ZS,127.04716849,37.468924927
"11969",5,12,4,칠엽수,AC,127.012770068,37.497120483
"11970",5,10,2,메타세쿼이아,TB,126.992022604,37.474016355
"11971",10,25,10,양버즘나무,PTA,127.000273914,37.477297891
"11972",4,9,3,단풍나무,MP,126.994545692,37.488028871
"11973",9,23,5,느티나무,ZS,127.077038944,37.459324361
"11974",5,10,2,메타세쿼이아,TB,126.990163303,37.474811311
"11975",9,28,5,느티나무,ZS,127.01466485,37.484411571
"11976",9,25,4,양버즘나무,PTA,127.004763967,37.482340496
"11977",13,40,6,양버즘나무,PTA,126.992139174,37.48245346
"11978",12,51,12,가중나무,AA,127.006787588,37.51171477
"11979",5,20,5,느티나무,ZS,126.983840028,37.476059862
"11980",6,18,6,칠엽수,AC,127.013604593,37.494729936
"11981",11,25,5,양버즘나무,PTA,127.004611456,37.488563443
"11982",8,40,3,양버즘나무,PTA,127.038657671,37.472241079
"11983",7,19,4,양버즘나무,PTA,127.013367191,37.511698728
"11984",7,11,3,메타세쿼이아,TB,127.042968165,37.479728898
"11985",7,10,2,은행나무,GB,127.004375504,37.502337885
"11986",18,24,6,은행나무,GB,127.043207925,37.481029824
"11987",7,13,4,은행나무,GB,126.993435477,37.493679163
"11988",8,27,8,양버즘나무,PTA,127.038447316,37.472083579
"11989",12,43,7,양버즘나무,PTA,127.007306436,37.493032745
"11990",14,25,8,양버즘나무,PTA,127.027396193,37.497471795
"11991",7,31,8,칠엽수,AC,127.012486666,37.499534994
"11992",9,29,4,양버즘나무,PTA,127.029641606,37.485355405
"11993",8,20,5,은행나무,GB,127.010727226,37.510197512
"11994",10,23,7,양버즘나무,PTA,127.013317579,37.513087294
"11995",9,29,3,양버즘나무,PTA,127.004649122,37.491045827
"11996",5,12,2,메타세쿼이아,TB,126.999476858,37.473937084
"11997",15,36,5,양버즘나무,PTA,127.001904697,37.503712308
"11998",12,18,5,양버즘나무,PTA,127.013396399,37.514178622
"11999",8,29,5,양버즘나무,PTA,127.003513487,37.482453676
"12000",9,12,2,메타세쿼이아,TB,127.021280249,37.510748409
"12001",12,33,7,양버즘나무,PTA,126.986339803,37.50081857
"12002",7,14,3,은행나무,GB,127.044343617,37.47154213
"12003",6,19,4,은행나무,GB,126.988060773,37.459799654
"12004",5,10,2,메타세쿼이아,TB,127.002537682,37.475277657
"12005",8,21,2,은행나무,GB,127.017944427,37.515677837
"12006",7,29,5,양버즘나무,PTA,127.014038809,37.488135547
"12007",12,31,8,양버즘나무,PTA,127.012368915,37.493144566
"12008",12,37,12,양버즘나무,PTA,127.011339152,37.49884409
"12009",7,16,3,은행나무,GB,126.987191811,37.497758584
"12010",8,31,8,느티나무,ZS,127.03158256,37.482601494
"12011",11,31,6,양버즘나무,PTA,127.005055601,37.497603475
"12012",7,28,5,양버즘나무,PTA,127.01525014,37.488495805
"12013",12,40,7,양버즘나무,PTA,127.008912989,37.492352647
"12014",6,42,8,느티나무,ZS,127.025180953,37.460358529
"12015",7,13,5,회화나무,STJ,127.010443129,37.503714027
"12016",11,25,6,양버즘나무,PTA,126.984996855,37.490839931
"12017",8,24,8,양버즘나무,PTA,127.021335185,37.503244543
"12018",12,25,5,양버즘나무,PTA,127.004842441,37.489854621
"12019",12,36,10,양버즘나무,PTA,126.999460255,37.508965402
"12020",5,8,2,메타세쿼이아,TB,126.997733144,37.473781584
"12021",7,27,6,은행나무,GB,127.04681702,37.473769282
"12022",6,19,6,은행나무,GB,127.045014842,37.466878016
"12023",4,36,10,느티나무,ZS,127.085805371,37.46186404
"12024",7,15,5,은행나무,GB,127.009051807,37.511761462
"12025",5,10,2,메타세쿼이아,TB,126.989259646,37.474776474
"12026",8,28,6,느티나무,ZS,127.06131179,37.456332622
"12027",14,19,4,양버즘나무,PTA,127.03973207,37.478621882
"12028",10,40,10,양버즘나무,PTA,127.011199474,37.508291013
"12029",7,20,7,회화나무,STJ,127.011076978,37.485261864
"12030",5,15,3,느티나무,ZS,127.04417225,37.464276936
"12031",9,25,7,양버즘나무,PTA,127.038879603,37.47595709
"12032",11,26,10,양버즘나무,PTA,127.000680192,37.476666288
"12033",8,45,9,메타세쿼이아,TB,127.028217134,37.467712312
"12034",9,22,5,양버즘나무,PTA,127.010135608,37.49878225
"12035",8,12,2,은행나무,GB,127.038378562,37.462641023
"12036",6,23,5,메타세쿼이아,TB,127.027462841,37.466552629
"12037",9,12,1,메타세쿼이아,TB,127.030048277,37.470158287
"12038",8,29,5,메타세쿼이아,TB,127.026775409,37.466116418
"12039",7,13,5,은행나무,GB,126.995349305,37.494039947
"12040",9,14,4,은행나무,GB,127.017824119,37.48282647
"12041",14,22,6,양버즘나무,PTA,127.038336398,37.480068077
"12042",12,32,8,양버즘나무,PTA,127.016454934,37.494398422
"12043",11,28,8,양버즘나무,PTA,127.038019004,37.477934954
"12044",6,14,5,은행나무,GB,127.044728636,37.477664526
"12045",4,18,4,은행나무,GB,127.029222125,37.493997653
"12046",6,15,4,은행나무,GB,127.047442551,37.474786113
"12047",12,8,2,은행나무,GB,127.002679887,37.502762399
"12048",7,21,5,은행나무,GB,127.044024713,37.474132791
"12049",11,28,5,메타세쿼이아,TB,127.041404653,37.475494285
"12050",13,41,10,양버즘나무,PTA,127.021578996,37.51013746
"12051",6,37,8,느티나무,ZS,127.081847719,37.4614691
"12052",6,14,3,은행나무,GB,126.994994812,37.485431975
"12053",14,31,8,양버즘나무,PTA,127.023925973,37.482682728
"12054",5,10,2,메타세쿼이아,TB,127.003189791,37.475591425
"12055",9,28,5,양버즘나무,PTA,127.031274563,37.489552901
"12056",6,14,3,은행나무,GB,127.04663255,37.459925955
"12057",6,17,4,은행나무,GB,127.047429595,37.468624454
"12058",7,24,8,느티나무,ZS,127.00417275,37.491321226
"12059",4,29,6,느티나무,ZS,127.067464585,37.456168505
"12060",3,8,2,단풍나무,MP,126.984538515,37.485787238
"12061",11,21,6,양버즘나무,PTA,126.989365932,37.486948503
"12062",8,25,4,메타세쿼이아,TB,127.037016595,37.461915333
"12063",12,29,12,가중나무,AA,127.009346134,37.515893737
"12064",6,15,2,느티나무,ZS,127.042475089,37.465036295
"12065",6,15,5,은행나무,GB,127.056138833,37.446991586
"12066",8,20,3,양버즘나무,PTA,127.023953732,37.504156796
"12067",8,23,8,느티나무,ZS,127.031584953,37.483393271
"12068",10,27,8,은행나무,GB,126.998264488,37.497661528
"12069",8,27,8,양버즘나무,PTA,126.986741375,37.498236075
"12070",6,11,2,은행나무,GB,127.052276554,37.451276029
"12071",5,16,4,느티나무,ZS,126.984449075,37.485594387
"12072",10,28,5,양버즘나무,PTA,127.004695064,37.48248389
"12073",11,21,10,양버즘나무,PTA,126.999530861,37.478438745
"12074",7,13,2,은행나무,GB,127.035796485,37.460773566
"12075",8,20,8,회화나무,STJ,127.010487658,37.503162203
"12076",8,26,4,양버즘나무,PTA,127.032084289,37.474620647
"12077",13,26,4,양버즘나무,PTA,127.041490407,37.480182774
"12078",5,29,8,느티나무,ZS,127.027464977,37.497383029
"12079",9,23,5,양버즘나무,PTA,127.003411599,37.482434517
"12080",10,21,7,양버즘나무,PTA,127.005874335,37.491285754
"12081",9,28,5,양버즘나무,PTA,127.025656019,37.493764374
"12082",6,20,8,회화나무,STJ,127.010816775,37.485802369
"12083",10,35,5,양버즘나무,PTA,127.011020154,37.484149792
"12084",9,15,4,양버즘나무,PTA,127.023225665,37.487104136
"12107",7,19,4,은행나무,GB,127.00587476,37.510224667
"12085",7,15,3,양버즘나무,PTA,127.011974346,37.513319234
"12086",11,29,8,양버즘나무,PTA,126.99897089,37.479305478
"12087",10,25,5,양버즘나무,PTA,126.988412256,37.488434607
"12088",10,27,4,양버즘나무,PTA,127.036102002,37.476509248
"12089",14,23,4,양버즘나무,PTA,127.039620192,37.478340208
"12090",9,17,5,양버즘나무,PTA,127.02794493,37.488959173
"12091",11,24,10,양버즘나무,PTA,126.998787356,37.479587784
"12092",8,22,6,양버즘나무,PTA,127.03839814,37.477494816
"12093",9,29,8,느티나무,ZS,127.034872855,37.484388909
"12094",8,27,8,느티나무,ZS,127.066830139,37.455961566
"12095",14,32,12,느티나무,ZS,127.085489141,37.46198344
"12096",9,28,8,느티나무,ZS,127.031304224,37.483879659
"12097",10,27,5,양버즘나무,PTA,126.990104301,37.493595915
"12098",9,34,8,양버즘나무,PTA,127.039282575,37.470013309
"12099",6,41,9,느티나무,ZS,127.018096668,37.45880857
"12100",9,29,5,양버즘나무,PTA,127.00703153,37.483128196
"12101",7,10,2,은행나무,GB,126.986586624,37.468250446
"12102",7,22,6,은행나무,GB,126.994168115,37.480210546
"12103",9,13,2,메타세쿼이아,TB,127.012212983,37.508474048
"12104",9,12,2,은행나무,GB,127.026975439,37.488026529
"12105",10,37,6,양버즘나무,PTA,127.007295039,37.491963086
"12106",6,27,6,느티나무,ZS,127.049833068,37.461258274
"12108",12,22,6,양버즘나무,PTA,127.002238994,37.503302647
"12109",8,20,5,양버즘나무,PTA,127.015535928,37.520244006
"12110",8,34,8,칠엽수,AC,127.012163784,37.500929223
"12111",7,19,3,양버즘나무,PTA,127.022004329,37.501828783
"12112",8,21,6,은행나무,GB,127.010817074,37.493072159
"12113",7,13,2,은행나무,GB,127.009733162,37.512143924
"12114",10,29,5,양버즘나무,PTA,127.019034386,37.510552425
"12115",6,14,4,은행나무,GB,126.984527319,37.470033756
"12116",12,39,8,양버즘나무,PTA,127.016010591,37.494261385
"12117",6,14,4,은행나무,GB,127.027367642,37.471666989
"12118",8,34,6,양버즘나무,PTA,127.012254335,37.509805134
"12119",11,25,7,양버즘나무,PTA,126.999041865,37.479197676
"12120",16,24,8,양버즘나무,PTA,127.024059158,37.482456664
"12121",9,25,4,양버즘나무,PTA,127.004061913,37.485065376
"12122",9,31,10,양버즘나무,PTA,127.040826417,37.467955374
"12123",12,37,10,가중나무,AA,127.004782077,37.511433718
"12124",10,28,8,양버즘나무,PTA,126.9955338,37.484954298
"12125",7,25,4,양버즘나무,PTA,127.037022874,37.477010267
"12126",19,24,5,양버즘나무,PTA,127.038283347,37.479718819
"12127",13,24,7,양버즘나무,PTA,127.013822199,37.515533009
"12128",0,16,3,느티나무,ZS,127.036566142,37.482416995
"12129",10,26,8,양버즘나무,PTA,127.041731258,37.466483526
"12130",13,34,10,양버즘나무,PTA,126.99242505,37.498031968
"12131",13,25,10,양버즘나무,PTA,127.038334,37.478493913
"12132",11,25,6,양버즘나무,PTA,127.000808234,37.476469078
"12133",12,26,6,양버즘나무,PTA,126.988147135,37.496263195
"12134",10,23,5,양버즘나무,PTA,127.015328604,37.519260561
"12135",11,35,7,양버즘나무,PTA,127.012182125,37.493358276
"12136",8,17,3,느티나무,ZS,127.076591173,37.45897415
"12137",4,27,6,느티나무,ZS,127.068311989,37.456443784
"12138",8,26,3,양버즘나무,PTA,127.038692333,37.471152708
"12139",9,35,5,양버즘나무,PTA,127.019511408,37.510695398
"12140",8,16,3,은행나무,GB,126.994785182,37.493959177
"12141",10,20,5,양버즘나무,PTA,127.01976858,37.485809495
"12142",7,16,6,은행나무,GB,127.009847307,37.512145653
"12143",11,36,5,양버즘나무,PTA,127.015370753,37.488680925
"12144",7,14,1,은행나무,GB,127.011976391,37.513267473
"12145",6,24,7,은행나무,GB,127.044525156,37.474562775
"12146",9,21,4,양버즘나무,PTA,127.02378261,37.497694285
"12147",5,20,5,느티나무,ZS,126.983297263,37.476539766
"12148",6,20,5,양버즘나무,PTA,126.988189021,37.477934765
"12149",15,41,10,튤립나무,LT,126.99444329,37.50314771
"12150",6,29,8,느티나무,ZS,127.025007969,37.460365428
"12151",10,24,4,양버즘나무,PTA,127.004251834,37.486275562
"12152",13,48,8,양버즘나무,PTA,127.007238251,37.493168926
"12153",9,39,12,양버즘나무,PTA,126.986264032,37.476806482
"12154",9,21,1,은행나무,GB,127.014418119,37.484742201
"12155",6,12,4,은행나무,GB,127.041024154,37.472161476
"12156",12,37,6,양버즘나무,PTA,126.986628974,37.491371263
"12157",7,29,10,느티나무,ZS,127.01418954,37.480617474
"12158",9,23,4,은행나무,GB,127.016106435,37.514975008
"12159",7,27,6,양버즘나무,PTA,127.003821112,37.505683072
"12160",6,10,2,은행나무,GB,126.982867955,37.491395462
"12161",8,38,5,양버즘나무,PTA,127.007466931,37.506815573
"12162",7,19,6,은행나무,GB,127.004841459,37.509564038
"12163",12,29,8,양버즘나무,PTA,127.036022555,37.47772999
"12164",9,23,5,은행나무,GB,127.010838901,37.509613074
"12165",0,9,0,느티나무,ZS,127.011699187,37.480152051
"12166",7,12,4,은행나무,GB,127.010761609,37.512643387
"12167",11,23,8,양버즘나무,PTA,127.009382266,37.512387356
"12168",7,21,3,양버즘나무,PTA,127.037218847,37.477151364
"12169",14,27,7,양버즘나무,PTA,127.038599519,37.479660139
"12170",15,35,12,양버즘나무,PTA,127.032442446,37.487388093
"12171",7,20,2,양버즘나무,PTA,127.033488211,37.47495825
"12172",11,35,6,양버즘나무,PTA,126.987040737,37.490852371
"12173",13,32,10,양버즘나무,PTA,126.994900269,37.503532304
"12174",10,28,3,양버즘나무,PTA,127.004050945,37.498833364
"12175",8,25,6,양버즘나무,PTA,127.030833205,37.489407007
"12176",6,22,5,양버즘나무,PTA,127.014629469,37.489088928
"12177",5,25,6,양버즘나무,PTA,127.036168781,37.477601726
"12178",11,31,8,양버즘나무,PTA,126.992181635,37.502532242
"12179",10,34,12,가중나무,AA,127.003836786,37.507068707
"12180",7,22,7,은행나무,GB,127.046561076,37.474023486
"12181",7,25,4,은행나무,GB,127.04200521,37.475075888
"12182",9,24,5,양버즘나무,PTA,127.027237714,37.490840692
"12183",10,24,6,은행나무,GB,127.01065295,37.509960611
"12184",5,23,4,느티나무,ZS,127.044404407,37.464108112
"12185",4,14,2,느티나무,ZS,126.99245301,37.487198795
"12186",11,34,5,양버즘나무,PTA,126.983017015,37.495824314
"12187",8,24,7,양버즘나무,PTA,127.038879623,37.476279263
"12188",7,17,4,은행나무,GB,126.988456492,37.464489285
"12189",5,27,6,느티나무,ZS,127.002681008,37.503293393
"12190",12,32,6,양버즘나무,PTA,126.988072503,37.496742251
"12191",12,39,7,양버즘나무,PTA,127.00812811,37.506970468
"12192",9,28,8,양버즘나무,PTA,126.982082203,37.480803062
"12193",6,30,5,느티나무,ZS,127.024885305,37.503083804
"12194",8,26,7,은행나무,GB,127.011079047,37.493282018
"12195",8,28,5,양버즘나무,PTA,126.992330992,37.48233061
"12196",10,27,5,양버즘나무,PTA,126.987755467,37.505289306
"12197",6,32,10,느티나무,ZS,127.015379138,37.457383181
"12198",12,32,8,양버즘나무,PTA,127.015276559,37.494310604
"12199",9,20,5,메타세쿼이아,TB,127.031220529,37.471197306
"12200",5,8,3,왕벚나무,PS,127.049018965,37.456220505
"12201",6,18,4,은행나무,GB,126.987958151,37.459963288
"12202",12,34,10,양버즘나무,PTA,127.007625244,37.48344812
"12203",5,10,2,메타세쿼이아,TB,127.006778116,37.477310324
"12204",11,32,6,메타세쿼이아,TB,127.042155442,37.476121925
"12205",6,26,5,은행나무,GB,127.041946697,37.475104141
"12206",12,35,8,양버즘나무,PTA,127.011574314,37.492898879
"12207",12,45,12,가중나무,AA,127.010783795,37.517305129
"12208",9,31,7,양버즘나무,PTA,127.011833227,37.509394032
"12209",18,25,7,양버즘나무,PTA,127.035842645,37.482507677
"12210",6,15,3,은행나무,GB,127.051420536,37.45302949
"12211",9,25,6,느티나무,ZS,127.070297986,37.456906141
"12212",4,13,3,회화나무,STJ,127.017250824,37.5203726
"12213",6,23,7,느티나무,ZS,127.052267303,37.460402526
"12214",8,26,5,양버즘나무,PTA,127.026299692,37.492419308
"12215",4,14,3,느티나무,ZS,126.984586221,37.485756466
"12216",8,24,5,느티나무,ZS,127.061035312,37.456452856
"12217",8,32,3,양버즘나무,PTA,127.038676954,37.471281034
"12218",9,32,10,느티나무,ZS,127.03221386,37.484433412
"12219",12,31,5,양버즘나무,PTA,127.036432426,37.477392433
"12220",6,24,4,메타세쿼이아,TB,127.028203813,37.467388435
"12221",5,16,4,은행나무,GB,127.031725136,37.474304673
"12222",3,26,10,은행나무,GB,127.02619714,37.50046512
"12223",10,23,3,양버즘나무,PTA,127.035938854,37.477690621
"12224",6,12,3,은행나무,GB,127.066752962,37.433963685
"12225",13,37,6,양버즘나무,PTA,126.990585767,37.484866169
"12226",5,15,4,은행나무,GB,127.025316715,37.471749789
"12227",7,22,5,느티나무,ZS,127.078175341,37.459747068
"12228",5,15,3,느티나무,ZS,127.044159186,37.466754332
"12229",5,8,3,왕벚나무,PS,127.052027544,37.452055503
"12230",8,19,3,양버즘나무,PTA,127.009837118,37.512243057
"12231",8,14,5,은행나무,GB,127.011690125,37.512916396
"12232",9,22,8,양버즘나무,PTA,127.012923254,37.513534861
"12233",5,21,4,칠엽수,AC,127.010744272,37.503821155
"12234",12,37,12,양버즘나무,PTA,126.986400535,37.502534907
"12235",8,37,8,느티나무,ZS,127.011179446,37.479500145
"12236",6,31,5,양버즘나무,PTA,126.993484187,37.480538993
"12237",7,19,7,은행나무,GB,127.00911419,37.511793173
"12238",17,11,3,은행나무,GB,127.043164448,37.48113166
"12239",13,39,12,느티나무,ZS,127.086141955,37.462197829
"12240",8,23,5,양버즘나무,PTA,127.027651875,37.489979591
"12241",5,19,5,칠엽수,AC,127.012755768,37.497177424
"12242",8,30,6,메타세쿼이아,TB,127.030867003,37.471802547
"12243",7,14,2,은행나무,GB,127.043828879,37.466473717
"12244",5,24,5,느티나무,ZS,126.987851896,37.480148336
"12245",7,29,6,은행나무,GB,127.046126278,37.474446282
"12246",7,27,5,양버즘나무,PTA,126.990542844,37.479062542
"12247",12,38,11,양버즘나무,PTA,126.99710379,37.499444562
"12248",19,20,6,양버즘나무,PTA,127.037574308,37.480492574
"12249",12,36,6,양버즘나무,PTA,126.986225539,37.491210509
"12250",9,40,10,양버즘나무,PTA,127.030669115,37.491116461
"12251",12,28,13,은행나무,GB,127.022486249,37.50824704
"12252",8,23,10,양버즘나무,PTA,127.012718519,37.502913091
"12253",11,38,10,가중나무,AA,127.015367639,37.520691219
"12254",8,25,5,양버즘나무,PTA,127.034380555,37.466070716
"12255",6,37,10,느티나무,ZS,127.017350135,37.458239359
"12256",7,16,4,은행나무,GB,127.045068638,37.467370875
"12257",7,13,3,은행나무,GB,127.044480203,37.466944156
"12258",6,24,7,느티나무,ZS,127.016773545,37.458145053
"12259",7,16,3,은행나무,GB,127.043495007,37.471157701
"12260",7,17,5,양버즘나무,PTA,127.009753989,37.512202833
"12261",5,25,7,느티나무,ZS,127.068918518,37.456277783
"12262",5,28,7,느티나무,ZS,127.016453623,37.457962659
"12263",6,15,4,은행나무,GB,126.987816023,37.460249579
"12264",5,10,2,메타세쿼이아,TB,126.992068606,37.474004001
"12265",7,18,6,은행나무,GB,127.008116883,37.511311827
"12266",10,29,5,양버즘나무,PTA,126.98983089,37.486234011
"12267",4,8,4,은행나무,GB,127.048480456,37.469386942
"12268",5,8,2,메타세쿼이아,TB,126.988039859,37.475118234
"12269",10,25,10,양버즘나무,PTA,127.040297655,37.468452474
"12270",9,26,12,양버즘나무,PTA,127.000119736,37.481898247
"12271",7,12,2,은행나무,GB,127.012363786,37.513452622
"12272",7,13,2,은행나무,GB,127.035775137,37.460282896
"12273",11,27,5,양버즘나무,PTA,127.029180276,37.486379874
"12274",6,15,2,은행나무,GB,127.046784686,37.45951798
"12275",9,31,8,메타세쿼이아,TB,127.030112037,37.472608509
"12276",6,37,6,메타세쿼이아,TB,127.014174079,37.516514606
"12277",7,23,6,은행나무,GB,126.993825408,37.480094027
"12278",7,21,4,은행나무,GB,127.046538727,37.472238132
"12279",10,34,9,양버즘나무,PTA,127.006097811,37.479200768
"12280",6,18,4,은행나무,GB,127.046700771,37.468558187
"12281",6,17,5,은행나무,GB,127.042761289,37.470657873
"12282",0,9,0,느티나무,ZS,127.016073909,37.481723103
"12283",7,32,10,느티나무,ZS,127.012773697,37.480188276
"12284",8,15,5,느티나무,ZS,127.062780847,37.45589008
"12285",8,25,6,느티나무,ZS,127.080322656,37.460442959
"12286",10,21,6,양버즘나무,PTA,127.013440682,37.51381074
"12287",4,44,12,느티나무,ZS,127.086412944,37.462071428
"12288",6,15,5,은행나무,GB,127.052619782,37.450831935
"12289",10,23,4,메타세쿼이아,TB,127.040533177,37.474244587
"12290",8,27,5,양버즘나무,PTA,127.019765722,37.486034573
"12291",8,19,5,양버즘나무,PTA,127.038448293,37.472470973
"12292",6,34,4,느티나무,ZS,127.045744174,37.463532982
"12293",11,26,5,양버즘나무,PTA,127.005354984,37.496997738
"12294",6,11,3,은행나무,GB,127.064693384,37.435985456
"12295",13,53,12,느티나무,ZS,127.090927134,37.463771532
"12296",5,8,3,왕벚나무,PS,127.049126006,37.456122009
"12297",10,37,6,메타세쿼이아,TB,127.029265961,37.469345601
"12298",5,8,2,느티나무,ZS,126.991890488,37.48722769
"12299",10,23,5,메타세쿼이아,TB,127.042649179,37.476941342
"12300",12,29,12,가중나무,AA,127.009789906,37.516651295
"12301",12,13,3,은행나무,GB,127.019617097,37.515132522
"12302",10,18,3,은행나무,GB,126.999427163,37.481582275
"12303",8,28,8,은행나무,GB,127.011057628,37.493326893
"12304",9,14,4,메타세쿼이아,TB,127.036642994,37.462046523
"12305",10,25,4,양버즘나무,PTA,126.987864507,37.505319317
"12306",10,41,7,양버즘나무,PTA,127.013310117,37.513139569
"12307",8,14,4,양버즘나무,PTA,127.033836949,37.475223919
"12308",7,18,5,은행나무,GB,127.046405991,37.472162168
"12309",7,25,6,은행나무,GB,127.04152196,37.472586867
"12310",13,29,8,가중나무,AA,127.008156799,37.508639801
"12311",8,22,4,메타세쿼이아,TB,127.030135381,37.470289291
"12312",13,25,8,양버즘나무,PTA,127.027524798,37.497427095
"12313",12,32,6,메타세쿼이아,TB,127.040601339,37.474568647
"12314",11,28,10,양버즘나무,PTA,126.992886087,37.489126044
"12315",9,22,8,양버즘나무,PTA,127.038929437,37.47164715
"12316",11,30,6,양버즘나무,PTA,127.013348076,37.510748666
"12317",14,31,7,양버즘나무,PTA,127.039183635,37.478144442
"12318",9,34,5,양버즘나무,PTA,126.998590943,37.48150832
"12319",9,16,3,양버즘나무,PTA,127.017217479,37.485302408
"12320",12,25,5,양버즘나무,PTA,127.005044256,37.490481614
"12321",16,28,8,양버즘나무,PTA,127.023167818,37.482766807
"12322",6,23,5,양버즘나무,PTA,127.0030467,37.482572065
"12323",10,29,3,양버즘나무,PTA,127.038677361,37.476443102
"12324",12,26,7,양버즘나무,PTA,127.037527904,37.480577631
"12325",11,31,10,양버즘나무,PTA,127.007150402,37.483356009
"12326",9,37,8,양버즘나무,PTA,127.010505018,37.485664661
"12327",10,33,9,양버즘나무,PTA,126.999161243,37.479401994
"12328",5,12,4,양버즘나무,PTA,127.028821263,37.488792841
"12329",9,33,8,느티나무,ZS,127.068626083,37.456347596
"12330",11,22,4,양버즘나무,PTA,127.00453044,37.488051651
"12331",8,19,4,양버즘나무,PTA,127.011815067,37.513239213
"12332",8,25,6,양버즘나무,PTA,127.023146224,37.498999604
"12333",7,15,4,은행나무,GB,126.995067467,37.493999652
"12334",5,10,2,메타세쿼이아,TB,126.987495517,37.475278666
"12335",12,22,6,양버즘나무,PTA,127.037689096,37.481165786
"12336",6,14,2,은행나무,GB,127.023918883,37.471788491
"12337",5,10,2,메타세쿼이아,TB,127.002958679,37.475481831
"12338",7,17,3,은행나무,GB,127.010292137,37.504365809
"12339",7,28,7,은행나무,GB,127.043255927,37.474107631
"12340",10,37,10,양버즘나무,PTA,127.040212105,37.468537933
"12341",13,27,5,양버즘나무,PTA,126.988924129,37.48764224
"12342",8,22,5,양버즘나무,PTA,127.025845503,37.493358647
"12343",7,31,8,느티나무,ZS,127.010997028,37.479385196
"12344",15,34,12,양버즘나무,PTA,127.03306296,37.48607975
"12345",8,16,5,양버즘나무,PTA,127.021733646,37.49046323
"12346",12,24,6,양버즘나무,PTA,127.013158926,37.510529563
"12347",9,24,5,양버즘나무,PTA,127.039004039,37.471073692
"12348",7,36,3,메타세쿼이아,TB,127.020448964,37.46057056
"12349",8,21,8,양버즘나무,PTA,127.038458931,37.476567295
"12350",8,26,5,양버즘나무,PTA,127.027834236,37.489597112
"12351",12,17,5,양버즘나무,PTA,127.028831587,37.492771917
"12352",9,28,5,양버즘나무,PTA,127.025017387,37.491445488
"12353",9,25,6,느티나무,ZS,127.067855177,37.456090897
"12354",13,25,12,느티나무,ZS,127.087547423,37.462657642
"12355",7,14,4,은행나무,GB,127.048079686,37.457208424
"12378",7,26,8,은행나무,GB,127.010787735,37.493875114
"12356",9,18,5,양버즘나무,PTA,127.000935867,37.481889253
"12357",7,20,7,회화나무,STJ,127.011299458,37.48480068
"12358",8,29,8,양버즘나무,PTA,127.01528351,37.494177274
"12359",7,25,3,양버즘나무,PTA,127.033122573,37.474826404
"12360",14,30,8,양버즘나무,PTA,127.015278279,37.501812463
"12361",7,17,4,은행나무,GB,127.019901354,37.510786826
"12362",10,33,6,양버즘나무,PTA,126.992496652,37.481897199
"12363",10,37,8,양버즘나무,PTA,127.014611005,37.493969998
"12364",10,35,8,메타세쿼이아,TB,127.035271003,37.473937739
"12365",13,38,12,가중나무,AA,127.009153864,37.516033192
"12366",6,11,3,은행나무,GB,127.057137509,37.446051123
"12367",4,6,2,왕벚나무,PS,127.056852963,37.446161126
"12368",5,17,4,느티나무,ZS,127.045952743,37.468053364
"12369",9,36,7,양버즘나무,PTA,127.013382959,37.513557805
"12370",9,22,4,양버즘나무,PTA,127.004113259,37.486524979
"12371",6,11,2,은행나무,GB,127.044480528,37.466447024
"12372",14,32,12,양버즘나무,PTA,127.032384414,37.48749587
"12373",5,15,4,은행나무,GB,127.047495039,37.474735739
"12374",10,25,5,양버즘나무,PTA,127.017566669,37.509856135
"12375",11,18,4,메타세쿼이아,TB,127.039090806,37.473804768
"12376",6,17,4,은행나무,GB,127.049177909,37.470346715
"12377",10,22,4,양버즘나무,PTA,127.036548455,37.476842433
"12379",11,23,7,양버즘나무,PTA,126.982974436,37.494449434
"12380",6,12,4,은행나무,GB,127.044891177,37.477308564
"12381",10,20,4,양버즘나무,PTA,127.035594994,37.476132522
"12382",6,18,4,느티나무,ZS,127.031306934,37.473267118
"12383",8,24,6,양버즘나무,PTA,127.037183148,37.481771389
"12384",7,26,5,양버즘나무,PTA,126.993454607,37.480233936
"12385",11,35,6,양버즘나무,PTA,127.011522892,37.483552907
"12386",11,30,12,양버즘나무,PTA,127.009749406,37.498639145
"12387",11,31,8,양버즘나무,PTA,127.01000459,37.492421763
"12388",4,14,3,느티나무,ZS,126.984411385,37.485735618
"12389",10,21,5,양버즘나무,PTA,127.004967167,37.481910314
"12390",15,19,8,양버즘나무,PTA,127.024048966,37.482488494
"12391",5,8,2,느티나무,ZS,126.986406156,37.485817497
"12392",9,17,4,양버즘나무,PTA,126.992498247,37.489745202
"12393",13,27,5,양버즘나무,PTA,127.029106198,37.486932735
"12394",7,15,3,은행나무,GB,127.01050536,37.512401621
"12395",11,36,8,양버즘나무,PTA,127.006291101,37.495095998
"12396",5,10,2,메타세쿼이아,TB,126.991773341,37.47437601
"12397",11,39,6,양버즘나무,PTA,126.984428636,37.490946663
"12398",6,14,4,은행나무,GB,127.049329144,37.456071842
"12399",6,40,6,느티나무,ZS,127.023356189,37.460427585
"12400",12,29,5,양버즘나무,PTA,127.027948511,37.492501324
"12401",6,11,3,은행나무,GB,127.067109653,37.433611924
"12402",3,16,3,은행나무,GB,127.044557979,37.475948067
"12403",8,16,5,은행나무,GB,127.011774804,37.513070872
"12404",7,18,4,메타세쿼이아,TB,127.011672929,37.508435877
"12405",4,30,3,양버즘나무,PTA,127.014269512,37.491156781
"12406",5,15,4,느티나무,ZS,126.992462709,37.487431968
"12407",10,17,5,양버즘나무,PTA,127.00114897,37.481944033
"12408",4,17,5,느티나무,ZS,126.982558463,37.485309915
"12409",2,12,3,은행나무,GB,127.028689797,37.495100507
"12410",5,17,2,느티나무,ZS,127.045837898,37.467965086
"12411",12,28,12,느티나무,ZS,127.03181437,37.482342802
"12412",7,16,6,은행나무,GB,127.044810588,37.477482244
"12413",14,24,8,양버즘나무,PTA,126.981998812,37.478828223
"12414",12,30,6,가중나무,AA,127.006375403,37.511966192
"12415",5,10,2,메타세쿼이아,TB,126.993830474,37.473588904
"12416",14,31,6,양버즘나무,PTA,126.982020376,37.479508591
"12417",8,25,5,칠엽수,AC,127.011892234,37.502038116
"12418",12,42,8,가중나무,AA,127.003356586,37.508083215
"12419",11,22,2,양버즘나무,PTA,127.017644804,37.500749479
"12420",9,20,5,양버즘나무,PTA,126.986636042,37.477328524
"12421",12,41,12,가중나무,AA,127.006929868,37.511447748
"12422",9,18,8,양버즘나무,PTA,127.026539316,37.497632013
"12423",13,38,6,양버즘나무,PTA,127.008001612,37.490826837
"12424",10,25,5,양버즘나무,PTA,127.020449591,37.486022923
"12425",10,27,5,양버즘나무,PTA,126.995664443,37.48095453
"12426",8,31,10,양버즘나무,PTA,127.008744556,37.511511914
"12427",4,27,5,튤립나무,LT,127.023504276,37.481444801
"12428",10,28,4,가중나무,AA,127.014002731,37.515253533
"12429",10,31,5,양버즘나무,PTA,127.005425825,37.482819863
"12430",10,40,6,양버즘나무,PTA,126.989396344,37.486713518
"12431",13,39,12,가중나무,AA,127.013577014,37.514917504
"12432",4,21,5,느티나무,ZS,126.982508395,37.476304337
"12433",13,40,12,가중나무,AA,127.011039033,37.517559073
"12434",10,19,6,양버즘나무,PTA,127.026359325,37.488048848
"12435",7,26,7,느티나무,ZS,127.08211433,37.462319314
"12436",12,33,6,양버즘나무,PTA,126.989814787,37.501808512
"12437",8,18,5,느티나무,ZS,127.079113704,37.4597972
"12438",8,15,3,은행나무,GB,127.038473294,37.458691747
"12439",0,9,0,느티나무,ZS,127.003165819,37.475911301
"12440",12,27,10,양버즘나무,PTA,127.038100896,37.47912698
"12441",10,29,9,양버즘나무,PTA,126.999002349,37.479654462
"12442",5,20,5,느티나무,ZS,126.987769595,37.480133375
"12443",12,24,6,양버즘나무,PTA,127.00478393,37.498151592
"12444",7,19,4,은행나무,GB,126.988428467,37.464937633
"12445",6,17,4,메타세쿼이아,TB,127.027854267,37.466972436
"12446",11,27,8,양버즘나무,PTA,127.005987258,37.49132089
"12447",10,20,6,양버즘나무,PTA,127.038949942,37.476751696
"12448",7,24,5,느티나무,ZS,127.052007679,37.460326243
"12449",12,23,7,양버즘나무,PTA,127.01224793,37.493250841
"12450",5,30,6,느티나무,ZS,127.044228997,37.46427038
"12451",10,39,7,메타세쿼이아,TB,127.030915555,37.471311987
"12452",7,13,2,은행나무,GB,127.027253991,37.471598555
"12453",4,11,3,회화나무,STJ,127.016737308,37.52058343
"12454",5,10,2,메타세쿼이아,TB,126.995741345,37.473692103
"12455",6,27,8,양버즘나무,PTA,127.037780648,37.46927078
"12456",5,15,3,느티나무,ZS,126.982420534,37.486674514
"12457",10,20,4,은행나무,GB,127.002486302,37.482228336
"12458",4,13,2,메타세쿼이아,TB,127.018182535,37.482369084
"12459",6,11,3,은행나무,GB,127.056818201,37.446356282
"12460",12,38,7,양버즘나무,PTA,127.009278116,37.492467717
"12461",10,38,6,양버즘나무,PTA,127.005858534,37.495196369
"12462",7,15,3,은행나무,GB,127.03614194,37.46098742
"12463",7,11,3,메타세쿼이아,TB,127.042005502,37.478606061
"12464",11,37,7,메타세쿼이아,TB,127.042684543,37.47674398
"12465",16,24,4,양버즘나무,PTA,127.023609982,37.481752252
"12466",5,13,4,은행나무,GB,127.028526606,37.47256651
"12467",13,43,12,양버즘나무,PTA,127.029452627,37.493651579
"12468",4,6,2,왕벚나무,PS,127.056428906,37.446559977
"12469",9,26,5,양버즘나무,PTA,127.028026716,37.489192373
"12470",8,25,6,양버즘나무,PTA,127.012344433,37.509902297
"12471",7,15,3,은행나무,GB,127.050221939,37.47107861
"12472",10,28,8,양버즘나무,PTA,126.994461343,37.498396448
"12473",13,37,10,양버즘나무,PTA,127.021520855,37.510259857
"12474",15,30,6,양버즘나무,PTA,127.000412692,37.504668392
"12475",8,30,9,양버즘나무,PTA,127.01203721,37.513054682
"12476",7,28,5,양버즘나무,PTA,126.994212402,37.480476282
"12477",6,23,3,메타세쿼이아,TB,127.020444656,37.460633147
"12478",7,18,6,은행나무,GB,127.028324487,37.472270976
"12479",6,15,4,은행나무,GB,126.988453456,37.464352756
"12480",10,37,10,양버즘나무,PTA,127.010255482,37.487206048
"12481",9,28,6,양버즘나무,PTA,127.038884382,37.477012244
"12482",4,6,2,왕벚나무,PS,127.056968625,37.446219492
"12483",8,36,10,느티나무,ZS,127.01271806,37.480169042
"12484",12,28,12,양버즘나무,PTA,126.986256427,37.502973242
"12485",8,16,2,메타세쿼이아,TB,127.013678035,37.508898315
"12486",13,32,12,가중나무,AA,127.012682885,37.519026586
"12487",9,29,6,느티나무,ZS,127.074074607,37.458456318
"12488",10,39,7,양버즘나무,PTA,127.006588021,37.49371236
"12489",10,32,10,양버즘나무,PTA,126.99186468,37.490772357
"12490",5,10,2,메타세쿼이아,TB,127.000764278,37.474430048
"12491",13,29,12,가중나무,AA,127.011421004,37.516655045
"12492",11,37,6,양버즘나무,PTA,127.004071997,37.498772471
"12493",8,20,4,느티나무,ZS,127.039347186,37.468892342
"12494",8,25,7,양버즘나무,PTA,127.038930722,37.47347125
"12495",8,24,6,메타세쿼이아,TB,127.022824673,37.499736168
"12496",10,25,6,양버즘나무,PTA,127.033885817,37.468342589
"12497",5,26,6,메타세쿼이아,TB,127.014585097,37.517288235
"12498",10,29,5,양버즘나무,PTA,126.987017321,37.491395181
"12499",4,17,4,은행나무,GB,127.011911884,37.513131994
"12500",5,28,6,양버즘나무,PTA,127.016584717,37.484948506
"12501",12,28,4,양버즘나무,PTA,127.042188108,37.480939398
"12502",10,22,6,느티나무,ZS,127.029594424,37.483735887
"12503",10,21,4,양버즘나무,PTA,127.007875642,37.483288607
"12504",9,22,5,양버즘나무,PTA,127.010895289,37.512501911
"12505",14,28,5,양버즘나무,PTA,127.003898147,37.501468118
"12506",25,41,13,양버즘나무,PTA,127.033536724,37.485088089
"12507",8,40,8,느티나무,ZS,127.057410098,37.458009485
"12508",8,23,6,느티나무,ZS,127.059952356,37.457290908
"12509",10,40,12,가중나무,AA,127.003794022,37.507158172
"12510",4,18,1,은행나무,GB,126.99621164,37.480905369
"12511",4,22,5,느티나무,ZS,127.087201083,37.462334897
"12512",5,10,2,메타세쿼이아,TB,127.005266107,37.476582534
"12513",12,26,12,양버즘나무,PTA,127.004317164,37.487847527
"12514",12,34,6,양버즘나무,PTA,127.003562372,37.501355003
"12515",9,30,6,양버즘나무,PTA,127.038884414,37.476661143
"12516",12,40,12,양버즘나무,PTA,126.986293456,37.502259551
"12517",11,27,7,양버즘나무,PTA,127.014922181,37.518562667
"12518",0,24,5,양버즘나무,PTA,127.038455226,37.477742376
"12519",12,41,8,양버즘나무,PTA,126.982571866,37.488667818
"12520",7,26,7,은행나무,GB,127.045126638,37.474956829
"12521",10,34,5,양버즘나무,PTA,127.017619249,37.509844633
"12522",9,29,6,은행나무,GB,127.017970014,37.515540959
"12523",5,16,4,느티나무,ZS,127.041477605,37.466780667
"12524",0,9,0,느티나무,ZS,127.017426027,37.48211952
"12525",8,29,5,은행나무,GB,127.016388097,37.515179862
"12526",10,31,5,양버즘나무,PTA,126.992074307,37.482735885
"12527",0,8,0,느티나무,ZS,127.040420026,37.485287345
"12528",10,22,5,양버즘나무,PTA,127.028903897,37.487355529
"12529",10,39,8,양버즘나무,PTA,127.006058829,37.49556393
"12530",7,18,5,양버즘나무,PTA,127.01090718,37.512808579
"12531",5,19,3,느티나무,ZS,127.048057525,37.469583758
"12532",5,23,7,느티나무,ZS,126.988489584,37.480393766
"12533",11,29,10,가중나무,AA,127.014592903,37.515106074
"12534",0,9,0,느티나무,ZS,127.019064118,37.482600778
"12535",5,30,4,양버즘나무,PTA,127.040816227,37.479759947
"12536",6,22,2,메타세쿼이아,TB,127.024187703,37.463552205
"12537",6,14,4,은행나무,GB,127.043683425,37.47369459
"12538",5,17,4,은행나무,GB,127.057308158,37.445834708
"12539",7,23,8,양버즘나무,PTA,127.022421286,37.496354291
"12540",10,24,10,양버즘나무,PTA,126.99797531,37.480796982
"12541",8,15,3,은행나무,GB,127.004698136,37.489118694
"12542",5,10,2,메타세쿼이아,TB,127.004422186,37.47618004
"12543",11,17,6,양버즘나무,PTA,126.987457748,37.489724294
"12544",7,19,5,칠엽수,AC,127.010691007,37.503918655
"12545",9,28,3,양버즘나무,PTA,127.0293363,37.485937804
"12546",8,21,8,양버즘나무,PTA,127.038463879,37.477272476
"12547",10,33,9,양버즘나무,PTA,126.99710154,37.482551372
"12548",13,30,5,양버즘나무,PTA,127.004015249,37.501080808
"12549",5,12,4,은행나무,GB,127.026337002,37.471151349
"12550",11,41,8,양버즘나무,PTA,127.009766737,37.487964089
"12551",8,27,6,느티나무,ZS,127.067017087,37.456023858
"12552",9,52,13,양버즘나무,PTA,127.022749576,37.507699498
"12553",12,39,8,양버즘나무,PTA,127.017903035,37.494861718
"12554",6,35,6,느티나무,ZS,127.010629384,37.456642018
"12555",13,40,12,가중나무,AA,127.01165546,37.518161902
"12556",7,25,5,은행나무,GB,127.010301874,37.494798548
"12557",5,11,1,은행나무,GB,127.041312107,37.464664055
"12558",9,20,3,양버즘나무,PTA,127.01353662,37.514226066
"12559",8,31,8,메타세쿼이아,TB,127.027995736,37.467385803
"12560",19,30,9,양버즘나무,PTA,127.033306618,37.485575736
"12561",4,38,8,느티나무,ZS,127.085917966,37.461911289
"12562",7,29,8,칠엽수,AC,127.012230074,37.500634094
"12563",6,23,5,칠엽수,AC,127.012861168,37.497889632
"12564",8,15,2,느티나무,ZS,127.046593269,37.462566981
"12565",0,8,0,느티나무,ZS,127.040865394,37.485353213
"12566",12,33,12,양버즘나무,PTA,126.986184426,37.502598097
"12567",12,36,12,가중나무,AA,127.006955555,37.513877517
"12568",10,32,10,양버즘나무,PTA,127.012898346,37.502657035
"12569",0,9,0,느티나무,ZS,127.024514728,37.48338506
"12570",8,32,10,느티나무,ZS,127.030623481,37.48421349
"12571",5,14,4,느티나무,ZS,126.98453611,37.48560368
"12572",7,37,5,양버즘나무,PTA,127.015439438,37.488556316
"12573",11,37,8,양버즘나무,PTA,127.014689487,37.502363282
"12574",8,33,8,느티나무,ZS,127.010232993,37.479014419
"12575",6,28,7,느티나무,ZS,127.016576601,37.484290237
"12576",13,38,8,양버즘나무,PTA,126.992339983,37.482138404
"12577",9,29,7,양버즘나무,PTA,127.006620587,37.493646658
"12578",9,24,6,양버즘나무,PTA,127.038920369,37.472036139
"12579",12,21,6,양버즘나무,PTA,126.997328856,37.488727409
"12580",13,55,12,가중나무,AA,127.009735769,37.516598255
"12581",8,22,4,양버즘나무,PTA,127.036097724,37.477559851
"12582",11,29,6,양버즘나무,PTA,126.986339931,37.491165061
"12583",7,41,10,느티나무,ZS,127.081858263,37.461569383
"12584",9,22,5,은행나무,GB,127.010596514,37.510066461
"12585",7,15,7,가중나무,AA,127.006893516,37.511510636
"12586",13,56,12,느티나무,ZS,127.085116718,37.461863943
"12587",6,38,6,느티나무,ZS,127.023731586,37.460412821
"12588",8,30,5,느티나무,ZS,127.06433226,37.455560202
"12589",8,31,7,느티나무,ZS,127.053642399,37.45962272
"12590",9,25,7,양버즘나무,PTA,127.015409483,37.519907607
"12591",12,25,6,양버즘나무,PTA,127.003642928,37.500919997
"12592",4,6,2,왕벚나무,PS,127.053233376,37.44984667
"12593",4,30,6,양버즘나무,PTA,127.014609314,37.517353265
"12594",8,31,8,양버즘나무,PTA,127.037138022,37.468966369
"12595",5,8,2,메타세쿼이아,TB,127.003221158,37.475938358
"12596",13,30,3,양버즘나무,PTA,127.037367983,37.481605708
"12597",10,22,6,양버즘나무,PTA,127.038950027,37.476806828
"12598",9,33,10,양버즘나무,PTA,126.999994466,37.477726714
"12599",6,18,4,은행나무,GB,126.988013532,37.4620466
"12600",10,29,5,양버즘나무,PTA,127.005385743,37.496929333
"12601",7,31,6,느티나무,ZS,127.052816191,37.459976608
"12602",9,49,12,느티나무,ZS,127.008479024,37.478129414
"12603",5,10,2,메타세쿼이아,TB,126.99742624,37.473740424
"12765",7,25,6,느티나무,ZS,127.052901385,37.459941337
"12604",10,29,5,양버즘나무,PTA,126.988321947,37.488567739
"12605",3,8,2,꽃사과,PRS,126.985089098,37.485639255
"12606",11,46,8,양버즘나무,PTA,127.009314961,37.488120008
"12607",7,20,5,느티나무,ZS,127.05035486,37.461424914
"12608",10,32,8,양버즘나무,PTA,127.032813332,37.469496372
"12609",10,41,6,메타세쿼이아,TB,127.02996054,37.472547715
"12610",6,23,7,느티나무,ZS,127.013144768,37.45727033
"12611",8,27,6,느티나무,ZS,127.059289571,37.457387804
"12612",10,27,10,양버즘나무,PTA,126.991771833,37.490923457
"12613",6,16,2,은행나무,GB,127.02344829,37.472196122
"12614",12,41,8,메타세쿼이아,TB,127.041041318,37.475073707
"12615",4,6,2,왕벚나무,PS,127.053809496,37.449003586
"12616",8,18,4,느티나무,ZS,127.059342947,37.457552557
"12617",7,16,4,은행나무,GB,127.012124533,37.513184222
"12618",5,19,4,양버즘나무,PTA,127.016642874,37.484685978
"12619",10,24,7,양버즘나무,PTA,127.038881003,37.475322877
"12620",5,10,2,메타세쿼이아,TB,127.004479494,37.476207144
"12621",8,28,6,메타세쿼이아,TB,127.022407894,37.500583581
"12622",9,23,6,은행나무,GB,127.010778707,37.509723423
"12623",5,8,3,단풍나무,MP,126.98556539,37.485904903
"12624",10,18,5,양버즘나무,PTA,127.01045203,37.487039247
"12625",0,8,0,느티나무,ZS,127.035479334,37.484607236
"12626",12,39,6,양버즘나무,PTA,126.992220984,37.502313221
"12627",5,10,2,메타세쿼이아,TB,126.987527726,37.475557537
"12628",6,12,2,은행나무,GB,127.048989355,37.4562458
"12629",6,32,6,느티나무,ZS,127.050514135,37.460969077
"12630",8,23,7,양버즘나무,PTA,127.038459011,37.475855621
"12631",10,37,7,메타세쿼이아,TB,127.029428456,37.469536311
"12632",7,14,4,은행나무,GB,127.010285368,37.512412867
"12633",6,12,2,메타세쿼이아,TB,126.99867182,37.473696699
"12634",8,20,3,양버즘나무,PTA,127.023893991,37.504164799
"12635",7,34,7,은행나무,GB,127.045177393,37.47224979
"12636",13,29,5,양버즘나무,PTA,127.00438149,37.499224414
"12637",12,26,10,양버즘나무,PTA,126.999831739,37.508196951
"12638",12,15,5,은행나무,GB,127.014951226,37.501972222
"12639",8,29,7,양버즘나무,PTA,127.0211972,37.503149928
"12640",11,29,8,양버즘나무,PTA,126.993166534,37.4886689
"12641",14,22,7,양버즘나무,PTA,127.038564117,37.479520906
"12642",13,28,4,양버즘나무,PTA,127.040639997,37.479258705
"12643",9,20,7,느티나무,ZS,127.058145937,37.457632918
"12644",9,37,8,양버즘나무,PTA,127.03924108,37.469972933
"12645",6,15,4,양버즘나무,PTA,127.042694814,37.466243667
"12646",8,25,5,양버즘나무,PTA,127.026568274,37.491846664
"12647",9,25,8,느티나무,ZS,127.073573896,37.458292248
"12648",7,16,4,양버즘나무,PTA,127.034160331,37.468283015
"12649",10,22,4,양버즘나무,PTA,127.003547373,37.501203116
"12650",7,24,4,양버즘나무,PTA,127.013286089,37.513940339
"12651",12,31,7,양버즘나무,PTA,127.008606641,37.490358586
"12652",9,26,7,메타세쿼이아,TB,127.042373554,37.476620424
"12653",9,21,7,느티나무,ZS,127.058060376,37.457670828
"12654",11,22,7,양버즘나무,PTA,127.013433758,37.512243817
"12655",10,29,8,은행나무,GB,127.01835982,37.515666168
"12656",7,34,10,느티나무,ZS,127.012053939,37.479936547
"12657",0,9,0,느티나무,ZS,127.024905864,37.483156099
"12658",4,14,2,은행나무,GB,127.028083556,37.472293609
"12659",8,24,5,느티나무,ZS,127.071808122,37.457123271
"12660",11,20,6,양버즘나무,PTA,126.98717045,37.490380581
"12661",12,39,12,가중나무,AA,127.011266151,37.517776427
"12662",6,22,6,은행나무,GB,126.993935381,37.480130825
"12663",13,50,12,가중나무,AA,127.007323775,37.510701348
"12664",7,20,5,은행나무,GB,127.026904391,37.471362823
"12665",8,30,5,양버즘나무,PTA,127.010697895,37.487273129
"12666",4,6,2,왕벚나무,PS,127.053309082,37.449743636
"12667",8,34,5,양버즘나무,PTA,127.013887148,37.48824492
"12668",11,31,10,가중나무,AA,127.003187786,37.508763684
"12669",9,26,5,양버즘나무,PTA,127.028878903,37.492640675
"12670",13,53,12,가중나무,AA,127.00982234,37.51636552
"12671",7,24,5,양버즘나무,PTA,126.989208821,37.478446043
"12672",10,27,8,양버즘나무,PTA,126.998823857,37.479925471
"12673",8,11,3,은행나무,GB,127.010982657,37.493478095
"12674",8,26,7,느티나무,ZS,127.06571165,37.455276502
"12675",0,9,0,느티나무,ZS,127.007338863,37.477944211
"12676",12,26,8,양버즘나무,PTA,127.006052981,37.491335387
"12677",13,27,10,양버즘나무,PTA,126.988353027,37.498109395
"12678",8,23,9,양버즘나무,PTA,127.007780158,37.511064023
"12679",15,27,7,양버즘나무,PTA,127.004317078,37.498220866
"12680",8,24,5,메타세쿼이아,TB,127.027912369,37.489433325
"12681",15,38,5,양버즘나무,PTA,126.999114377,37.50452179
"12682",5,19,3,느티나무,ZS,127.04782193,37.469404029
"12683",10,30,7,메타세쿼이아,TB,127.038988033,37.47383922
"12684",11,26,6,양버즘나무,PTA,127.013677013,37.493155593
"12685",12,13,4,은행나무,GB,127.042047216,37.483601963
"12686",9,27,6,양버즘나무,PTA,126.983002922,37.495129889
"12687",12,33,6,양버즘나무,PTA,126.982023762,37.479597636
"12688",6,27,8,느티나무,ZS,127.003148002,37.49245333
"12689",14,17,5,은행나무,GB,127.041887638,37.483958714
"12690",10,30,8,양버즘나무,PTA,127.03428077,37.467928845
"12691",13,32,12,가중나무,AA,127.007978553,37.514563531
"12692",7,24,4,양버즘나무,PTA,127.035481642,37.475853502
"12693",7,12,1,메타세쿼이아,TB,127.043742759,37.477828477
"12694",9,36,6,양버즘나무,PTA,127.01335179,37.5118863
"12695",6,15,3,은행나무,GB,127.057356364,37.445398034
"12696",14,26,4,메타세쿼이아,TB,127.04404634,37.477985573
"12697",4,12,2,은행나무,GB,127.026550026,37.471298912
"12698",10,29,5,양버즘나무,PTA,127.006734603,37.494196181
"12699",12,40,12,가중나무,AA,127.011231507,37.516763173
"12700",9,22,6,양버즘나무,PTA,127.038451337,37.473058996
"12701",11,33,6,양버즘나무,PTA,126.9883456,37.488351249
"12702",7,21,5,은행나무,GB,127.043254135,37.473971441
"12703",17,31,9,양버즘나무,PTA,127.033331142,37.485499409
"12704",10,43,8,메타세쿼이아,TB,127.029817023,37.472698919
"12705",6,27,6,메타세쿼이아,TB,127.022616784,37.4623181
"12706",6,20,7,느티나무,ZS,127.013930231,37.45757625
"12707",4,13,4,은행나무,GB,127.024712326,37.471348352
"12708",9,24,3,가중나무,AA,127.014876754,37.514922966
"12709",13,33,12,느티나무,ZS,127.085410643,37.461958207
"12710",6,16,3,메타세쿼이아,TB,127.030723132,37.472013627
"12711",8,17,2,은행나무,GB,127.026289056,37.491841826
"12712",4,27,7,양버즘나무,PTA,127.026827782,37.497845495
"12713",6,12,2,메타세쿼이아,TB,126.996921202,37.473415636
"12714",10,33,6,메타세쿼이아,TB,127.030735709,37.471954827
"12715",7,21,3,양버즘나무,PTA,127.037320077,37.477225457
"12716",7,18,3,은행나무,GB,127.04956676,37.470401966
"12717",7,15,3,은행나무,GB,127.043965169,37.47342081
"12718",13,33,6,양버즘나무,PTA,127.020220251,37.495551146
"12719",13,37,6,가중나무,AA,127.002809681,37.509221214
"12720",8,25,6,양버즘나무,PTA,127.026187097,37.487997926
"12721",8,24,5,느티나무,ZS,127.060693995,37.457024976
"12722",6,16,3,은행나무,GB,127.046879543,37.459643692
"12723",0,9,0,느티나무,ZS,127.019241867,37.482628176
"12724",7,18,5,은행나무,GB,127.04894539,37.470170621
"12725",6,17,5,은행나무,GB,127.0483358,37.469727823
"12726",6,16,3,은행나무,GB,127.047151972,37.468873195
"12727",4,32,10,느티나무,ZS,127.016090202,37.457528651
"12728",4,18,3,느티나무,ZS,126.990940792,37.486774158
"12729",6,27,7,느티나무,ZS,127.013777429,37.45731182
"12730",6,29,7,느티나무,ZS,127.017452927,37.458670242
"12731",9,26,7,양버즘나무,PTA,127.03840941,37.476947284
"12732",8,39,12,양버즘나무,PTA,126.995961194,37.48392202
"12733",12,34,7,양버즘나무,PTA,127.004581187,37.497789357
"12734",7,23,3,양버즘나무,PTA,127.01080281,37.512760109
"12735",7,14,4,은행나무,GB,127.049744487,37.455682239
"12736",9,32,5,양버즘나무,PTA,127.029374543,37.492792815
"12737",14,39,6,양버즘나무,PTA,126.990495675,37.485005912
"12738",9,14,2,메타세쿼이아,TB,127.002041493,37.50546101
"12739",8,20,5,양버즘나무,PTA,127.027540678,37.489809638
"12740",8,17,3,메타세쿼이아,TB,127.020661592,37.510794061
"12741",10,36,10,느티나무,ZS,127.031468134,37.483138505
"12742",13,30,10,양버즘나무,PTA,126.992520065,37.49803217
"12743",8,20,4,느티나무,ZS,127.039293773,37.469055128
"12744",15,19,7,양버즘나무,PTA,127.03858347,37.479468089
"12745",9,26,7,느티나무,ZS,127.074935363,37.458435366
"12746",8,26,6,은행나무,GB,127.010721712,37.493281212
"12747",5,16,2,느티나무,ZS,126.995015479,37.487925911
"12748",5,30,8,양버즘나무,PTA,127.014610206,37.489205314
"12749",6,16,6,은행나무,GB,127.047751964,37.474489818
"12750",4,9,3,꽃사과,PRS,126.98282216,37.48530529
"12751",4,15,3,은행나무,GB,127.048337747,37.473928834
"12752",7,26,6,느티나무,ZS,127.032774784,37.48418292
"12753",9,23,5,느티나무,ZS,127.07402594,37.458136781
"12754",7,17,3,은행나무,GB,126.991663302,37.493263651
"12755",7,14,4,은행나무,GB,126.984021368,37.470680703
"12756",0,9,0,느티나무,ZS,127.036315243,37.484726862
"12757",12,28,7,양버즘나무,PTA,127.014061691,37.516200982
"12758",7,23,5,은행나무,GB,127.042220039,37.474943617
"12759",7,32,5,느티나무,ZS,127.046445095,37.463131234
"12760",8,29,5,양버즘나무,PTA,127.017531527,37.489191617
"12761",8,27,6,메타세쿼이아,TB,127.026901008,37.466229532
"12762",6,16,4,느티나무,ZS,127.01022419,37.51244752
"12763",9,19,3,양버즘나무,PTA,127.013548371,37.514278306
"12764",5,10,2,메타세쿼이아,TB,127.002905487,37.47545473
"12766",10,27,10,양버즘나무,PTA,126.991043217,37.492099626
"12767",12,39,7,양버즘나무,PTA,127.008555053,37.490463947
"12768",11,32,7,양버즘나무,PTA,127.008689466,37.492287407
"12769",20,42,13,양버즘나무,PTA,127.032791884,37.486660294
"12770",10,28,6,양버즘나무,PTA,127.006454513,37.506798556
"12771",14,27,12,양버즘나무,PTA,127.033114351,37.485972053
"12772",12,23,10,양버즘나무,PTA,126.999944224,37.507953931
"12773",11,33,8,양버즘나무,PTA,126.986117277,37.500962281
"12774",7,26,6,양버즘나무,PTA,127.038447403,37.471745438
"12775",5,10,2,메타세쿼이아,TB,127.003423431,37.475702892
"12776",12,29,12,양버즘나무,PTA,127.004325661,37.487904063
"12777",12,34,6,양버즘나무,PTA,126.989754807,37.494127813
"12778",10,23,8,양버즘나무,PTA,127.040480123,37.46765462
"12779",11,28,6,양버즘나무,PTA,126.990504207,37.50218395
"12780",11,28,10,양버즘나무,PTA,127.011063698,37.483906808
"12781",12,42,10,양버즘나무,PTA,126.98642692,37.50245446
"12782",8,22,5,양버즘나무,PTA,127.03439059,37.466203409
"12783",11,27,6,양버즘나무,PTA,126.987205897,37.49025169
"12784",6,18,5,은행나무,GB,127.051331325,37.453456454
"12785",11,37,8,양버즘나무,PTA,127.006124962,37.510272462
"12786",7,24,10,양버즘나무,PTA,127.006669776,37.503236371
"12787",13,46,7,가중나무,AA,127.011296378,37.516560911
"12788",9,24,8,느티나무,ZS,127.073239309,37.458184587
"12789",9,19,5,양버즘나무,PTA,127.015187075,37.486569664
"12790",11,38,8,양버즘나무,PTA,127.008289301,37.491008859
"12791",8,19,4,은행나무,GB,127.009927471,37.483895569
"12792",13,32,6,양버즘나무,PTA,126.990861926,37.484430817
"12793",10,28,10,양버즘나무,PTA,126.99478277,37.4861204
"12794",8,33,5,양버즘나무,PTA,126.992910449,37.481254132
"12795",6,30,6,칠엽수,AC,127.013227517,37.496290139
"12796",10,25,5,양버즘나무,PTA,127.000332956,37.481737
"12797",6,23,6,은행나무,GB,127.042307734,37.470226047
"12798",9,25,6,양버즘나무,PTA,127.034204225,37.466257985
"12799",6,13,2,은행나무,GB,127.044514264,37.466471774
"12800",10,29,6,양버즘나무,PTA,127.015160971,37.50942145
"12801",8,18,3,은행나무,GB,126.982361355,37.473819887
"12802",8,22,4,양버즘나무,PTA,127.034332759,37.465526022
"12803",9,35,8,메타세쿼이아,TB,127.030280422,37.472499978
"12804",10,22,5,양버즘나무,PTA,127.004730834,37.482026606
"12805",8,24,6,메타세쿼이아,TB,127.022748076,37.49990017
"12806",9,22,5,양버즘나무,PTA,127.001629998,37.482284601
"12807",12,43,12,양버즘나무,PTA,126.986075674,37.502919514
"12808",5,8,2,메타세쿼이아,TB,127.002810583,37.475742903
"12809",12,30,10,양버즘나무,PTA,127.000091763,37.506657816
"12810",11,29,10,양버즘나무,PTA,126.995171872,37.485508815
"12811",7,25,6,느티나무,ZS,127.082028043,37.461327289
"12812",11,27,10,양버즘나무,PTA,127.000743179,37.476568537
"12813",12,29,8,양버즘나무,PTA,126.99098383,37.491824799
"12814",7,28,5,양버즘나무,PTA,126.991012755,37.479436872
"12815",7,15,4,은행나무,GB,126.991400174,37.493159963
"12816",7,16,5,은행나무,GB,127.042105006,37.472875365
"12817",10,29,8,은행나무,GB,126.998154558,37.495682098
"12818",13,31,7,양버즘나무,PTA,127.038265264,37.480218005
"12819",8,23,8,양버즘나무,PTA,127.038460722,37.476351833
"12820",10,24,6,양버즘나무,PTA,127.015284912,37.519145943
"12821",8,13,2,은행나무,GB,127.038818858,37.462942553
"12822",8,22,4,느티나무,ZS,127.081099056,37.460670992
"12823",9,25,7,은행나무,GB,126.998160797,37.496337021
"12824",8,17,6,양버즘나무,PTA,127.021877513,37.501695598
"12825",6,20,8,은행나무,GB,127.013914662,37.491742509
"12826",8,23,5,메타세쿼이아,TB,127.029685132,37.469589337
"12827",11,25,6,양버즘나무,PTA,126.990401962,37.485153427
"12828",7,20,4,양버즘나무,PTA,127.035638528,37.475976817
"12829",6,25,6,느티나무,ZS,127.066570011,37.455520862
"12830",7,24,6,느티나무,ZS,127.070803226,37.457290599
"12831",11,30,12,양버즘나무,PTA,126.99534375,37.484884767
"12921",6,19,3,은행나무,GB,127.047157365,37.458901299
"12832",9,27,7,양버즘나무,PTA,127.038400882,37.476593936
"12833",8,21,5,양버즘나무,PTA,127.026110181,37.487973522
"12834",4,12,4,은행나무,GB,127.027751506,37.472090612
"12835",8,26,5,양버즘나무,PTA,127.012239576,37.487585709
"12836",8,10,1,은행나무,GB,127.011918506,37.513083252
"12837",9,15,3,가중나무,AA,127.01552523,37.520775449
"12838",6,14,5,느티나무,ZS,127.044503633,37.478010332
"12839",4,6,2,왕벚나무,PS,127.052348418,37.451127765
"12840",5,19,5,느티나무,ZS,126.982499781,37.476645271
"12841",10,29,12,양버즘나무,PTA,127.020056568,37.513619184
"12842",7,31,2,은행나무,GB,127.040492941,37.468981513
"12843",10,25,10,양버즘나무,PTA,126.998235603,37.481473238
"12844",5,10,2,메타세쿼이아,TB,126.999402984,37.474224348
"12845",12,41,10,양버즘나무,PTA,127.000030622,37.506792819
"12846",9,31,5,양버즘나무,PTA,127.019360433,37.489894216
"12847",11,31,6,양버즘나무,PTA,126.982035146,37.479823939
"12848",15,18,4,양버즘나무,PTA,127.035150568,37.483078752
"12849",10,23,5,양버즘나무,PTA,127.027241457,37.490436335
"12850",12,30,7,양버즘나무,PTA,126.982869096,37.491448715
"12851",5,13,3,은행나무,GB,127.047218962,37.47500249
"12852",9,38,8,양버즘나무,PTA,127.006360354,37.478655156
"12853",6,15,1,은행나무,GB,127.05021001,37.455274363
"12854",0,9,0,느티나무,ZS,127.011007343,37.479803962
"12855",8,27,3,양버즘나무,PTA,127.026340786,37.492723283
"12856",6,28,5,메타세쿼이아,TB,127.026579529,37.465936016
"12857",18,19,8,양버즘나무,PTA,127.023842286,37.48274101
"12858",0,9,0,느티나무,ZS,127.022511529,37.482802343
"12859",9,13,3,메타세쿼이아,TB,127.036250084,37.462403359
"12860",8,21,5,양버즘나무,PTA,127.025251849,37.491670353
"12861",7,14,5,은행나무,GB,127.01007657,37.512310313
"12862",10,35,5,양버즘나무,PTA,127.019289557,37.510349031
"12863",6,13,4,은행나무,GB,127.040862808,37.472058323
"12864",12,41,6,메타세쿼이아,TB,127.041407546,37.475256825
"12865",9,30,5,양버즘나무,PTA,127.004986941,37.482735499
"12866",8,24,4,메타세쿼이아,TB,127.030533676,37.470701598
"12867",6,20,6,느티나무,ZS,127.018783276,37.459701698
"12868",13,37,10,양버즘나무,PTA,126.988820464,37.498096728
"12869",12,30,5,양버즘나무,PTA,127.004786038,37.489576024
"12870",12,32,8,양버즘나무,PTA,127.011515184,37.49288103
"12871",7,23,6,은행나무,GB,127.043112302,37.473638315
"12872",8,25,6,느티나무,ZS,127.078018496,37.459438294
"12873",8,24,4,메타세쿼이아,TB,127.036297524,37.462571171
"12874",9,24,5,양버즘나무,PTA,127.038939747,37.476126883
"12875",5,16,3,느티나무,ZS,126.985024281,37.485660754
"12876",9,22,4,양버즘나무,PTA,127.018141091,37.485532067
"12877",8,21,5,느티나무,ZS,127.059594941,37.457444895
"12878",12,25,7,양버즘나무,PTA,127.012701477,37.5100862
"12879",8,22,6,양버즘나무,PTA,127.021630528,37.502227957
"12880",12,30,5,양버즘나무,PTA,127.027861768,37.492474479
"12881",9,24,4,양버즘나무,PTA,127.005218672,37.481401068
"12882",8,26,5,양버즘나무,PTA,126.986750303,37.477077202
"12883",7,21,6,은행나무,GB,127.043736519,37.473944906
"12884",8,23,5,양버즘나무,PTA,127.012721834,37.48773442
"12885",7,26,10,양버즘나무,PTA,127.007170673,37.503432323
"12886",12,40,12,양버즘나무,PTA,126.986049423,37.503002539
"12887",12,29,10,양버즘나무,PTA,127.017811934,37.482364935
"12888",7,11,2,은행나무,GB,127.03637941,37.461209766
"12889",10,24,7,양버즘나무,PTA,127.015122965,37.519121944
"12890",6,21,4,양버즘나무,PTA,127.040277808,37.468539806
"12891",7,16,4,은행나무,GB,126.995969074,37.494045555
"12892",15,44,7,양버즘나무,PTA,127.00426952,37.49842472
"12893",6,28,6,느티나무,ZS,127.016004991,37.481355623
"12894",10,37,12,양버즘나무,PTA,126.997055066,37.481389611
"12895",6,19,3,은행나무,GB,127.055680612,37.447256082
"12896",8,25,7,느티나무,ZS,127.007475221,37.510910221
"12897",12,38,12,양버즘나무,PTA,126.986102528,37.502835431
"12898",12,26,8,양버즘나무,PTA,127.037931352,37.479973975
"12899",12,44,12,양버즘나무,PTA,126.986413308,37.501888215
"12900",11,23,8,양버즘나무,PTA,127.035024771,37.484380866
"12901",7,20,4,양버즘나무,PTA,127.016590405,37.484775017
"12902",11,17,3,양버즘나무,PTA,127.01399613,37.515647619
"12903",13,22,8,양버즘나무,PTA,127.023360456,37.482795284
"12904",9,14,5,양버즘나무,PTA,127.00682739,37.483088248
"12905",8,22,5,양버즘나무,PTA,127.01906326,37.485821087
"12906",11,26,7,양버즘나무,PTA,127.006023886,37.491193816
"12907",5,25,10,양버즘나무,PTA,127.026761748,37.499261197
"12908",6,28,8,양버즘나무,PTA,127.022808258,37.496480025
"12909",7,21,3,양버즘나무,PTA,127.013106633,37.513773754
"12910",8,25,7,양버즘나무,PTA,127.038405648,37.476693168
"12911",9,32,6,양버즘나무,PTA,127.039098443,37.470341815
"12912",5,8,3,왕벚나무,PS,127.048529423,37.456811919
"12913",9,28,5,양버즘나무,PTA,126.99137437,37.483816335
"12914",7,25,7,은행나무,GB,127.049708666,37.47072982
"12915",5,10,2,메타세쿼이아,TB,127.006563136,37.477204499
"12916",13,41,9,메타세쿼이아,TB,127.029927896,37.470283679
"12917",4,48,9,메타세쿼이아,TB,127.014489973,37.517387703
"12918",6,29,8,양버즘나무,PTA,127.014579001,37.489390072
"12919",11,43,7,양버즘나무,PTA,127.006252851,37.494395603
"12920",6,11,3,은행나무,GB,127.065707694,37.434999143
"12922",13,39,12,가중나무,AA,127.011597266,37.518105724
"12923",5,26,4,메타세쿼이아,TB,127.030271809,37.472234442
"12924",12,32,7,양버즘나무,PTA,127.006942795,37.491471953
"12925",13,24,4,양버즘나무,PTA,127.041169518,37.480147421
"12926",15,33,6,양버즘나무,PTA,127.003814611,37.500030256
"12927",7,30,5,양버즘나무,PTA,126.986455718,37.47659974
"12928",6,15,5,은행나무,GB,127.057346581,37.445771035
"12929",7,27,5,느티나무,ZS,127.052539595,37.460475897
"12930",11,31,12,양버즘나무,PTA,127.004361241,37.488138138
"12931",7,20,3,양버즘나무,PTA,127.036306636,37.476475363
"12932",6,40,7,느티나무,ZS,127.022118282,37.460473868
"12933",17,24,5,양버즘나무,PTA,127.032505152,37.487261785
"12934",9,33,5,양버즘나무,PTA,126.99535018,37.480848495
"12935",7,37,6,양버즘나무,PTA,127.011799357,37.483903188
"12936",12,34,8,양버즘나무,PTA,126.982504036,37.487817508
"12937",4,15,4,느티나무,ZS,126.992197007,37.487156199
"12938",6,26,6,은행나무,GB,127.042192786,37.470142201
"12939",10,15,5,양버즘나무,PTA,127.010797987,37.498874315
"12940",7,11,2,은행나무,GB,127.052045402,37.451754036
"12941",0,10,0,느티나무,ZS,127.024778368,37.483428715
"12942",11,40,6,양버즘나무,PTA,127.025827525,37.497277193
"12943",7,14,4,은행나무,GB,126.995829795,37.494025139
"12944",7,18,4,은행나무,GB,127.03268164,37.474825289
"12945",7,24,6,은행나무,GB,126.993664285,37.480042909
"12946",9,19,4,양버즘나무,PTA,127.002700014,37.5023325
"12947",8,25,10,회화나무,STJ,127.010077846,37.504386727
"12948",10,24,7,은행나무,GB,127.042281452,37.483090813
"12949",6,12,4,은행나무,GB,127.050613163,37.471338624
"12950",9,33,5,양버즘나무,PTA,126.995514571,37.480681163
"12951",4,19,4,양버즘나무,PTA,126.993149921,37.481060376
"12952",4,6,2,왕벚나무,PS,127.057261807,37.445653214
"12953",4,6,2,왕벚나무,PS,127.05283946,37.450433719
"12954",9,21,5,양버즘나무,PTA,127.014281584,37.484555605
"12955",8,19,5,양버즘나무,PTA,127.025934973,37.487920628
"12956",8,15,3,양버즘나무,PTA,127.040200665,37.467969642
"12957",13,33,6,양버즘나무,PTA,126.989098895,37.487179595
"12958",9,27,5,양버즘나무,PTA,127.013255411,37.513618624
"12959",13,44,12,가중나무,AA,127.014269414,37.52012811
"12960",5,10,2,메타세쿼이아,TB,126.991140761,37.474255173
"12961",12,31,6,양버즘나무,PTA,126.989591189,37.494030884
"12962",13,32,4,양버즘나무,PTA,127.038100192,37.480097471
"12963",4,24,10,느티나무,ZS,127.086993563,37.462265242
"12964",8,27,6,양버즘나무,PTA,127.038407199,37.477388224
"12965",8,22,4,양버즘나무,PTA,127.023546113,37.481487348
"12966",11,29,12,양버즘나무,PTA,126.994425838,37.486311041
"12967",9,20,4,양버즘나무,PTA,127.004328452,37.486756032
"12968",11,18,4,양버즘나무,PTA,127.001502336,37.475394068
"12969",10,15,5,양버즘나무,PTA,127.020632578,37.486078535
"12970",9,20,4,양버즘나무,PTA,127.004284945,37.486486883
"12971",0,9,0,느티나무,ZS,127.019071156,37.482601329
"12972",8,24,8,양버즘나무,PTA,127.038870713,37.473087481
"12973",8,32,10,양버즘나무,PTA,127.00904588,37.504168399
"12974",12,27,6,양버즘나무,PTA,127.008491266,37.508028268
"12975",11,27,7,양버즘나무,PTA,127.019594406,37.510472483
"12976",10,20,4,양버즘나무,PTA,127.035243097,37.475871749
"12977",9,22,5,양버즘나무,PTA,127.015155794,37.486619694
"12978",6,42,6,느티나무,ZS,127.023275242,37.460430129
"12979",8,25,5,양버즘나무,PTA,127.027260324,37.490391342
"12980",7,29,6,은행나무,GB,126.998476893,37.499111872
"12981",7,29,5,양버즘나무,PTA,126.990411913,37.479236258
"12982",9,24,5,양버즘나무,PTA,127.00565027,37.480122875
"12983",10,24,8,양버즘나무,PTA,127.040554705,37.467583964
"12984",6,18,4,느티나무,ZS,127.039750017,37.469295928
"12985",7,22,4,느티나무,ZS,127.052681442,37.460413487
"12986",8,27,6,느티나무,ZS,127.082354667,37.463013389
"12987",10,24,8,양버즘나무,PTA,127.041541601,37.466667117
"12988",8,30,6,느티나무,ZS,127.082206139,37.463091353
"12989",8,27,8,양버즘나무,PTA,127.021491917,37.502932853
"12990",9,23,4,양버즘나무,PTA,127.004095972,37.486415536
"12991",5,16,3,느티나무,ZS,126.994324834,37.487933374
"12992",6,28,5,메타세쿼이아,TB,127.026082979,37.465480226
"12993",7,20,6,은행나무,GB,127.050191229,37.472132511
"12994",11,26,2,양버즘나무,PTA,127.017965239,37.500625763
"12995",7,31,6,메타세쿼이아,TB,127.040678998,37.474416777
"12996",6,16,6,느티나무,ZS,127.002371806,37.503662366
"12997",5,14,3,은행나무,GB,127.024718175,37.469669276
"12998",7,21,4,은행나무,GB,127.025792088,37.470623379
"12999",4,22,6,은행나무,GB,126.998310617,37.499450434
"13000",15,43,12,느티나무,ZS,127.085687172,37.462046877
"13001",7,35,6,느티나무,ZS,127.047379039,37.462687594
"13002",6,12,4,은행나무,GB,127.067739266,37.432982719
"13003",7,25,6,은행나무,GB,126.993081174,37.479838505
"13004",12,46,6,양버즘나무,PTA,127.005618679,37.495674396
"13005",9,27,8,양버즘나무,PTA,127.014174266,37.50237069
"13006",4,10,2,은행나무,GB,127.021815871,37.483023635
"13007",12,33,6,양버즘나무,PTA,126.998238128,37.488997757
"13008",7,32,7,메타세쿼이아,TB,127.043032806,37.477383633
"13009",7,13,3,은행나무,GB,127.025838799,37.501220603
"13010",13,38,9,양버즘나무,PTA,127.007375979,37.510847656
"13011",6,12,2,메타세쿼이아,TB,126.997368413,37.47344543
"13012",12,33,8,가중나무,AA,127.008713525,37.51560257
"13013",5,10,2,메타세쿼이아,TB,126.987720383,37.475208048
"13014",10,37,13,양버즘나무,PTA,127.023341032,37.506430711
"13015",10,28,10,양버즘나무,PTA,127.008997553,37.511654147
"13016",6,23,5,은행나무,GB,127.047957349,37.457194912
"13017",5,8,3,왕벚나무,PS,127.05190461,37.452048492
"13018",0,0,0,느티나무,ZS,127.079035241,37.459775884
"13019",8,40,10,느티나무,ZS,127.012457177,37.480092195
"13020",12,29,8,양버즘나무,PTA,126.985845284,37.491059041
"13021",7,11,1,은행나무,GB,127.010578566,37.512617003
"13022",9,22,6,느티나무,ZS,127.069073646,37.456505707
"13023",7,21,5,은행나무,GB,127.042828968,37.473345844
"13024",6,18,5,은행나무,GB,126.987487334,37.467268601
"13025",5,18,5,메타세쿼이아,TB,127.043154627,37.477523838
"13026",6,8,8,양버즘나무,PTA,127.023285841,37.49663037
"13027",8,20,4,양버즘나무,PTA,127.042280482,37.481037343
"13028",7,27,8,양버즘나무,PTA,127.033543898,37.468945239
"13029",9,20,5,양버즘나무,PTA,127.020913394,37.486168927
"13030",8,29,7,느티나무,ZS,127.066556138,37.455872289
"13031",12,11,4,은행나무,GB,127.040044255,37.478923222
"13032",6,34,8,느티나무,ZS,127.024851296,37.460110432
"13033",8,17,6,느티나무,ZS,127.077263606,37.459194406
"13034",7,12,5,은행나무,GB,126.988033515,37.466373599
"13035",4,23,6,느티나무,ZS,126.988862535,37.479340171
"13036",12,19,6,양버즘나무,PTA,126.986254201,37.50076008
"13037",10,34,10,양버즘나무,PTA,126.999643795,37.478266891
"13038",12,27,7,양버즘나무,PTA,127.00633294,37.491289292
"13039",11,32,6,양버즘나무,PTA,126.992461025,37.481953377
"13040",15,21,4,양버즘나무,PTA,127.023201363,37.486874536
"13041",6,26,4,메타세쿼이아,TB,127.027768962,37.466878634
"13042",8,25,5,느티나무,ZS,127.060268351,37.456782154
"13043",11,41,6,양버즘나무,PTA,126.985049566,37.490921652
"13044",10,32,6,양버즘나무,PTA,127.026187345,37.497633937
"13045",6,14,4,양버즘나무,PTA,127.042480514,37.466438801
"13046",8,33,5,양버즘나무,PTA,126.987462621,37.477563817
"13047",13,42,12,가중나무,AA,127.012888,37.515811602
"13048",12,37,6,양버즘나무,PTA,126.98281792,37.490053495
"13049",10,36,7,양버즘나무,PTA,127.013325644,37.51303224
"13050",6,24,5,양버즘나무,PTA,127.011251984,37.508654182
"13051",5,19,4,양버즘나무,PTA,127.01757846,37.485133713
"13052",7,27,5,양버즘나무,PTA,127.014181576,37.488178036
"13053",10,35,12,느티나무,ZS,127.008371495,37.478079259
"13054",12,35,7,양버즘나무,PTA,127.011744391,37.493224697
"13055",10,20,5,양버즘나무,PTA,127.001435705,37.482017114
"13056",9,28,5,양버즘나무,PTA,127.00320058,37.482393536
"13057",6,26,6,메타세쿼이아,TB,127.022877908,37.462513887
"13058",13,37,12,가중나무,AA,127.006625547,37.511497305
"13059",5,13,2,메타세쿼이아,TB,126.9962877,37.473674228
"13060",11,22,6,양버즘나무,PTA,127.010244374,37.483752297
"13061",7,19,4,양버즘나무,PTA,127.041074069,37.480026334
"13062",11,46,13,양버즘나무,PTA,127.023160767,37.506819772
"13063",7,14,4,양버즘나무,PTA,126.993725313,37.48009416
"13064",8,18,7,양버즘나무,PTA,127.038930304,37.472839772
"13065",7,18,5,은행나무,GB,127.048476437,37.469832238
"13066",11,25,6,양버즘나무,PTA,126.987729234,37.489301643
"13067",8,26,4,양버즘나무,PTA,127.03453904,37.464200008
"13068",7,19,5,은행나무,GB,126.988094898,37.466225292
"13069",9,32,8,양버즘나무,PTA,127.013062048,37.513260385
"13070",14,24,6,양버즘나무,PTA,127.023936235,37.487326266
"13071",10,35,6,양버즘나무,PTA,127.018427984,37.51036597
"13072",12,24,10,양버즘나무,PTA,126.999784676,37.508299126
"13073",10,40,12,느티나무,ZS,127.008271654,37.478025686
"13074",5,16,6,양버즘나무,PTA,127.014400238,37.517148389
"13075",13,27,8,양버즘나무,PTA,126.982181797,37.482505569
"13076",10,25,10,양버즘나무,PTA,127.037116113,37.477264303
"13077",8,26,7,느티나무,ZS,127.065613068,37.455259434
"13100",9,29,5,양버즘나무,PTA,127.027830586,37.489192527
"13078",10,30,5,느티나무,ZS,127.024650441,37.503613265
"13079",13,22,8,양버즘나무,PTA,127.037359592,37.480936736
"13080",9,33,7,양버즘나무,PTA,127.006762613,37.493360688
"13081",18,36,5,양버즘나무,PTA,127.038236576,37.479784943
"13082",12,25,6,양버즘나무,PTA,126.989029659,37.494893126
"13083",6,16,1,은행나무,GB,127.025381217,37.502023544
"13084",14,15,5,양버즘나무,PTA,127.037343532,37.481592685
"13085",8,25,7,양버즘나무,PTA,127.012449916,37.510004374
"13086",10,22,10,양버즘나무,PTA,126.995252358,37.485384943
"13087",4,6,2,왕벚나무,PS,127.053683092,37.449119419
"13088",12,27,6,양버즘나무,PTA,127.021875376,37.496299069
"13089",9,24,5,칠엽수,AC,127.011506504,37.502336781
"13090",4,30,4,메타세쿼이아,TB,127.014224471,37.516655535
"13091",9,22,5,느티나무,ZS,127.070124036,37.456841822
"13092",11,25,10,양버즘나무,PTA,127.007370606,37.511051967
"13093",9,30,7,메타세쿼이아,TB,127.037438736,37.474968492
"13094",10,44,8,양버즘나무,PTA,127.009802833,37.487101213
"13095",0,9,0,느티나무,ZS,127.010332525,37.47945833
"13096",5,24,4,메타세쿼이아,TB,127.028560245,37.468534814
"13097",6,12,3,느티나무,ZS,127.030822414,37.490640291
"13098",5,8,3,왕벚나무,PS,127.052288444,37.451244453
"13099",7,23,5,양버즘나무,PTA,127.014514199,37.488195017
"13101",14,26,10,가중나무,AA,127.006882629,37.513488652
"13102",8,17,3,은행나무,GB,127.037538229,37.461508601
"13103",7,31,8,느티나무,ZS,127.050659099,37.461327714
"13104",6,18,5,양버즘나무,PTA,127.014017624,37.492649934
"13105",14,24,6,양버즘나무,PTA,127.01999841,37.495756429
"13106",6,30,7,느티나무,ZS,127.071044467,37.457371539
"13107",4,24,5,느티나무,ZS,127.043914612,37.465991433
"13108",13,27,4,양버즘나무,PTA,127.041625244,37.480330015
"13109",5,10,2,메타세쿼이아,TB,127.00703186,37.477443751
"13110",4,22,6,느티나무,ZS,126.98446426,37.475950026
"13111",13,45,12,가중나무,AA,127.00945047,37.515999054
"13112",10,22,5,양버즘나무,PTA,126.98871442,37.487966053
"13113",8,27,5,느티나무,ZS,127.019919443,37.460502227
"13114",5,14,4,은행나무,GB,127.025477813,37.471858992
"13115",11,25,5,양버즘나무,PTA,126.983431256,37.497092897
"13116",8,9,1,은행나무,GB,127.037051228,37.459933437
"13117",9,28,3,양버즘나무,PTA,127.026468469,37.492455181
"13118",6,25,6,은행나무,GB,127.04174983,37.469962699
"13119",10,25,4,양버즘나무,PTA,127.036600927,37.47687617
"13120",12,42,8,양버즘나무,PTA,127.008852882,37.489070347
"13121",9,24,5,양버즘나무,PTA,127.038994094,37.471179775
"13122",6,19,5,양버즘나무,PTA,127.014574129,37.487951739
"13123",8,21,5,양버즘나무,PTA,127.009797866,37.512224064
"13124",8,21,2,양버즘나무,PTA,127.010092255,37.512366515
"13125",5,14,2,은행나무,GB,127.053133301,37.449983962
"13126",9,28,7,느티나무,ZS,127.075968039,37.458487596
"13127",8,14,4,은행나무,GB,127.010691812,37.512609779
"13128",7,26,5,은행나무,GB,127.027670126,37.47186659
"13129",7,19,5,은행나무,GB,127.044640256,37.471645405
"13130",11,40,10,느티나무,ZS,127.031795996,37.482441737
"13131",5,10,2,메타세쿼이아,TB,127.005924327,37.476895691
"13132",6,20,4,느티나무,ZS,127.038980601,37.471890083
"13133",5,10,2,메타세쿼이아,TB,126.991812201,37.474071272
"13134",10,27,4,양버즘나무,PTA,127.036582706,37.47713696
"13135",8,34,8,양버즘나무,PTA,127.036284125,37.468406921
"13136",4,12,4,은행나무,GB,127.025964113,37.470910774
"13137",5,28,6,느티나무,ZS,126.987843229,37.479295703
"13138",9,22,4,느티나무,ZS,127.066835417,37.455745082
"13139",6,15,3,은행나무,GB,127.053212814,37.449601517
"13140",13,38,12,가중나무,AA,127.006302766,37.512100314
"13141",7,22,5,양버즘나무,PTA,126.994595198,37.48060187
"13142",9,32,9,양버즘나무,PTA,127.00088799,37.476794577
"13143",8,25,7,양버즘나무,PTA,127.038400398,37.476086651
"13144",6,28,4,느티나무,ZS,127.038944082,37.4719003
"13145",12,38,7,양버즘나무,PTA,126.989126741,37.501665228
"13146",14,46,6,양버즘나무,PTA,127.004199076,37.500147734
"13147",5,16,4,느티나무,ZS,127.023156275,37.483189868
"13148",8,34,8,메타세쿼이아,TB,127.038942532,37.473604059
"13149",11,30,6,양버즘나무,PTA,127.006724967,37.491681694
"13150",8,17,8,양버즘나무,PTA,127.017858602,37.485449268
"13151",7,21,5,양버즘나무,PTA,126.994388786,37.480312217
"13152",11,23,2,양버즘나무,PTA,127.015581051,37.520479385
"13153",9,21,5,양버즘나무,PTA,126.995855735,37.481014157
"13154",10,31,5,양버즘나무,PTA,127.028214039,37.488802724
"13155",10,32,5,느티나무,ZS,127.029250561,37.48403273
"13156",7,24,4,은행나무,GB,127.037761751,37.459461099
"13157",8,36,10,느티나무,ZS,127.010461881,37.479133713
"13158",6,17,5,은행나무,GB,127.042412493,37.47307709
"13159",10,33,6,메타세쿼이아,TB,127.030819475,37.471852598
"13160",4,6,2,왕벚나무,PS,127.056902521,37.446113074
"13161",10,32,4,양버즘나무,PTA,127.013372608,37.512690319
"13162",10,33,10,양버즘나무,PTA,127.040149005,37.468619703
"13163",14,39,10,가중나무,AA,127.011484785,37.518305041
"13164",10,26,5,양버즘나무,PTA,126.991225828,37.484046799
"13165",10,26,10,양버즘나무,PTA,127.037364027,37.47744469
"13166",6,12,2,은행나무,GB,127.010979227,37.502894848
"13167",11,31,6,양버즘나무,PTA,126.987073815,37.490732307
"13168",12,41,12,가중나무,AA,127.012755137,37.519071472
"13169",5,16,4,느티나무,ZS,126.994914412,37.488125858
"13170",5,10,2,메타세쿼이아,TB,126.991900074,37.474342306
"13171",7,25,3,느티나무,ZS,127.03961181,37.468634768
"13172",5,22,5,은행나무,GB,126.998450502,37.498607669
"13173",5,10,2,메타세쿼이아,TB,126.993744646,37.473890606
"13174",7,14,1,은행나무,GB,127.045270919,37.475140938
"13175",7,15,4,은행나무,GB,127.038528018,37.458801444
"13176",5,10,1,은행나무,GB,127.016616843,37.484736038
"13177",8,18,3,은행나무,GB,126.982235462,37.474107723
"13178",12,35,8,양버즘나무,PTA,127.010903546,37.492693789
"13179",8,30,8,메타세쿼이아,TB,127.027081949,37.466401282
"13180",7,31,5,메타세쿼이아,TB,127.020661454,37.460443732
"13181",10,20,8,은행나무,GB,126.998264806,37.496240879
"13182",9,30,7,양버즘나무,PTA,127.021155337,37.503233952
"13183",6,11,2,메타세쿼이아,TB,126.997693649,37.473485301
"13184",8,16,8,가중나무,AA,127.006802366,37.511170497
"13185",5,13,2,은행나무,GB,127.053289622,37.449774858
"13186",6,21,5,메타세쿼이아,TB,127.02644536,37.465598066
"13187",6,16,3,은행나무,GB,127.042979176,37.473450005
"13188",12,49,8,양버즘나무,PTA,127.009377531,37.487986297
"13189",7,24,7,은행나무,GB,127.047935344,37.474310099
"13190",8,37,5,느티나무,ZS,127.082670426,37.461154888
"13191",5,15,4,은행나무,GB,127.02524841,37.471701992
"13192",13,13,3,은행나무,GB,126.990998745,37.498051404
"13193",7,25,4,양버즘나무,PTA,127.034666981,37.464066494
"13194",13,26,4,양버즘나무,PTA,127.039678244,37.478364157
"13195",5,18,2,느티나무,ZS,127.043712356,37.466423244
"13196",5,23,7,느티나무,ZS,126.98859222,37.479326035
"13197",6,18,4,은행나무,GB,127.05278273,37.450289904
"13198",10,30,8,양버즘나무,PTA,127.032198789,37.470151416
"13199",12,33,9,양버즘나무,PTA,126.996486148,37.488507218
"13200",10,31,9,양버즘나무,PTA,127.006161808,37.479060853
"13201",8,14,1,은행나무,GB,126.982571731,37.473362733
"13202",10,22,4,양버즘나무,PTA,127.034215679,37.475354704
"13203",7,29,5,양버즘나무,PTA,127.014113473,37.488155888
"13204",9,29,7,느티나무,ZS,127.08265511,37.460666376
"13205",13,25,9,양버즘나무,PTA,126.991298048,37.498330498
"13206",5,14,3,은행나무,GB,127.028656403,37.472635617
"13207",7,23,4,느티나무,ZS,127.051678686,37.460840683
"13208",9,26,8,양버즘나무,PTA,127.038462577,37.477621895
"13209",10,17,4,양버즘나무,PTA,127.004194001,37.487047559
"13210",10,34,8,양버즘나무,PTA,127.006403165,37.494866539
"13211",13,39,12,가중나무,AA,127.013375959,37.519663539
"13212",7,21,4,양버즘나무,PTA,127.013320667,37.513880536
"13213",9,32,10,양버즘나무,PTA,126.999964848,37.477771077
"13214",12,29,10,양버즘나무,PTA,126.999425552,37.509036353
"13260",7,12,5,은행나무,GB,127.044974123,37.472304826
"13215",3,27,10,은행나무,GB,127.026312969,37.500215307
"13216",9,35,8,메타세쿼이아,TB,127.035785664,37.473984111
"13217",8,32,6,은행나무,GB,127.042445009,37.473191816
"13218",11,36,6,양버즘나무,PTA,127.025745519,37.497253189
"13219",9,24,5,양버즘나무,PTA,127.025766254,37.487869571
"13220",7,13,1,은행나무,GB,127.023919208,37.497766966
"13221",7,15,5,은행나무,GB,127.010288282,37.512357364
"13222",6,20,4,은행나무,GB,127.046752429,37.468594223
"13223",7,23,6,양버즘나무,PTA,127.032485569,37.470081657
"13224",11,22,5,양버즘나무,PTA,126.989048435,37.487449675
"13225",7,39,7,양버즘나무,PTA,127.007525298,37.506791898
"13226",7,11,2,은행나무,GB,127.034952647,37.460321997
"13227",11,34,6,양버즘나무,PTA,126.98816327,37.488634359
"13228",9,35,6,양버즘나무,PTA,127.005956802,37.494993498
"13229",7,20,6,은행나무,GB,127.004785705,37.509510651
"13230",7,33,10,양버즘나무,PTA,127.007606872,37.503604782
"13231",13,48,8,양버즘나무,PTA,127.008281847,37.490244191
"13232",12,31,7,양버즘나무,PTA,127.008645609,37.489496761
"13233",8,26,6,양버즘나무,PTA,127.030328109,37.489051624
"13234",6,25,5,양버즘나무,PTA,127.003434023,37.482647464
"13235",8,36,5,양버즘나무,PTA,127.018599281,37.489517675
"13236",6,18,4,느티나무,ZS,127.031005122,37.47358114
"13237",10,28,3,양버즘나무,PTA,127.037827579,37.481030487
"13238",8,29,5,양버즘나무,PTA,127.027199802,37.490929063
"13239",8,20,5,메타세쿼이아,TB,127.034658312,37.473759406
"13240",7,32,5,느티나무,ZS,127.047495354,37.462639037
"13241",4,44,12,느티나무,ZS,127.090997828,37.463570536
"13242",7,12,4,은행나무,GB,126.99590735,37.494036473
"13243",6,22,3,은행나무,GB,127.040914181,37.469268617
"13244",11,18,4,은행나무,GB,127.01842622,37.500456763
"13245",11,32,10,양버즘나무,PTA,126.991854987,37.490412906
"13246",8,12,2,은행나무,GB,127.036987065,37.459990923
"13247",7,13,3,은행나무,GB,126.987480064,37.497671327
"13248",7,19,5,양버즘나무,PTA,127.014612862,37.487791643
"13249",11,42,6,양버즘나무,PTA,127.006187265,37.49453007
"13250",9,32,5,양버즘나무,PTA,127.025683125,37.494102317
"13251",10,33,10,양버즘나무,PTA,126.991683292,37.49106969
"13252",6,10,4,은행나무,GB,127.04835375,37.469295031
"13253",8,19,5,양버즘나무,PTA,127.034385375,37.466139582
"13254",9,21,5,양버즘나무,PTA,127.027988207,37.492368184
"13255",9,20,4,은행나무,GB,127.01776683,37.515477671
"13256",5,26,6,칠엽수,AC,127.012960663,37.497443472
"13257",11,22,6,양버즘나무,PTA,126.989906755,37.493892662
"13258",8,20,4,느티나무,ZS,127.03924579,37.469039321
"13259",6,29,7,느티나무,ZS,127.066998253,37.455663407
"13261",7,19,3,은행나무,GB,126.983549473,37.497169953
"13262",13,32,5,양버즘나무,PTA,127.007261577,37.506751221
"13263",7,30,5,은행나무,GB,127.042517789,37.474824696
"13264",10,25,4,양버즘나무,PTA,126.987306523,37.490278118
"13265",4,22,5,느티나무,ZS,127.068905219,37.456639617
"13266",7,18,4,은행나무,GB,127.004106096,37.506843506
"13267",13,45,12,가중나무,AA,127.013427976,37.519447856
"13268",9,23,5,양버즘나무,PTA,127.020360662,37.486215464
"13269",13,37,5,양버즘나무,PTA,127.004373588,37.499255666
"13270",14,34,8,양버즘나무,PTA,126.981987403,37.478649415
"13271",10,33,5,양버즘나무,PTA,126.987973232,37.489127173
"13272",10,32,10,양버즘나무,PTA,126.995835457,37.484483363
"13273",9,32,5,양버즘나무,PTA,126.998896056,37.481741294
"13274",11,31,8,양버즘나무,PTA,127.003371152,37.501713003
"13275",12,28,10,양버즘나무,PTA,127.038228248,37.478875122
"13276",10,30,4,양버즘나무,PTA,127.041274452,37.480261851
"13277",8,27,5,양버즘나무,PTA,127.026135052,37.492763396
"13278",7,32,5,느티나무,ZS,127.051179377,37.460682283
"13279",7,14,5,양버즘나무,PTA,127.031159565,37.489506244
"13280",6,17,4,은행나무,GB,126.987883187,37.461605785
"13281",9,29,6,느티나무,ZS,127.074493885,37.458594442
"13282",7,19,4,은행나무,GB,127.048701206,37.456641396
"13283",9,17,4,느티나무,ZS,127.066038996,37.455508482
"13284",8,23,4,메타세쿼이아,TB,127.030478124,37.470647125
"13285",12,45,12,가중나무,AA,127.008196075,37.509086445
"13286",9,22,6,느티나무,ZS,127.073607508,37.457998772
"13287",12,44,8,메타세쿼이아,TB,127.041124767,37.475169546
"13288",19,32,12,양버즘나무,PTA,127.033206771,37.485779356
"13289",14,39,7,양버즘나무,PTA,127.039442228,37.478470251
"13290",11,37,10,양버즘나무,PTA,127.00052387,37.506683946
"13291",8,17,5,양버즘나무,PTA,127.026179557,37.492670113
"13292",11,29,12,양버즘나무,PTA,126.999248919,37.478879827
"13293",11,27,6,양버즘나무,PTA,127.025721582,37.497483659
"13294",8,27,6,느티나무,ZS,127.082402002,37.463736734
"13295",0,9,0,느티나무,ZS,127.010087686,37.479329778
"13296",6,14,3,은행나무,GB,126.994968512,37.485827276
"13297",12,29,8,양버즘나무,PTA,126.997516853,37.488783219
"13298",7,18,8,회화나무,STJ,127.010548812,37.503059531
"13299",5,18,3,느티나무,ZS,127.045630359,37.462697783
"13300",6,27,5,메타세쿼이아,TB,127.021050311,37.461326579
"13301",12,34,8,양버즘나무,PTA,127.008878184,37.489802944
"13302",12,34,12,가중나무,AA,127.007161362,37.510495576
"13303",0,9,0,느티나무,ZS,127.035872942,37.484662406
"13304",12,29,7,양버즘나무,PTA,126.982896324,37.491895369
"13305",15,19,4,양버즘나무,PTA,127.022820378,37.486973843
"13306",11,27,5,양버즘나무,PTA,127.029200921,37.486337858
"13307",10,22,5,양버즘나무,PTA,126.998943542,37.479347843
"13308",9,19,4,양버즘나무,PTA,127.00409576,37.48527778
"13309",7,20,5,양버즘나무,PTA,127.013360566,37.511824278
"13310",11,26,5,양버즘나무,PTA,127.004750711,37.489446905
"13311",7,16,4,양버즘나무,PTA,127.031678201,37.474451067
"13312",13,30,8,양버즘나무,PTA,127.036753092,37.481669638
"13313",9,28,6,양버즘나무,PTA,127.012707988,37.510253796
"13314",10,18,10,양버즘나무,PTA,127.040515021,37.468243475
"13315",8,23,8,양버즘나무,PTA,127.03845993,37.476504649
"13316",9,29,6,양버즘나무,PTA,127.030652186,37.489149443
"13317",9,25,8,양버즘나무,PTA,127.039082664,37.470586238
"13318",3,26,3,느티나무,ZS,127.026438909,37.499799897
"13319",9,28,8,느티나무,ZS,127.030078605,37.483806631
"13320",9,29,3,가중나무,AA,127.014384868,37.515005644
"13321",9,29,5,느티나무,ZS,127.077272383,37.458979033
"13322",7,24,6,은행나무,GB,127.043150124,37.474209346
"13323",11,42,6,양버즘나무,PTA,127.008204985,37.50733102
"13324",10,30,8,양버즘나무,PTA,127.000963348,37.476231119
"13325",17,24,8,양버즘나무,PTA,127.024008737,37.482571629
"13326",12,30,7,양버즘나무,PTA,127.012918651,37.510297808
"13327",5,14,3,은행나무,GB,127.056293416,37.446686231
"13328",14,15,3,은행나무,GB,127.04306171,37.481358219
"13329",8,21,6,칠엽수,AC,127.012562057,37.498036768
"13330",11,24,6,양버즘나무,PTA,126.989298646,37.492333341
"13331",7,13,3,은행나무,GB,126.987454429,37.497718337
"13332",12,35,6,양버즘나무,PTA,127.004856745,37.505999657
"13333",9,17,2,은행나무,GB,127.011037398,37.509621294
"13334",6,30,6,메타세쿼이아,TB,127.023045171,37.462639553
"13335",5,14,4,은행나무,GB,127.025121045,37.470917944
"13336",10,29,8,양버즘나무,PTA,127.014037333,37.502436389
"13337",0,9,0,느티나무,ZS,127.019204439,37.482328332
"13338",9,21,4,느티나무,ZS,127.080913948,37.460108341
"13339",6,14,3,은행나무,GB,127.050126424,37.471014814
"13340",6,25,6,은행나무,GB,127.046454684,37.468472402
"13341",6,40,6,느티나무,ZS,127.023454962,37.460423809
"13342",6,23,4,은행나무,GB,127.045979653,37.467574631
"13343",7,11,2,은행나무,GB,127.044891635,37.467242819
"13344",6,30,7,느티나무,ZS,127.018270387,37.459349513
"13345",8,23,5,은행나무,GB,127.038537101,37.462526877
"13346",6,14,4,은행나무,GB,127.046011577,37.468052986
"13347",6,33,7,느티나무,ZS,127.014835618,37.45735488
"13348",6,41,6,느티나무,ZS,127.02120988,37.460499954
"13349",6,23,5,은행나무,GB,127.046098418,37.467664149
"13350",6,16,5,느티나무,ZS,127.012707659,37.457190062
"13351",7,22,6,은행나무,GB,127.047296337,37.468976654
"13352",6,38,5,느티나무,ZS,127.023112196,37.460434935
"13353",6,26,8,느티나무,ZS,127.013831516,37.457573133
"13354",6,37,6,느티나무,ZS,127.021841615,37.460484721
"13355",6,37,10,느티나무,ZS,127.017223737,37.458135579
"13356",7,21,6,은행나무,GB,127.04758352,37.468735926
"13357",10,29,6,양버즘나무,PTA,126.987867111,37.49176529
"13358",9,16,4,양버즘나무,PTA,126.998208098,37.480834889
"13359",14,44,10,양버즘나무,PTA,127.02592879,37.501029788
"13360",19,28,8,양버즘나무,PTA,127.037108105,37.481264363
"13361",12,19,8,양버즘나무,PTA,127.011074487,37.492748687
"13362",12,37,8,양버즘나무,PTA,127.011865553,37.483609327
"13363",8,29,5,양버즘나무,PTA,126.987532365,37.477599213
"13364",9,36,5,양버즘나무,PTA,127.018366987,37.489446944
"13365",6,37,5,메타세쿼이아,TB,127.025286465,37.464765414
"13366",7,31,5,느티나무,ZS,127.049891346,37.461601081
"13367",10,28,6,양버즘나무,PTA,127.026066653,37.497350713
"13368",12,29,6,양버즘나무,PTA,127.003614236,37.501065675
"13369",10,27,4,양버즘나무,PTA,127.005271431,37.491234668
"13370",12,35,7,양버즘나무,PTA,127.01302665,37.510396863
"13371",8,25,6,칠엽수,AC,127.011857207,37.501104134
"13372",7,24,2,양버즘나무,PTA,127.035229597,37.467890779
"13373",3,15,2,메타세쿼이아,TB,127.00189528,37.474970034
"13374",7,18,3,양버즘나무,PTA,127.02191411,37.502010677
"13375",6,12,1,은행나무,GB,127.053839022,37.448980039
"13376",7,17,2,은행나무,GB,127.037982607,37.459277051
"13377",7,30,7,은행나무,GB,127.042732017,37.474612273
"13378",5,15,4,은행나무,GB,127.027637105,37.472020742
"13379",6,9,2,은행나무,GB,127.067295755,37.433431087
"13380",7,25,6,양버즘나무,PTA,127.029389605,37.488964305
"13381",16,37,3,양버즘나무,PTA,127.038067376,37.480152901
"13382",7,26,5,메타세쿼이아,TB,127.021122179,37.461195086
"13383",12,39,12,양버즘나무,PTA,126.98637599,37.502005508
"13384",0,9,0,느티나무,ZS,127.035743399,37.484643306
"13385",7,32,5,느티나무,ZS,127.053703595,37.459972979
"13386",4,26,10,느티나무,ZS,127.087719352,37.462500323
"13387",6,15,4,은행나무,GB,126.988100247,37.459752453
"13388",12,28,5,양버즘나무,PTA,127.008731705,37.48366202
"13389",11,18,5,양버즘나무,PTA,127.013423743,37.512314078
"13390",5,10,2,메타세쿼이아,TB,127.007163714,37.477510418
"13391",11,27,5,양버즘나무,PTA,127.008521469,37.483624935
"13392",11,29,7,양버즘나무,PTA,127.015343296,37.519724845
"13393",12,36,7,양버즘나무,PTA,126.988588538,37.49214505
"13394",13,34,8,양버즘나무,PTA,127.02730699,37.497502798
"13395",6,24,4,양버즘나무,PTA,127.039535797,37.469524584
"13396",20,23,5,양버즘나무,PTA,127.035796029,37.482479315
"13397",10,32,12,양버즘나무,PTA,126.994544212,37.486126169
"13398",13,35,6,양버즘나무,PTA,127.020141818,37.495527291
"13399",10,37,8,양버즘나무,PTA,127.010570267,37.485522222
"13400",9,20,4,양버즘나무,PTA,127.004411128,37.487278823
"13401",12,28,8,양버즘나무,PTA,127.010614913,37.492605171
"13402",12,35,8,양버즘나무,PTA,126.991358515,37.491215259
"13403",15,26,7,양버즘나무,PTA,127.022312493,37.496435535
"13404",11,23,6,양버즘나무,PTA,127.000837991,37.47642282
"13405",7,20,5,양버즘나무,PTA,126.994580168,37.480374836
"13406",9,15,3,양버즘나무,PTA,127.024123983,37.497356084
"13407",10,18,6,양버즘나무,PTA,127.03894021,37.476424589
"13408",9,26,12,양버즘나무,PTA,127.000184438,37.481916342
"13409",13,49,12,가중나무,AA,127.013274839,37.519364537
"13410",12,29,5,가중나무,AA,127.005751436,37.512380578
"13411",12,36,8,양버즘나무,PTA,126.987686209,37.491785275
"13412",10,24,6,양버즘나무,PTA,127.03380744,37.468430557
"13413",11,37,10,양버즘나무,PTA,127.007062126,37.483339228
"13414",12,25,8,양버즘나무,PTA,127.011137505,37.483910797
"13415",12,40,8,양버즘나무,PTA,127.009020508,37.488727613
"13438",8,29,4,양버즘나무,PTA,127.034496403,37.464260873
"13416",13,35,12,가중나무,AA,127.009773624,37.516316934
"13417",11,38,12,양버즘나무,PTA,127.028931826,37.494746582
"13418",10,10,4,느티나무,ZS,127.021552203,37.482665709
"13419",9,22,8,양버즘나무,PTA,127.001641245,37.475630029
"13420",10,24,5,양버즘나무,PTA,126.998159134,37.480522822
"13421",10,29,6,양버즘나무,PTA,126.982308472,37.484605394
"13422",5,12,2,메타세쿼이아,TB,127.002754289,37.475715417
"13423",13,45,10,양버즘나무,PTA,126.987886872,37.498112302
"13424",16,12,4,은행나무,GB,127.043039574,37.481403962
"13425",10,24,10,양버즘나무,PTA,127.000577619,37.482016905
"13426",11,27,6,양버즘나무,PTA,127.025211803,37.497326711
"13427",10,33,12,양버즘나무,PTA,126.996633125,37.481263092
"13428",7,22,7,느티나무,ZS,127.082098789,37.462161599
"13429",4,13,3,은행나무,GB,127.012046314,37.482472748
"13430",0,9,0,느티나무,ZS,127.035687769,37.484636171
"13431",5,21,4,느티나무,ZS,126.989995636,37.486488022
"13432",7,12,2,은행나무,GB,126.988357193,37.465370317
"13433",7,11,3,은행나무,GB,127.048128733,37.45716169
"13434",15,39,6,양버즘나무,PTA,127.004125685,37.498753778
"13435",6,11,2,은행나무,GB,127.051805997,37.452497326
"13436",11,33,10,양버즘나무,PTA,126.999552757,37.507833316
"13437",9,18,4,느티나무,ZS,127.065836594,37.455647666
"13439",7,15,3,은행나무,GB,127.046553823,37.46844246
"13440",8,20,5,양버즘나무,PTA,126.988516197,37.478344831
"13441",12,27,3,양버즘나무,PTA,127.029842081,37.484419892
"13442",9,10,2,은행나무,GB,127.007107584,37.492528385
"13443",12,27,8,양버즘나무,PTA,127.023324569,37.48278927
"13444",8,21,5,양버즘나무,PTA,127.025675567,37.493721863
"13445",9,31,8,양버즘나무,PTA,127.001548699,37.475773039
"13446",7,32,5,양버즘나무,PTA,126.994907638,37.480703785
"13447",11,31,7,양버즘나무,PTA,126.999073959,37.479147742
"13448",10,30,8,양버즘나무,PTA,127.03200837,37.470353291
"13449",10,19,3,양버즘나무,PTA,127.019071926,37.485602163
"13450",10,15,3,은행나무,GB,127.026296991,37.497417565
"13451",9,31,5,양버즘나무,PTA,127.005597923,37.480233293
"13452",10,23,6,양버즘나무,PTA,127.033355014,37.468922418
"13453",11,19,10,양버즘나무,PTA,126.999702014,37.478176366
"13454",11,23,5,양버즘나무,PTA,126.990936662,37.484502325
"13455",9,23,4,양버즘나무,PTA,127.005324879,37.480794446
"13456",13,29,5,양버즘나무,PTA,127.037778844,37.481091511
"13457",6,27,6,칠엽수,AC,127.012917324,37.497630332
"13458",5,32,8,양버즘나무,PTA,127.01432637,37.490832201
"13526",5,25,6,느티나무,ZS,126.983209806,37.476555999
"13459",7,24,5,양버즘나무,PTA,126.990486326,37.479266706
"13460",13,33,12,양버즘나무,PTA,127.018980135,37.51724391
"13461",5,12,4,느티나무,ZS,127.048818966,37.470136145
"13462",4,20,4,은행나무,GB,127.02920275,37.494035857
"13463",4,6,2,왕벚나무,PS,127.057328457,37.445797491
"13464",9,34,8,느티나무,ZS,127.059598228,37.457257127
"13465",7,40,8,양버즘나무,PTA,127.010074184,37.487332307
"13466",8,22,6,느티나무,ZS,127.061492746,37.456255109
"13467",12,29,8,양버즘나무,PTA,126.998422502,37.489209438
"13468",7,18,3,양버즘나무,PTA,127.012839363,37.513642857
"13469",13,40,12,가중나무,AA,127.010301107,37.516829058
"13470",8,26,7,느티나무,ZS,127.080097431,37.460377499
"13471",13,17,3,은행나무,GB,127.041971257,37.483774659
"13472",8,27,6,느티나무,ZS,127.082367176,37.463092658
"13473",6,37,8,느티나무,ZS,127.082007131,37.462619505
"13474",8,32,6,양버즘나무,PTA,127.022991333,37.49932884
"13475",9,19,5,느티나무,ZS,127.066134115,37.455736081
"13476",8,17,4,느티나무,ZS,127.077848926,37.45938579
"13477",13,37,6,양버즘나무,PTA,126.983633588,37.490818615
"13478",8,12,1,은행나무,GB,127.011243336,37.512921026
"13479",7,13,2,느티나무,ZS,127.009924365,37.505353613
"13480",6,18,4,은행나무,GB,127.026011031,37.470769251
"13481",6,16,4,은행나무,GB,126.988108296,37.462430584
"13482",10,19,6,양버즘나무,PTA,127.023878015,37.496917587
"13483",7,22,7,양버즘나무,PTA,126.985947133,37.503283905
"13484",7,15,4,양버즘나무,PTA,127.041875648,37.467001365
"13485",3,27,4,은행나무,GB,127.026456761,37.499906614
"13486",10,36,6,양버즘나무,PTA,126.987545674,37.489440478
"13487",8,31,3,양버즘나무,PTA,127.038720984,37.470960886
"13488",12,30,7,양버즘나무,PTA,127.020661424,37.512069525
"13489",10,28,8,양버즘나무,PTA,127.013459272,37.51446489
"13490",8,22,8,양버즘나무,PTA,127.038510703,37.470671803
"13491",8,29,5,양버즘나무,PTA,127.022169295,37.501073617
"13492",10,21,4,양버즘나무,PTA,127.004146368,37.48673621
"13493",11,24,4,양버즘나무,PTA,127.001183627,37.475892529
"13494",10,22,7,양버즘나무,PTA,127.015031434,37.518867307
"13495",8,18,3,양버즘나무,PTA,127.026771408,37.491835762
"13496",11,29,5,양버즘나무,PTA,126.989894952,37.486133833
"13497",10,37,12,양버즘나무,PTA,127.031570595,37.489211858
"13498",5,35,8,느티나무,ZS,127.027698808,37.459990462
"13499",6,37,10,느티나무,ZS,127.017397535,37.458280243
"13500",6,37,7,느티나무,ZS,127.017879532,37.459050771
"13501",6,16,5,은행나무,GB,127.045123513,37.466960303
"13502",6,30,7,느티나무,ZS,127.01100458,37.456852767
"13503",6,28,6,느티나무,ZS,127.0121144,37.45734971
"13504",7,16,3,은행나무,GB,127.050332178,37.471151118
"13505",6,31,8,느티나무,ZS,127.02654272,37.460304593
"13506",6,10,2,은행나무,GB,127.046929305,37.468766741
"13507",8,34,2,메타세쿼이아,TB,127.039659461,37.473692291
"13508",8,15,3,메타세쿼이아,TB,127.012722976,37.508605387
"13509",5,10,3,왕벚나무,PS,127.035474791,37.478092468
"13510",8,20,5,양버즘나무,PTA,127.027374819,37.490160184
"13511",4,21,3,느티나무,ZS,126.987485406,37.480005706
"13512",8,29,7,느티나무,ZS,127.062473286,37.455833724
"13513",6,19,4,느티나무,ZS,127.031071795,37.473508245
"13514",8,27,6,느티나무,ZS,127.082841173,37.461201811
"13515",11,21,6,메타세쿼이아,TB,127.041369207,37.475456917
"13516",9,18,3,은행나무,GB,127.00123051,37.481931942
"13517",8,18,4,느티나무,ZS,127.077766613,37.459357414
"13518",10,24,6,양버즘나무,PTA,126.982999826,37.494992862
"13519",10,45,12,느티나무,ZS,127.008426785,37.478104292
"13520",14,21,8,양버즘나무,PTA,127.022628059,37.482780187
"13521",7,20,4,양버즘나무,PTA,127.041462124,37.467384049
"13522",10,32,5,느티나무,ZS,127.024620844,37.503676439
"13523",7,24,5,양버즘나무,PTA,126.990977785,37.479427014
"13524",16,30,7,양버즘나무,PTA,127.018846418,37.495402879
"13525",7,21,5,양버즘나무,PTA,126.988744377,37.478457937
"13527",11,20,66,양버즘나무,PTA,127.025578386,37.497439772
"13528",12,24,6,양버즘나무,PTA,127.009716243,37.483645662
"13529",7,25,6,은행나무,GB,126.993771699,37.480073592
"13530",7,18,4,은행나무,GB,127.04178375,37.480801501
"13531",6,16,3,은행나무,GB,127.048390041,37.456928053
"13532",7,20,2,은행나무,GB,127.037517338,37.459677176
"13533",5,14,3,은행나무,GB,127.056822314,37.446190269
"13534",10,39,8,양버즘나무,PTA,126.999523975,37.478864405
"13535",5,22,6,느티나무,ZS,127.002422533,37.503602219
"13536",11,33,5,양버즘나무,PTA,127.028485539,37.492665529
"13537",11,24,5,양버즘나무,PTA,127.029549907,37.485785967
"13538",5,10,2,메타세쿼이아,TB,126.999083625,37.473814703
"13539",11,16,3,느티나무,ZS,127.036627372,37.48236977
"13540",8,46,10,느티나무,ZS,127.010409294,37.479103173
"13541",6,31,10,느티나무,ZS,127.002968065,37.492613663
"13542",7,14,4,은행나무,GB,127.051976748,37.451914729
"13543",9,19,5,은행나무,GB,126.991440073,37.493279932
"13544",10,23,8,양버즘나무,PTA,127.041986712,37.46624516
"13545",5,10,2,메타세쿼이아,TB,127.006031124,37.477282175
"13546",12,37,8,양버즘나무,PTA,127.017680909,37.494798931
"13547",9,31,8,느티나무,ZS,127.07318615,37.457862231
"13548",6,32,6,메타세쿼이아,TB,127.042273041,37.47625386
"13549",9,31,4,양버즘나무,PTA,127.034870946,37.467460674
"13550",10,15,3,은행나무,GB,127.00161621,37.482035725
"13551",5,26,6,느티나무,ZS,126.990134568,37.486689174
"13552",9,26,8,양버즘나무,PTA,127.014682273,37.493992958
"13553",4,13,5,은행나무,GB,127.013024771,37.481243629
"13554",3,15,3,느티나무,ZS,127.015470748,37.484770284
"13555",14,37,12,가중나무,AA,127.008075507,37.514974736
"13556",5,14,3,은행나무,GB,126.996422184,37.483570617
"13557",6,15,4,은행나무,GB,127.04312543,37.47090245
"13558",10,23,7,양버즘나무,PTA,127.015010922,37.518811561
"13559",8,31,5,양버즘나무,PTA,127.024901132,37.495738332
"13560",5,16,2,느티나무,ZS,127.042174735,37.465360692
"13561",8,25,6,양버즘나무,PTA,127.022878673,37.499567918
"13562",10,37,8,양버즘나무,PTA,127.032047239,37.470311125
"13563",9,29,12,양버즘나무,PTA,127.010390274,37.512251293
"13564",7,21,4,양버즘나무,PTA,127.013314893,37.4843688
"13565",8,29,6,양버즘나무,PTA,127.038866546,37.47188726
"13566",7,20,5,느티나무,ZS,127.011193995,37.512928887
"13567",10,17,3,양버즘나무,PTA,127.000799675,37.481854767
"13568",12,23,8,양버즘나무,PTA,127.037788187,37.480255982
"13569",12,28,6,양버즘나무,PTA,126.989556581,37.494435912
"13570",13,22,10,양버즘나무,PTA,127.036845454,37.481491354
"13571",13,24,8,양버즘나무,PTA,127.023879073,37.482051156
"13572",7,21,2,양버즘나무,PTA,127.012833717,37.513716207
"13573",10,27,10,양버즘나무,PTA,126.998867833,37.509234477
"13574",12,24,1,양버즘나무,PTA,127.007249763,37.51097563
"13575",8,21,5,양버즘나무,PTA,126.994643969,37.480395792
"13576",8,42,8,양버즘나무,PTA,127.037407474,37.469131133
"13577",5,40,7,메타세쿼이아,TB,127.014541476,37.517171654
"13578",5,27,8,느티나무,ZS,126.987834469,37.486127763
"13579",6,13,3,은행나무,GB,127.046238027,37.472204664
"13580",5,16,4,느티나무,ZS,126.994515745,37.487997537
"13581",11,26,7,양버즘나무,PTA,127.038190745,37.480502476
"13582",15,47,7,양버즘나무,PTA,126.997687231,37.504096249
"13583",8,27,5,양버즘나무,PTA,127.01654976,37.488896246
"13584",5,20,6,느티나무,ZS,126.986454398,37.485974281
"13585",11,42,8,양버즘나무,PTA,127.009801524,37.487897141
"13586",12,22,5,양버즘나무,PTA,127.008840555,37.483681778
"13587",8,31,5,양버즘나무,PTA,127.024721183,37.496121502
"13588",12,38,6,양버즘나무,PTA,127.00353344,37.501475396
"13589",6,19,2,은행나무,GB,127.057106778,37.44589801
"13590",8,17,4,느티나무,ZS,127.002088412,37.504002544
"13591",4,47,12,느티나무,ZS,127.084307027,37.461384011
"13592",6,17,4,은행나무,GB,126.987899003,37.46166254
"13593",12,41,12,가중나무,AA,127.007187931,37.51410591
"13594",11,26,2,양버즘나무,PTA,127.016901497,37.501017203
"13595",6,18,4,은행나무,GB,127.045826171,37.467920708
"13596",8,25,6,양버즘나무,PTA,127.022969539,37.499376067
"13597",4,6,2,왕벚나무,PS,127.052676772,37.450465491
"13598",7,18,6,칠엽수,AC,127.011117781,37.503637228
"13599",11,38,5,양버즘나무,PTA,127.005790367,37.49610775
"13600",9,20,4,은행나무,GB,127.011071991,37.509186261
"13601",13,32,4,양버즘나무,PTA,126.991458393,37.498045828
"13602",7,16,2,은행나무,GB,127.011133946,37.509073781
"13603",7,19,3,메타세쿼이아,TB,127.028545251,37.468241084
"13604",11,28,3,메타세쿼이아,TB,127.040049459,37.473993175
"13605",9,26,5,양버즘나무,PTA,127.027003319,37.491349239
"13606",9,27,5,양버즘나무,PTA,127.01752384,37.485364601
"13607",9,28,7,양버즘나무,PTA,127.012202361,37.509761806
"13608",8,31,10,양버즘나무,PTA,127.012638945,37.50292317
"13609",8,35,6,느티나무,ZS,127.053994645,37.459474108
"13610",12,29,12,양버즘나무,PTA,127.00442401,37.488527844
"13611",7,28,5,양버즘나무,PTA,126.98870915,37.478196524
"13612",7,23,4,양버즘나무,PTA,127.035089431,37.475604589
"13613",7,26,6,은행나무,GB,127.047215447,37.473387291
"13614",5,10,2,메타세쿼이아,TB,126.989894567,37.474887832
"13615",9,29,5,양버즘나무,PTA,127.027769484,37.489738078
"13616",8,18,3,은행나무,GB,126.988085044,37.496719556
"13617",9,23,7,양버즘나무,PTA,127.034144287,37.466475335
"13618",13,23,6,양버즘나무,PTA,127.037757715,37.481072842
"13619",8,22,6,양버즘나무,PTA,127.013744152,37.492761481
"13620",11,15,6,튤립나무,LT,127.006346172,37.50676998
"13621",6,23,4,메타세쿼이아,TB,127.02771783,37.466820724
"13622",13,48,12,양버즘나무,PTA,127.009290889,37.498601298
"13623",0,9,0,느티나무,ZS,127.014166876,37.481161854
"13624",11,10,3,은행나무,GB,127.014723118,37.502084195
"13625",13,39,10,양버즘나무,PTA,127.029192457,37.494186824
"13626",9,28,6,양버즘나무,PTA,127.027814006,37.488488481
"13627",7,13,3,양버즘나무,PTA,127.011891379,37.50929565
"13628",9,40,8,양버즘나무,PTA,127.010207132,37.486275987
"13629",5,10,2,메타세쿼이아,TB,127.00366707,37.475819642
"13630",8,23,5,양버즘나무,PTA,127.025581547,37.487813995
"13631",8,30,5,양버즘나무,PTA,127.011439492,37.498964925
"13632",8,23,6,칠엽수,AC,127.010802418,37.504225141
"13633",9,25,5,양버즘나무,PTA,127.015149732,37.487142638
"13634",11,32,5,양버즘나무,PTA,127.015320803,37.488662591
"13635",10,31,8,양버즘나무,PTA,127.036187646,37.468511988
"13636",8,37,8,양버즘나무,PTA,127.036818488,37.468753666
"13637",12,17,4,양버즘나무,PTA,127.023599596,37.481579275
"13638",11,25,7,양버즘나무,PTA,127.009529401,37.51211339
"13769",3,18,5,단풍나무,MP,127.010610812,37.49386971
"13639",9,24,4,양버즘나무,PTA,127.005997017,37.479781967
"13640",10,37,6,메타세쿼이아,TB,127.029868227,37.472643034
"13641",9,19,4,은행나무,GB,127.011219916,37.509286203
"13642",9,25,5,양버즘나무,PTA,127.016053272,37.485145625
"13643",14,26,6,양버즘나무,PTA,127.00392942,37.49940233
"13644",12,18,3,은행나무,GB,126.990238875,37.493014126
"13645",5,23,7,느티나무,ZS,127.016587909,37.458028697
"13646",7,22,2,양버즘나무,PTA,127.033993355,37.475129225
"13647",11,40,10,양버즘나무,PTA,126.996486986,37.499202891
"13648",9,34,5,양버즘나무,PTA,127.02465777,37.491355953
"13649",8,28,8,양버즘나무,PTA,127.037467686,37.469159842
"13650",12,33,8,양버즘나무,PTA,127.012885578,37.493301918
"13651",10,25,4,양버즘나무,PTA,127.005499447,37.480442608
"13652",13,26,7,양버즘나무,PTA,127.007837002,37.491162666
"13653",8,30,5,양버즘나무,PTA,127.01812106,37.489370353
"13654",7,12,2,은행나무,GB,127.044074427,37.473312577
"13655",12,26,4,양버즘나무,PTA,127.04264707,37.481750772
"13656",10,28,3,양버즘나무,PTA,126.99360922,37.498172117
"13657",6,13,3,메타세쿼이아,TB,127.02193271,37.461990472
"13658",12,22,8,양버즘나무,PTA,126.999239186,37.48929107
"13659",5,10,2,메타세쿼이아,TB,126.993900965,37.473580679
"13660",10,33,8,메타세쿼이아,TB,127.030668285,37.471783771
"13726",9,22,5,양버즘나무,PTA,127.010201178,37.498792557
"13661",6,25,5,양버즘나무,PTA,127.003803102,37.482720231
"13662",9,12,3,은행나무,GB,127.003097249,37.482348333
"13663",9,26,7,양버즘나무,PTA,127.038865875,37.47193847
"13664",7,12,3,은행나무,GB,127.010968697,37.512569113
"13665",12,16,3,은행나무,GB,127.025554292,37.487595649
"13666",10,31,10,양버즘나무,PTA,126.99445648,37.486621294
"13667",10,24,4,양버즘나무,PTA,126.987263965,37.490434392
"13668",8,24,4,양버즘나무,PTA,127.032001736,37.474596015
"13669",7,17,5,은행나무,GB,127.008531149,37.51150943
"13670",5,10,2,메타세쿼이아,TB,126.991438036,37.474171631
"13671",7,26,5,양버즘나무,PTA,126.990695427,37.479335419
"13672",8,23,6,양버즘나무,PTA,127.026329054,37.487831759
"13673",8,15,3,양버즘나무,PTA,127.012249675,37.513435349
"13674",12,23,6,양버즘나무,PTA,127.036591775,37.481837198
"13675",12,23,5,양버즘나무,PTA,126.990170661,37.485704182
"13676",8,14,3,메타세쿼이아,TB,127.012835212,37.50863824
"13677",9,20,5,느티나무,ZS,127.007255032,37.47789873
"13678",6,10,2,메타세쿼이아,TB,126.996119727,37.473395561
"13679",10,46,8,양버즘나무,PTA,127.006503467,37.494660601
"13680",10,15,3,은행나무,GB,127.003978316,37.49905341
"13681",6,25,3,은행나무,GB,127.040687977,37.469113265
"13682",12,28,12,가중나무,AA,127.009021328,37.515569236
"13683",12,35,6,양버즘나무,PTA,126.991446636,37.50215084
"13684",7,19,4,양버즘나무,PTA,127.040789286,37.468039865
"13685",6,18,4,양버즘나무,PTA,127.040628006,37.468205282
"13686",12,35,7,양버즘나무,PTA,126.990124499,37.501873448
"13687",10,49,7,양버즘나무,PTA,127.006654623,37.493578973
"13688",3,10,2,은행나무,GB,126.982463933,37.487277213
"13689",12,36,10,양버즘나무,PTA,127.019655407,37.514991093
"13690",11,16,3,가중나무,AA,127.0132413,37.515449537
"13691",8,17,5,양버즘나무,PTA,127.038463824,37.477163762
"13692",9,28,5,양버즘나무,PTA,126.992039578,37.482789741
"13693",10,23,5,양버즘나무,PTA,126.988593762,37.488152649
"13694",8,22,4,양버즘나무,PTA,127.035906626,37.476178651
"13695",10,24,6,양버즘나무,PTA,127.033229807,37.469056688
"13696",12,32,6,양버즘나무,PTA,127.019998181,37.495479127
"13697",10,30,6,양버즘나무,PTA,126.987208764,37.491502351
"13698",12,29,11,양버즘나무,PTA,126.985733128,37.503958258
"13699",12,37,12,양버즘나무,PTA,127.004460524,37.488871654
"13700",9,25,5,양버즘나무,PTA,127.027673383,37.489936112
"13701",19,21,6,양버즘나무,PTA,127.035886093,37.482465312
"13702",11,24,5,양버즘나무,PTA,127.003310832,37.501764095
"13703",8,25,12,양버즘나무,PTA,126.996083152,37.483734553
"13704",12,33,8,양버즘나무,PTA,126.991205581,37.491462285
"13705",7,24,5,양버즘나무,PTA,127.032693067,37.469859592
"13706",11,31,7,양버즘나무,PTA,127.005970435,37.491176046
"13707",13,31,6,양버즘나무,PTA,126.990201524,37.485471451
"13708",7,26,8,은행나무,GB,127.046644971,37.473818827
"13709",9,16,12,가중나무,AA,127.012156896,37.518613722
"13710",9,34,8,양버즘나무,PTA,127.035171986,37.467665236
"13711",7,18,3,은행나무,GB,126.984957406,37.498406185
"13712",9,28,3,느티나무,ZS,127.082955427,37.460769825
"13713",7,13,5,은행나무,GB,127.010283045,37.512294026
"13714",6,14,2,은행나무,GB,127.042627911,37.473220208
"13715",7,14,5,양버즘나무,PTA,127.021451629,37.502610101
"13716",7,12,3,은행나무,GB,127.028387271,37.488043769
"13717",11,13,6,양버즘나무,PTA,126.987228803,37.490168374
"13718",6,16,4,느티나무,ZS,127.039892392,37.468268068
"13719",10,25,5,양버즘나무,PTA,127.017652839,37.509874652
"13720",10,18,5,양버즘나무,PTA,126.986391717,37.477017758
"13721",15,38,5,양버즘나무,PTA,127.004941744,37.497067011
"13722",5,18,5,느티나무,ZS,126.987600801,37.475244256
"13723",10,40,7,양버즘나무,PTA,127.013331245,37.512995212
"13724",12,34,7,양버즘나무,PTA,127.008341248,37.491906066
"13725",13,36,8,양버즘나무,PTA,127.022663633,37.482775256
"13727",3,35,10,은행나무,GB,127.026371993,37.500089279
"13728",10,25,10,양버즘나무,PTA,127.007734969,37.511204647
"13729",12,14,4,양버즘나무,PTA,127.023664488,37.481622603
"13730",6,28,5,양버즘나무,PTA,127.014269927,37.48820277
"13731",13,31,6,양버즘나무,PTA,126.983533436,37.490818959
"13732",9,15,6,양버즘나무,PTA,127.011952815,37.513010825
"13733",13,44,12,가중나무,AA,127.013125315,37.519283547
"13734",7,17,6,은행나무,GB,127.00572007,37.510149861
"13735",12,38,6,튤립나무,LT,127.023394644,37.481351891
"13736",13,27,8,양버즘나무,PTA,126.981980287,37.478528286
"13737",13,40,12,양버즘나무,PTA,127.01917097,37.516586799
"13738",13,34,12,가중나무,AA,127.012353515,37.518769218
"13739",0,22,5,느티나무,ZS,127.038905617,37.478609573
"13740",15,30,6,양버즘나무,PTA,127.003797692,37.500117205
"13741",18,17,8,양버즘나무,PTA,127.037616104,37.48054632
"13742",10,36,7,느티나무,ZS,127.083814992,37.461439008
"13743",2,15,3,은행나무,GB,127.028626563,37.495244698
"13744",6,21,8,양버즘나무,PTA,127.022741992,37.496458558
"13745",18,26,8,양버즘나무,PTA,127.037026532,37.481365484
"13746",10,23,7,양버즘나무,PTA,127.013465601,37.511985096
"13747",13,36,8,양버즘나무,PTA,126.990927478,37.498054496
"13748",10,29,8,양버즘나무,PTA,127.042065224,37.466172545
"13749",8,17,5,양버즘나무,PTA,127.015278542,37.486422724
"13750",1,31,10,양버즘나무,PTA,126.99615657,37.483983929
"13751",13,19,8,양버즘나무,PTA,127.034857133,37.484130066
"13752",12,25,4,양버즘나무,PTA,127.004844991,37.497263227
"13753",12,24,5,양버즘나무,PTA,127.004649071,37.488793821
"13754",12,28,7,양버즘나무,PTA,126.982898145,37.49195556
"13755",11,36,4,양버즘나무,PTA,126.986254782,37.501074295
"13756",8,28,8,양버즘나무,PTA,127.038872043,37.473032252
"13757",9,28,9,양버즘나무,PTA,127.000754826,37.477000603
"13758",11,36,6,양버즘나무,PTA,127.012138334,37.483060306
"13759",4,26,8,느티나무,ZS,127.08742313,37.46240812
"13760",10,39,8,양버즘나무,PTA,127.032357843,37.469979345
"13761",5,29,5,메타세쿼이아,TB,127.024464616,37.464003006
"13762",13,28,12,가중나무,AA,127.013928434,37.51995058
"13763",9,21,8,양버즘나무,PTA,127.001141456,37.476406661
"13764",11,24,5,양버즘나무,PTA,127.027511471,37.492367237
"13765",12,33,10,양버즘나무,PTA,126.999156753,37.508634189
"13766",11,22,6,양버즘나무,PTA,127.027351884,37.497558156
"13767",8,26,6,양버즘나무,PTA,127.034405727,37.466391825
"13768",8,14,3,은행나무,GB,126.98215493,37.474330943
"13770",11,36,12,양버즘나무,PTA,127.010416571,37.498717858
"13771",4,13,3,회화나무,STJ,127.016958504,37.520522034
"13772",13,17,4,양버즘나무,PTA,127.023572518,37.481550087
"13773",6,28,7,느티나무,ZS,127.012794139,37.457208049
"13774",8,25,7,양버즘나무,PTA,127.038921538,37.473515315
"13775",6,39,6,메타세쿼이아,TB,127.014441364,37.517258387
"13776",10,36,12,양버즘나무,PTA,127.003949075,37.484510293
"13777",6,24,6,칠엽수,AC,127.011225271,37.503437582
"13778",13,17,4,양버즘나무,PTA,127.023318842,37.487130418
"13779",10,8,1,은행나무,GB,127.007171685,37.492333808
"13780",11,28,6,양버즘나무,PTA,127.00943838,37.48379905
"13781",8,23,4,느티나무,ZS,127.080503707,37.460489768
"13782",12,42,12,가중나무,AA,127.007981379,37.509486543
"13783",9,22,5,은행나무,GB,127.015074017,37.502163782
"13784",10,26,5,양버즘나무,PTA,127.003938931,37.485420291
"13785",3,19,3,느티나무,ZS,126.990848211,37.486746153
"13786",7,10,2,은행나무,GB,127.011311863,37.51272785
"13787",8,39,8,느티나무,ZS,127.084114186,37.46153659
"13788",4,6,2,왕벚나무,PS,127.056070388,37.446892456
"13789",8,30,5,양버즘나무,PTA,127.017600348,37.489359878
"13790",9,38,5,양버즘나무,PTA,127.002583906,37.50562578
"13791",9,30,5,양버즘나무,PTA,127.02343742,37.498769624
"13792",7,12,3,은행나무,GB,126.996455759,37.49411697
"13793",7,33,10,양버즘나무,PTA,127.00976637,37.505642117
"13794",10,23,4,양버즘나무,PTA,126.988141394,37.505376651
"13795",7,10,2,메타세쿼이아,TB,126.99483659,37.473744156
"13796",7,16,3,은행나무,GB,127.010388243,37.503809326
"13797",9,21,3,은행나무,GB,127.001922908,37.48210616
"13798",7,24,10,양버즘나무,PTA,127.008183157,37.511261472
"13799",12,10,1,은행나무,GB,126.989874044,37.493582196
"13800",13,42,10,양버즘나무,PTA,127.021675271,37.509934775
"13801",7,25,6,느티나무,ZS,127.070885365,37.457320912
"13802",12,31,7,양버즘나무,PTA,127.039062766,37.477984949
"13803",14,28,6,양버즘나무,PTA,127.038849581,37.478348538
"13804",5,15,4,은행나무,GB,127.025185183,37.471660285
"13805",5,17,3,느티나무,ZS,127.044064282,37.466689695
"13806",11,21,7,양버즘나무,PTA,127.015303356,37.519620205
"13807",8,19,7,양버즘나무,PTA,127.038395754,37.471103917
"13808",7,22,6,은행나무,GB,126.998349114,37.498831513
"13809",11,41,5,양버즘나무,PTA,126.982396061,37.486254624
"13810",9,32,8,느티나무,ZS,127.068775291,37.456396961
"13811",8,13,2,은행나무,GB,127.013596193,37.514971974
"13812",12,39,12,가중나무,AA,127.00643556,37.513370911
"13813",8,22,4,양버즘나무,PTA,127.035202639,37.463614526
"13814",12,29,7,양버즘나무,PTA,127.006697994,37.491400258
"13815",11,14,2,메타세쿼이아,TB,127.038877074,37.473949116
"13816",12,32,11,양버즘나무,PTA,126.985763169,37.503868523
"13817",6,16,5,양버즘나무,PTA,127.014010717,37.492686337
"13818",10,33,8,양버즘나무,PTA,127.041116835,37.46705559
"13819",12,30,8,양버즘나무,PTA,126.989147598,37.492367948
"13820",9,22,5,양버즘나무,PTA,127.004172036,37.482584234
"13821",7,39,9,느티나무,ZS,127.011597207,37.479707913
"13822",12,36,7,양버즘나무,PTA,126.98287081,37.491537469
"13823",11,26,8,양버즘나무,PTA,126.993080739,37.488807051
"13824",13,24,7,양버즘나무,PTA,127.038697748,37.479390606
"13825",9,38,8,느티나무,ZS,127.034827416,37.484302312
"13826",12,30,5,양버즘나무,PTA,127.004795554,37.489628591
"13827",9,34,7,양버즘나무,PTA,127.011811339,37.512941722
"13828",10,36,4,양버즘나무,PTA,127.038686802,37.476582763
"13829",7,31,8,느티나무,ZS,127.081888232,37.461883714
"13830",9,21,6,느티나무,ZS,127.080742749,37.460057433
"13831",11,33,5,양버즘나무,PTA,127.018554439,37.510127499
"13832",8,32,6,양버즘나무,PTA,127.012753092,37.513676982
"13833",10,36,7,양버즘나무,PTA,127.013349024,37.512873005
"13834",14,32,4,양버즘나무,PTA,127.042555533,37.481654159
"13835",9,31,4,양버즘나무,PTA,127.013054157,37.510594948
"13836",8,28,7,느티나무,ZS,127.082135207,37.462434109
"13837",5,15,3,느티나무,ZS,127.044512975,37.463964943
"13838",12,40,8,양버즘나무,PTA,127.017205082,37.494894819
"13839",15,42,7,양버즘나무,PTA,127.018767292,37.495377087
"13840",5,11,2,메타세쿼이아,TB,126.996226588,37.473681293
"13841",13,29,8,양버즘나무,PTA,127.027194358,37.497613194
"13842",8,33,5,양버즘나무,PTA,127.025706984,37.494052064
"13843",17,21,8,양버즘나무,PTA,127.037588043,37.480590915
"13844",10,18,5,양버즘나무,PTA,126.988296363,37.488614309
"13845",8,13,3,메타세쿼이아,TB,127.012079477,37.480347496
"13846",5,15,3,느티나무,ZS,126.986628182,37.48584217
"13847",3,22,6,은행나무,GB,127.026540734,37.499724098
"13848",8,24,6,메타세쿼이아,TB,127.022590806,37.50020887
"13849",13,38,12,양버즘나무,PTA,127.019063962,37.516958905
"13850",11,29,10,양버즘나무,PTA,127.008516672,37.511602286
"13851",13,34,12,가중나무,AA,127.010533551,37.51737695
"13852",11,32,8,양버즘나무,PTA,127.00810526,37.491687551
"13853",11,34,6,양버즘나무,PTA,126.990059723,37.493662469
"13854",9,22,4,양버즘나무,PTA,127.006289238,37.479183669
"13855",8,23,4,느티나무,ZS,127.066304049,37.455790487
"13856",7,19,6,은행나무,GB,127.042941605,37.470660589
"13857",4,22,7,느티나무,ZS,126.984631352,37.475920067
"13858",8,29,7,양버즘나무,PTA,127.012148631,37.509707209
"13859",8,40,10,양버즘나무,PTA,127.030263984,37.491955794
"13860",7,19,5,양버즘나무,PTA,126.987767641,37.477956593
"13861",4,6,2,왕벚나무,PS,127.052344674,37.451409818
"13862",5,10,2,메타세쿼이아,TB,126.999411666,37.473915727
"13863",12,28,7,양버즘나무,PTA,126.997425191,37.488913093
"13864",8,34,8,양버즘나무,PTA,127.03759614,37.469209917
"13865",10,20,6,느티나무,ZS,127.034165632,37.484121667
"13866",7,37,8,느티나무,ZS,127.045959992,37.462088202
"13867",9,23,6,은행나무,GB,126.998085073,37.495889279
"13868",6,13,2,은행나무,GB,127.042595787,37.470422353
"13869",13,41,12,가중나무,AA,127.013223298,37.519582922
"13870",10,24,6,양버즘나무,PTA,127.025900572,37.497299
"13871",6,13,4,은행나무,GB,127.051835225,37.452177914
"13872",10,21,5,양버즘나무,PTA,127.005750863,37.482884237
"13873",7,27,8,은행나무,GB,127.046646312,37.468056353
"13874",8,32,10,양버즘나무,PTA,127.007813668,37.503686552
"13875",10,19,5,양버즘나무,PTA,126.999715583,37.48160733
"13876",7,29,8,양버즘나무,PTA,127.033018688,37.469506007
"13877",4,26,7,양버즘나무,PTA,127.014313975,37.516533935
"13878",10,31,5,양버즘나무,PTA,126.98713098,37.490920143
"13879",12,20,8,양버즘나무,PTA,127.000137312,37.507538018
"13880",12,24,7,양버즘나무,PTA,127.012301703,37.493272282
"13881",11,28,6,튤립나무,LT,127.0139294,37.508975652
"13882",7,20,4,양버즘나무,PTA,127.032775066,37.46977387
"13883",9,28,8,느티나무,ZS,127.07365874,37.458316204
"13884",10,34,5,양버즘나무,PTA,127.025275096,37.494554242
"13885",6,18,4,은행나무,GB,127.046618487,37.468583382
"13886",10,27,8,양버즘나무,PTA,127.040596658,37.467539341
"13887",5,10,2,메타세쿼이아,TB,127.005385613,37.476638101
"13888",5,10,3,왕벚나무,PS,127.035547339,37.478130423
"13889",11,25,7,양버즘나무,PTA,127.014992846,37.518761013
"13890",8,25,5,양버즘나무,PTA,127.018669834,37.489687036
"13891",0,9,0,느티나무,ZS,127.011139856,37.47986772
"13892",7,21,5,은행나무,GB,127.046778293,37.468156091
"13893",8,13,2,은행나무,GB,127.011092629,37.512685671
"13894",10,33,10,양버즘나무,PTA,126.991911079,37.490697744
"13895",7,26,5,메타세쿼이아,TB,127.021340051,37.461354613
"13896",7,13,3,은행나무,GB,126.990804895,37.493030034
"13897",6,23,4,은행나무,GB,127.031619201,37.474248987
"13898",6,26,6,메타세쿼이아,TB,127.02235303,37.46211915
"13899",11,38,6,양버즘나무,PTA,127.007679611,37.507172836
"13900",12,41,7,양버즘나무,PTA,127.009999553,37.492690015
"13901",8,22,5,양버즘나무,PTA,127.038786526,37.469996748
"13902",5,10,2,메타세쿼이아,TB,127.000060579,37.474139809
"13903",8,27,6,메타세쿼이아,TB,127.034809933,37.473789325
"13904",4,9,2,은행나무,GB,127.029873973,37.473197819
"13905",7,29,6,양버즘나무,PTA,127.032734322,37.4698166
"13906",9,25,6,느티나무,ZS,127.067199206,37.456082446
"13907",3,19,3,느티나무,ZS,126.990760731,37.486718145
"13908",10,20,7,양버즘나무,PTA,127.009637499,37.512173382
"13909",8,36,10,양버즘나무,PTA,127.030698978,37.49104671
"13910",7,22,5,은행나무,GB,127.04952779,37.472772428
"13911",8,26,4,느티나무,ZS,127.007836839,37.511095675
"13912",6,15,4,칠엽수,AC,127.012828716,37.496868392
"13913",5,8,4,단풍나무,MP,126.985721074,37.485923792
"13914",10,31,8,메타세쿼이아,TB,127.030109032,37.472264088
"13915",6,17,2,은행나무,GB,127.023523237,37.472126918
"13916",14,32,7,양버즘나무,PTA,127.018935474,37.495429742
"13917",3,31,10,은행나무,GB,127.026254882,37.500340821
"13918",7,10,2,은행나무,GB,127.000792348,37.500919354
"13919",5,19,5,느티나무,ZS,127.048113097,37.469620238
"13920",5,15,4,느티나무,ZS,127.044064637,37.464371386
"13921",11,31,6,양버즘나무,PTA,127.01363029,37.493277927
"13922",12,22,10,가중나무,AA,127.007620657,37.510155777
"13923",9,24,5,양버즘나무,PTA,127.015424988,37.486660741
"13924",9,35,6,양버즘나무,PTA,127.010367789,37.485941642
"13925",6,18,5,은행나무,GB,127.045779627,37.476386302
"13926",9,33,10,느티나무,ZS,127.031735046,37.482709351
"13927",7,11,3,은행나무,GB,127.051507073,37.452842214
"13928",10,22,6,메타세쿼이아,TB,127.038216646,37.475487215
"13929",5,18,4,칠엽수,AC,127.01269634,37.497442219
"13930",7,28,5,양버즘나무,PTA,126.986255346,37.476051936
"13931",0,9,0,느티나무,ZS,127.015931409,37.4816822
"13932",8,38,8,느티나무,ZS,127.082239025,37.463349597
"13933",6,15,3,은행나무,GB,127.046215059,37.461028871
"13934",7,26,6,느티나무,ZS,127.046857463,37.462916851
"13935",7,26,6,느티나무,ZS,127.082166174,37.462534341
"13936",6,26,6,느티나무,ZS,127.015425918,37.481182233
"13937",9,28,7,칠엽수,AC,127.012048292,37.500274937
"13938",9,28,6,양버즘나무,PTA,127.038885359,37.477269835
"13939",6,20,3,양버즘나무,PTA,127.01322102,37.484349755
"13940",5,10,2,메타세쿼이아,TB,127.004541696,37.476237727
"13941",8,25,4,은행나무,GB,127.011116179,37.509475481
"13942",8,19,2,은행나무,GB,127.037703468,37.46167907
"13943",8,13,2,은행나무,GB,127.038874771,37.462983455
"13944",7,19,6,은행나무,GB,127.028270825,37.472238791
"13945",9,11,3,은행나무,GB,127.003772823,37.482483163
"13946",10,38,10,양버즘나무,PTA,126.999871485,37.478332885
"13947",8,19,4,양버즘나무,PTA,127.017184239,37.501139618
"13948",4,22,8,느티나무,ZS,127.088367994,37.462715318
"13949",5,10,2,메타세쿼이아,TB,126.991510787,37.474152914
"13950",7,22,6,은행나무,GB,127.044206729,37.474252113
"13951",4,30,6,느티나무,ZS,127.044596976,37.464481624
"13952",7,12,2,은행나무,GB,127.036857284,37.460113145
"13953",0,9,0,느티나무,ZS,127.02204214,37.48273599
"13954",10,24,5,양버즘나무,PTA,126.98853281,37.488247342
"13955",8,20,6,은행나무,GB,126.98616868,37.468636545
"13956",12,37,6,양버즘나무,PTA,126.989192726,37.48703686
"13957",6,24,6,느티나무,ZS,127.016809012,37.457849402
"13958",7,32,7,은행나무,GB,127.047156751,37.473443999
"13959",4,14,3,느티나무,ZS,126.99415252,37.473820014
"13960",6,12,5,은행나무,GB,127.045101747,37.474846137
"13961",3,32,6,느티나무,ZS,127.068800102,37.456602873
"13962",12,14,3,은행나무,GB,127.003653329,37.500864005
"13963",12,41,8,양버즘나무,PTA,127.009253973,37.489022163
"13964",10,17,8,양버즘나무,PTA,127.024063542,37.48236641
"13965",12,25,5,양버즘나무,PTA,127.029263661,37.486607848
"13966",9,25,5,양버즘나무,PTA,127.02545934,37.494179779
"13967",12,38,8,양버즘나무,PTA,127.00656849,37.49149229
"13968",10,25,7,양버즘나무,PTA,127.015451338,37.519602948
"13969",12,16,4,양버즘나무,PTA,127.041205995,37.480184653
"13970",8,21,4,양버즘나무,PTA,127.032151298,37.474645359
"13971",5,25,6,느티나무,ZS,127.04451407,37.46400801
"13972",10,32,5,양버즘나무,PTA,127.028527459,37.488144458
"13973",12,33,12,양버즘나무,PTA,127.0110744,37.498809632
"13974",12,14,3,은행나무,GB,127.004834574,37.505974358
"13975",10,19,10,가중나무,AA,127.015241401,37.520391168
"13976",13,61,12,가중나무,AA,127.00781111,37.514396917
"13977",10,29,5,양버즘나무,PTA,127.011390735,37.487332187
"13978",11,30,10,양버즘나무,PTA,127.010889856,37.483875773
"13979",11,26,10,양버즘나무,PTA,127.009257034,37.511944893
"13980",13,26,12,양버즘나무,PTA,127.029423579,37.493714865
"13981",9,28,8,양버즘나무,PTA,126.998368311,37.480595483
"13982",11,31,5,양버즘나무,PTA,127.0055167,37.496667518
"13983",7,20,5,양버즘나무,PTA,127.014834816,37.487960674
"13984",10,26,8,은행나무,GB,126.998257738,37.497511202
"13985",10,30,10,양버즘나무,PTA,127.037062287,37.477225313
"13986",12,34,8,양버즘나무,PTA,126.99104709,37.491719047
"13987",8,29,10,양버즘나무,PTA,127.006375628,37.503123109
"13988",6,16,3,메타세쿼이아,TB,127.023349225,37.462875429
"13989",9,28,8,양버즘나무,PTA,127.013381939,37.511621504
"13990",10,35,8,양버즘나무,PTA,127.013401461,37.512471884
"13991",10,26,4,양버즘나무,PTA,127.00505311,37.481724788
"13992",8,27,3,양버즘나무,PTA,127.036381788,37.476529342
"13993",8,29,5,양버즘나무,PTA,127.026043811,37.492950762
"13994",14,32,6,양버즘나무,PTA,127.003950165,37.499312316
"13995",7,11,3,메타세쿼이아,TB,127.041468019,37.477976459
"13996",14,31,6,양버즘나무,PTA,127.003828146,37.499922694
"13997",6,11,2,메타세쿼이아,TB,126.997760377,37.473494634
"13998",6,28,7,느티나무,ZS,127.017085588,37.458396642
"13999",12,23,6,양버즘나무,PTA,127.010655245,37.483831228
"14000",7,13,4,양버즘나무,PTA,127.012304541,37.509697195
"14001",4,21,6,느티나무,ZS,126.989365765,37.486296306
"14002",12,42,10,양버즘나무,PTA,126.999016587,37.508949896
"14003",0,9,0,느티나무,ZS,127.018654762,37.482179179
"14004",18,16,6,양버즘나무,PTA,127.036227886,37.482120367
"14005",10,24,4,양버즘나무,PTA,127.006118389,37.479147287
"14006",10,33,5,양버즘나무,PTA,126.999125166,37.481761687
"14007",9,20,5,양버즘나무,PTA,127.00987456,37.498751211
"14008",7,29,6,양버즘나무,PTA,127.030454703,37.489091474
"14009",11,30,12,양버즘나무,PTA,127.009415824,37.49871123
"14010",8,17,3,양버즘나무,PTA,127.024067419,37.504216937
"14011",6,17,5,은행나무,GB,127.045250892,37.467037479
"14012",11,27,10,양버즘나무,PTA,126.992995365,37.48856808
"14013",9,27,8,양버즘나무,PTA,127.039193006,37.470088414
"14014",7,24,4,느티나무,ZS,127.052287312,37.46057996
"14015",10,30,5,양버즘나무,PTA,126.999775981,37.481612018
"14016",12,42,12,양버즘나무,PTA,127.029547048,37.493444493
"14017",10,27,6,양버즘나무,PTA,126.998646444,37.480182624
"14018",9,28,5,양버즘나무,PTA,126.998485858,37.48149838
"14019",9,24,4,양버즘나무,PTA,126.998662395,37.481515139
"14020",14,25,7,양버즘나무,PTA,127.038742075,37.478903033
"14021",5,10,2,메타세쿼이아,TB,126.989341981,37.475040821
"14022",9,23,9,양버즘나무,PTA,127.00046747,37.477443945
"14023",13,16,5,양버즘나무,PTA,127.038840237,37.478762709
"14024",4,17,5,느티나무,ZS,127.044806419,37.4642859
"14025",9,21,5,양버즘나무,PTA,127.028380167,37.492485911
"14026",5,24,7,느티나무,ZS,126.988192639,37.480203765
"14027",6,18,4,느티나무,ZS,127.031205171,37.473379263
"14028",12,17,4,양버즘나무,PTA,127.03994664,37.478815396
"14029",10,28,3,양버즘나무,PTA,126.991680438,37.483167638
"14030",6,16,4,은행나무,GB,126.988438486,37.464860995
"14031",5,10,2,메타세쿼이아,TB,126.994176531,37.473540488
"14032",5,33,8,양버즘나무,PTA,127.014598825,37.489266301
"14033",4,17,4,느티나무,ZS,127.089110171,37.462957925
"14034",9,30,5,양버즘나무,PTA,127.024972525,37.491584965
"14035",5,13,3,왕벚나무,PS,127.035327924,37.478214616
"14036",5,22,5,느티나무,ZS,127.045672423,37.462586394
"14037",12,37,10,양버즘나무,PTA,126.998611205,37.500042674
"14038",7,18,7,은행나무,GB,127.009352288,37.511905838
"14039",7,20,5,은행나무,GB,127.044054271,37.474149616
"14040",10,28,4,양버즘나무,PTA,127.005749719,37.480299175
"14041",14,41,12,가중나무,AA,127.013845199,37.519904146
"14042",7,12,3,메타세쿼이아,TB,127.042716768,37.479437612
"14043",12,37,10,양버즘나무,PTA,126.999937302,37.507004548
"14044",7,12,1,은행나무,GB,127.051244787,37.453376778
"14045",8,15,2,은행나무,GB,127.020109898,37.513351716
"14046",8,22,4,양버즘나무,PTA,127.042527219,37.481314773
"14047",8,19,5,양버즘나무,PTA,127.039028549,37.47095841
"14048",10,20,5,양버즘나무,PTA,127.020151532,37.485934243
"14049",10,35,10,양버즘나무,PTA,126.995823261,37.498934018
"14050",8,19,4,느티나무,ZS,127.002213093,37.503854064
"14051",9,24,8,양버즘나무,PTA,127.038929463,37.471716877
"14052",5,29,8,느티나무,ZS,126.989563075,37.479137605
"14053",9,26,6,양버즘나무,PTA,127.011062876,37.512581761
"14054",4,17,4,은행나무,GB,127.029185781,37.494071558
"14055",12,47,6,양버즘나무,PTA,126.999939791,37.504772334
"14056",8,17,4,메타세쿼이아,TB,127.029819013,37.470048265
"14057",6,24,6,느티나무,ZS,127.048226691,37.4621377
"14058",5,10,2,메타세쿼이아,TB,126.986358197,37.475587478
"14059",10,18,5,양버즘나무,PTA,127.020226989,37.485955287
"14060",10,12,1,양버즘나무,PTA,127.025626266,37.501670449
"14061",12,28,6,양버즘나무,PTA,126.989252224,37.494908733
"14062",4,13,2,메타세쿼이아,TB,126.994326387,37.473797169
"14063",8,9,1,은행나무,GB,127.038350471,37.46261348
"14064",9,20,4,양버즘나무,PTA,127.023571682,37.481518796
"14065",9,20,3,양버즘나무,PTA,127.00457853,37.491023481
"14066",10,30,5,양버즘나무,PTA,127.025776413,37.493507945
"14067",10,31,6,양버즘나무,PTA,127.005020359,37.497676078
"14068",4,10,1,칠엽수,AC,127.011289969,37.503317385
"14069",13,17,5,양버즘나무,PTA,127.021361038,37.486305287
"14070",8,15,4,칠엽수,AC,127.012524799,37.498198673
"14071",11,33,10,양버즘나무,PTA,127.000367175,37.477152906
"14072",10,24,5,양버즘나무,PTA,126.982904062,37.492145054
"14073",9,21,5,양버즘나무,PTA,127.021523159,37.490550476
"14074",11,28,6,양버즘나무,PTA,126.990287561,37.485328206
"14075",8,36,6,느티나무,ZS,127.082245417,37.463527958
"14076",13,30,10,양버즘나무,PTA,127.020308237,37.512876028
"14077",10,29,10,양버즘나무,PTA,127.009217991,37.511942705
"14078",8,27,7,양버즘나무,PTA,127.014048138,37.490927213
"14079",9,30,4,양버즘나무,PTA,126.986736991,37.501600586
"14080",11,24,6,양버즘나무,PTA,127.036113823,37.482814352
"14081",11,30,10,양버즘나무,PTA,126.998822551,37.509274099
"14082",5,10,2,메타세쿼이아,TB,126.985571379,37.476086275
"14083",6,20,3,양버즘나무,PTA,127.013269767,37.484359908
"14084",9,28,9,양버즘나무,PTA,127.000918739,37.476750665
"14085",9,27,10,양버즘나무,PTA,127.008820642,37.511571063
"14086",6,30,8,느티나무,ZS,127.024646138,37.460113556
"14087",5,10,2,메타세쿼이아,TB,127.00497274,37.47644093
"14088",4,6,2,왕벚나무,PS,127.055708976,37.447229736
"14089",4,22,5,느티나무,ZS,127.04381673,37.465920706
"14090",8,18,3,양버즘나무,PTA,127.012894364,37.513669663
"14091",12,35,12,양버즘나무,PTA,126.98612658,37.502773944
"14092",10,21,6,양버즘나무,PTA,127.023186827,37.498913556
"14093",7,15,2,은행나무,GB,127.036256723,37.461120343
"14094",10,23,8,양버즘나무,PTA,127.00394926,37.484248263
"14095",12,36,10,가중나무,AA,127.003458673,37.507868478
"14096",13,22,7,양버즘나무,PTA,127.03839027,37.480069354
"14097",8,16,4,양버즘나무,PTA,127.033399748,37.475071929
"14098",7,22,5,양버즘나무,PTA,127.014653847,37.509253088
"14099",9,23,4,양버즘나무,PTA,127.003758293,37.484477321
"14100",9,28,8,양버즘나무,PTA,127.038463782,37.47743619
"14101",9,19,6,느티나무,ZS,127.079434509,37.45966359
"14102",8,33,7,느티나무,ZS,127.053553764,37.459662426
"14103",4,13,3,은행나무,GB,127.012200389,37.482141979
"14104",0,8,0,느티나무,ZS,127.03725557,37.484849343
"14105",9,18,5,양버즘나무,PTA,127.020308009,37.486201467
"14106",10,32,5,양버즘나무,PTA,127.028969052,37.486824888
"14107",12,17,5,양버즘나무,PTA,127.038503421,37.479684599
"14108",8,33,12,양버즘나무,PTA,126.996881559,37.481114727
"14109",8,24,6,메타세쿼이아,TB,127.022276325,37.500868087
"14110",13,30,8,가중나무,AA,127.008288872,37.508400613
"14111",13,20,3,양버즘나무,PTA,127.03745156,37.481507661
"14112",11,32,10,양버즘나무,PTA,126.999806974,37.478020773
"14113",3,29,10,양버즘나무,PTA,127.026921039,37.498932284
"14114",6,20,4,양버즘나무,PTA,127.011929094,37.50948736
"14115",10,28,10,양버즘나무,PTA,126.996196807,37.48392132
"14116",15,25,10,양버즘나무,PTA,127.03795823,37.479519258
"14117",17,40,12,양버즘나무,PTA,127.03232308,37.487636874
"14118",7,40,8,양버즘나무,PTA,127.010594298,37.486254951
"14119",0,22,6,느티나무,ZS,127.039000312,37.473203262
"14120",7,42,12,양버즘나무,PTA,127.009253033,37.506540807
"14121",5,10,2,메타세쿼이아,TB,127.003836191,37.475899177
"14122",8,29,8,양버즘나무,PTA,127.008603436,37.503996118
"14123",4,38,12,느티나무,ZS,127.08786855,37.462548656
"14124",12,22,5,양버즘나무,PTA,126.988631341,37.501562762
"14125",12,28,10,가중나무,AA,127.003284718,37.508567799
"14126",12,42,12,가중나무,AA,127.006835192,37.513761076
"14127",8,10,2,은행나무,GB,126.983803574,37.470977161
"14128",8,19,4,양버즘나무,PTA,127.034451641,37.475448586
"14129",4,6,2,왕벚나무,PS,127.056893849,37.446279167
"14130",12,16,8,양버즘나무,PTA,127.024018257,37.482244149
"14131",9,33,10,양버즘나무,PTA,127.010611671,37.487245475
"14132",12,31,6,양버즘나무,PTA,127.009613581,37.483833598
"14133",6,22,7,느티나무,ZS,127.017014487,37.4583306
"14134",13,36,5,양버즘나무,PTA,127.005004848,37.496939665
"14135",12,26,6,양버즘나무,PTA,126.989146085,37.494714264
"14136",9,28,6,양버즘나무,PTA,127.023518276,37.498255031
"14137",7,31,5,느티나무,ZS,127.083103357,37.461262562
"14138",13,41,12,가중나무,AA,127.014360178,37.520176397
"14139",8,27,7,양버즘나무,PTA,127.009718131,37.51218548
"14140",3,37,8,은행나무,GB,127.02651216,37.499786658
"14141",0,16,3,느티나무,ZS,127.038348802,37.477210299
"14142",5,13,2,메타세쿼이아,TB,126.99926083,37.474173083
"14143",8,29,5,양버즘나무,PTA,127.026398065,37.491871818
"14144",8,28,8,양버즘나무,PTA,127.015736611,37.494180082
"14145",10,26,5,양버즘나무,PTA,127.007622026,37.492386811
"14146",7,24,5,느티나무,ZS,127.053163644,37.460203289
"14147",6,23,4,메타세쿼이아,TB,127.02816056,37.467330983
"14148",8,22,5,느티나무,ZS,127.071430211,37.457012702
"14149",6,29,7,메타세쿼이아,TB,127.030516313,37.470907056
"14150",11,26,8,양버즘나무,PTA,127.034882393,37.484105594
"14151",6,11,3,은행나무,GB,127.066573067,37.434142043
"14152",9,39,10,양버즘나무,PTA,127.030228878,37.492029283
"14153",6,18,3,느티나무,ZS,127.001898974,37.504228577
"14154",5,12,2,은행나무,GB,127.025683409,37.501549884
"14155",9,28,9,양버즘나무,PTA,127.000662245,37.477144597
"14156",7,25,8,양버즘나무,PTA,127.03305795,37.469464321
"14157",4,29,10,양버즘나무,PTA,127.027011662,37.498745644
"14158",7,36,12,양버즘나무,PTA,126.995774585,37.484214888
"14159",8,21,5,양버즘나무,PTA,127.024296012,37.491247377
"14160",10,22,6,양버즘나무,PTA,127.000899879,37.47632724
"14161",8,24,6,메타세쿼이아,TB,127.022461774,37.500469339
"14162",9,25,10,양버즘나무,PTA,126.996899596,37.482834758
"14163",8,33,8,양버즘나무,PTA,127.038879445,37.473553416
"14164",8,21,5,양버즘나무,PTA,127.015798383,37.485006832
"14165",10,20,5,양버즘나무,PTA,126.998226892,37.480424354
"14166",7,25,4,양버즘나무,PTA,127.035205371,37.467868746
"14167",11,24,8,양버즘나무,PTA,127.000778027,37.476516146
"14168",5,12,3,은행나무,GB,127.05646775,37.44668127
"14169",13,20,6,은행나무,GB,127.017960956,37.482607212
"14170",9,33,9,양버즘나무,PTA,127.034138088,37.466423138
"14171",5,10,2,메타세쿼이아,TB,127.000127501,37.47416587
"14172",6,26,6,느티나무,ZS,127.048963002,37.461820387
"14173",12,35,8,양버즘나무,PTA,126.989079936,37.492340708
"14174",11,31,6,양버즘나무,PTA,126.9839562,37.490814886
"14175",10,25,5,양버즘나무,PTA,127.004900198,37.482079904
"14176",7,12,2,메타세쿼이아,TB,126.994600537,37.473763905
"14177",11,26,8,양버즘나무,PTA,126.992840978,37.489194268
"14178",10,9,5,느티나무,ZS,127.008249926,37.478399364
"14179",12,28,6,양버즘나무,PTA,126.987204052,37.49159396
"14180",12,28,9,양버즘나무,PTA,126.995994938,37.484235717
"14181",11,43,12,가중나무,AA,127.008346322,37.514919063
"14182",8,29,8,양버즘나무,PTA,127.038414188,37.470991888
"14183",12,38,10,양버즘나무,PTA,127.000433688,37.505913802
"14184",10,33,5,양버즘나무,PTA,127.025230194,37.494651041
"14185",7,25,3,양버즘나무,PTA,127.032627614,37.474654615
"14186",7,26,5,느티나무,ZS,127.029113992,37.484012212
"14187",6,22,5,은행나무,GB,127.044197286,37.476301517
"14188",6,29,5,느티나무,ZS,127.04818624,37.462342693
"14189",15,33,6,양버즘나무,PTA,127.00418114,37.498612806
"14190",11,38,10,양버즘나무,PTA,127.000365623,37.507036602
"14191",10,21,4,양버즘나무,PTA,127.00689309,37.477933387
"14192",7,14,3,양버즘나무,PTA,127.012048833,37.509446834
"14193",11,38,8,양버즘나무,PTA,127.006702149,37.494257919
"14194",8,16,3,양버즘나무,PTA,127.012781577,37.513614931
"14195",9,13,3,양버즘나무,PTA,127.023689982,37.481641186
"14196",10,37,7,양버즘나무,PTA,127.013441081,37.512184129
"14197",12,43,10,양버즘나무,PTA,127.000417799,37.506920329
"14198",8,27,3,양버즘나무,PTA,127.038653042,37.47166768
"14199",9,26,5,양버즘나무,PTA,127.009741185,37.498739369
"14200",5,18,3,느티나무,ZS,127.072466131,37.457286208
"14201",10,33,8,양버즘나무,PTA,126.998493948,37.480406837
"14202",6,24,6,느티나무,ZS,127.046875917,37.462717447
"14203",13,40,10,가중나무,AA,127.015076537,37.520546523
"14204",5,12,2,메타세쿼이아,TB,126.999511913,37.474261498
"14205",8,20,4,느티나무,ZS,127.039490074,37.468694063
"14206",8,30,6,메타세쿼이아,TB,127.043130456,37.477249722
"14207",6,31,10,느티나무,ZS,127.015197896,37.457371258
"14208",7,12,1,은행나무,GB,127.011038316,37.512659567
"14209",7,29,5,은행나무,GB,127.027838148,37.471972137
"14210",13,32,8,양버즘나무,PTA,126.990844765,37.498056439
"14211",7,10,1,은행나무,GB,127.004112912,37.502245364
"14212",14,29,12,느티나무,ZS,127.086783999,37.462409776
"14213",5,10,3,왕벚나무,PS,127.035518227,37.478054503
"14214",7,21,4,양버즘나무,PTA,127.012480503,37.502693735
"14215",6,17,3,은행나무,GB,127.046613163,37.460348479
"14216",8,30,8,느티나무,ZS,127.057489833,37.45797563
"14217",6,29,6,메타세쿼이아,TB,127.026631294,37.465769539
"14218",8,25,5,느티나무,ZS,127.075669056,37.458672023
"14219",8,13,3,양버즘나무,PTA,127.034231413,37.464365773
"14220",7,27,5,양버즘나무,PTA,127.017850898,37.489436668
"14221",8,31,5,양버즘나무,PTA,127.031335105,37.489355396
"14222",5,18,4,느티나무,ZS,127.045772564,37.467924108
"14223",8,18,5,느티나무,ZS,127.060491045,37.457059908
"14224",13,26,4,양버즘나무,PTA,127.042146118,37.480894863
"14225",7,17,4,은행나무,GB,127.042507737,37.473145312
"14226",9,20,5,양버즘나무,PTA,127.025010055,37.491597573
"14227",8,28,6,메타세쿼이아,TB,127.030354909,37.472326171
"14228",9,17,6,느티나무,ZS,127.07484903,37.458404303
"14229",8,20,6,양버즘나무,PTA,127.026513805,37.487886255
"14230",12,24,7,양버즘나무,PTA,127.038715373,37.479338953
"14231",6,31,9,느티나무,ZS,127.047810892,37.462315829
"14232",9,13,2,양버즘나무,PTA,127.010984669,37.512543736
"14233",4,16,3,느티나무,ZS,126.985277979,37.485839078
"14234",8,14,5,양버즘나무,PTA,127.038452812,37.472850555
"14235",13,23,5,양버즘나무,PTA,127.00431516,37.499299328
"14236",9,25,6,양버즘나무,PTA,127.023563164,37.498160378
"14237",9,29,12,양버즘나무,PTA,126.999463354,37.481792509
"14238",14,46,8,양버즘나무,PTA,127.007039575,37.49357287
"14239",11,28,5,양버즘나무,PTA,127.004568057,37.488284734
"14240",14,15,4,양버즘나무,PTA,127.041158576,37.479823575
"14241",11,15,3,은행나무,GB,127.017233007,37.509751071
"14242",5,17,4,느티나무,ZS,127.041128011,37.467115358
"14243",11,35,8,양버즘나무,PTA,126.98204336,37.479967747
"14244",8,24,8,양버즘나무,PTA,127.038453545,37.473281162
"14245",9,21,7,양버즘나무,PTA,127.000324808,37.477664578
"14246",13,31,5,양버즘나무,PTA,127.005196419,37.496544827
"14247",4,24,6,느티나무,ZS,126.9888044,37.486282065
"14248",11,41,8,양버즘나무,PTA,127.011521823,37.508929294
"14249",10,30,8,양버즘나무,PTA,127.041463089,37.466738101
"14250",9,31,5,양버즘나무,PTA,127.019692852,37.510745717
"14251",4,22,8,느티나무,ZS,127.08732212,37.462374197
"14252",0,9,0,느티나무,ZS,127.015328062,37.481498933
"14253",7,17,5,은행나무,GB,126.995408316,37.494048401
"14254",5,15,4,느티나무,ZS,127.04546471,37.463188898
"14255",8,47,8,양버즘나무,PTA,127.017061564,37.494850034
"14256",10,41,8,메타세쿼이아,TB,127.030534596,37.47228926
"14257",10,31,8,느티나무,ZS,127.032844451,37.484191674
"14258",8,29,5,느티나무,ZS,127.083302327,37.461313369
"14259",5,19,3,느티나무,ZS,127.048171284,37.469666496
"14260",7,19,5,은행나무,GB,127.050689003,37.454721081
"14261",6,21,6,느티나무,ZS,126.987710799,37.485968719
"14262",10,26,4,양버즘나무,PTA,127.013279018,37.510849842
"14263",11,21,8,양버즘나무,PTA,127.034999089,37.484335204
"14264",7,19,3,은행나무,GB,126.987315968,37.497562494
"14265",12,28,6,은행나무,GB,126.982925294,37.493125955
"14266",6,16,5,은행나무,GB,126.987438552,37.467331436
"14267",7,13,3,은행나무,GB,127.035440152,37.460068268
"14268",8,25,7,느티나무,ZS,127.062077761,37.456004077
"14269",3,12,2,느티나무,ZS,127.001493023,37.474779164
"14270",12,38,8,양버즘나무,PTA,127.008491653,37.489820849
"14271",10,26,8,양버즘나무,PTA,127.038396563,37.469603348
"14272",5,10,2,메타세쿼이아,TB,127.003779176,37.475872414
"14273",9,24,4,느티나무,ZS,127.080993075,37.460639827
"14274",12,43,7,양버즘나무,PTA,127.012949073,37.493596705
"14275",11,43,8,양버즘나무,PTA,127.006124982,37.495429914
"14276",6,27,6,메타세쿼이아,TB,127.022681647,37.462366013
"14277",4,18,3,느티나무,ZS,127.043599066,37.465404412
"14278",8,18,6,양버즘나무,PTA,127.014351955,37.489167808
"14279",5,30,4,양버즘나무,PTA,127.029572628,37.493005708
"14280",7,23,4,양버즘나무,PTA,127.034913929,37.475508639
"14281",14,28,8,양버즘나무,PTA,127.015339572,37.501785235
"14282",9,28,5,양버즘나무,PTA,127.004712573,37.482447614
"14283",7,21,6,은행나무,GB,127.02810594,37.472136413
"14284",16,20,4,양버즘나무,PTA,127.023534215,37.486978295
"14285",8,15,3,양버즘나무,PTA,127.015281229,37.502059832
"14286",11,25,5,양버즘나무,PTA,127.028616384,37.487569961
"14287",15,24,10,양버즘나무,PTA,127.038087799,37.479168081
"14288",13,30,12,가중나무,AA,127.011384256,37.518210247
"14289",9,34,12,양버즘나무,PTA,126.999791362,37.481822428
"14290",8,26,5,느티나무,ZS,127.061115741,37.456416309
"14291",5,30,8,느티나무,ZS,127.027216771,37.49747087
"14292",10,30,8,은행나무,GB,126.998273862,37.49631352
"14293",5,15,3,느티나무,ZS,127.04527203,37.46334255
"14294",4,28,6,느티나무,ZS,127.044542631,37.464533978
"14295",5,8,3,왕벚나무,PS,127.050497924,37.455005823
"14296",7,22,3,은행나무,GB,127.024942674,37.469758739
"14297",5,20,4,느티나무,ZS,127.043235834,37.466086111
"14298",13,39,12,가중나무,AA,127.005865922,37.512490622
"14299",8,34,7,느티나무,ZS,127.071948143,37.457669163
"14300",12,23,4,양버즘나무,PTA,127.04041635,37.479015795
"14301",13,30,4,가중나무,AA,127.011202434,37.516614273
"14302",7,13,3,은행나무,GB,126.988189388,37.496193399
"14303",13,29,5,가중나무,AA,127.00295769,37.508907215
"14304",9,27,9,양버즘나무,PTA,127.000585714,37.477261811
"14305",6,18,1,은행나무,GB,127.040433634,37.468938271
"14306",4,17,4,느티나무,ZS,127.043509017,37.465652635
"14307",12,38,6,양버즘나무,PTA,127.007203226,37.507027666
"14308",8,25,3,은행나무,GB,126.986915281,37.501480403
"14309",5,20,4,양버즘나무,PTA,127.017055789,37.484016493
"14310",9,23,4,느티나무,ZS,127.079088254,37.459561456
"14311",13,21,5,양버즘나무,PTA,127.037062486,37.481899121
"14312",10,20,8,양버즘나무,PTA,127.040647928,37.467502147
"14313",8,25,6,느티나무,ZS,127.065202582,37.455211067
"14314",14,8,2,은행나무,GB,127.043336027,37.480748918
"14315",10,15,8,양버즘나무,PTA,127.038456431,37.475431556
"14316",10,21,8,양버즘나무,PTA,127.040685219,37.46746496
"14317",5,12,2,메타세쿼이아,TB,127.003804308,37.476218402
"14318",8,30,6,양버즘나무,PTA,127.021594116,37.502693519
"14319",8,24,6,양버즘나무,PTA,127.038884369,37.477077091
"14320",15,22,4,양버즘나무,PTA,127.022138752,37.486545447
"14321",12,27,6,양버즘나무,PTA,127.008283829,37.511487618
"14322",4,26,5,느티나무,ZS,126.982695571,37.476281861
"14323",7,25,5,양버즘나무,PTA,126.98635821,37.476343202
"14324",5,40,5,양버즘나무,PTA,127.014932575,37.488556346
"14325",15,31,5,양버즘나무,PTA,126.998348836,37.504291105
"14326",7,12,3,은행나무,GB,127.028360479,37.488100408
"14327",12,25,6,양버즘나무,PTA,127.037444388,37.481471867
"14328",10,29,5,은행나무,GB,127.018032071,37.515559239
"14329",10,31,8,양버즘나무,PTA,126.999751313,37.478516911
"14330",12,39,10,양버즘나무,PTA,127.025536253,37.501855807
"14331",12,30,5,양버즘나무,PTA,127.029560963,37.484898161
"14332",13,31,8,양버즘나무,PTA,127.038008154,37.480682123
"14333",9,23,5,양버즘나무,PTA,127.023416476,37.498815103
"14334",10,36,8,양버즘나무,PTA,127.005552913,37.50652655
"14335",9,21,4,양버즘나무,PTA,127.02378261,37.497694285
"14336",5,10,2,메타세쿼이아,TB,126.989703481,37.47494055
"14337",13,22,6,양버즘나무,PTA,126.990967366,37.484266907
"14338",14,29,10,양버즘나무,PTA,127.036891887,37.481439555
"14339",6,31,7,메타세쿼이아,TB,127.027613629,37.466706093
"14340",8,19,7,은행나무,GB,127.01049732,37.494466407
"14341",0,9,0,느티나무,ZS,127.015710155,37.481615636
"14342",5,16,4,느티나무,ZS,127.041575487,37.466695131
"14343",5,13,4,은행나무,GB,127.02487781,37.471134644
"14344",9,20,6,양버즘나무,PTA,127.038461077,37.473871319
"14345",11,35,5,양버즘나무,PTA,127.028852646,37.487071149
"14346",6,26,6,은행나무,GB,127.042784557,37.470552104
"14347",10,23,5,은행나무,GB,126.998443916,37.498523246
"14348",11,29,7,양버즘나무,PTA,126.982985177,37.494670641
"14349",10,39,10,양버즘나무,PTA,126.996225794,37.499097358
"14350",8,24,6,메타세쿼이아,TB,127.022248091,37.500919536
"14351",4,6,2,왕벚나무,PS,127.055756114,37.4473534
"14352",16,38,12,양버즘나무,PTA,127.033049092,37.486117158
"14353",7,18,3,은행나무,GB,126.982423791,37.473685069
"14354",8,27,6,느티나무,ZS,127.082404976,37.46360296
"14355",6,27,5,칠엽수,AC,127.013045303,37.497068578
"14356",5,10,2,메타세쿼이아,TB,127.005033998,37.476471292
"14357",8,27,7,칠엽수,AC,127.011701442,37.501790412
"14358",6,15,4,은행나무,GB,127.047705381,37.469271666
"14359",8,30,5,양버즘나무,PTA,126.995190789,37.480796331
"14360",8,32,3,양버즘나무,PTA,127.038656718,37.472169419
"14361",8,13,2,은행나무,GB,127.038522544,37.458647127
"14362",14,22,6,양버즘나무,PTA,127.036407737,37.482007065
"14363",9,22,5,양버즘나무,PTA,127.021425263,37.502661721
"14364",8,42,8,느티나무,ZS,127.081845649,37.461412146
"14365",11,26,5,양버즘나무,PTA,127.003361306,37.50167132
"14366",8,30,7,느티나무,ZS,127.054984504,37.459046523
"14367",11,41,6,양버즘나무,PTA,127.008986376,37.507794624
"14368",10,38,12,느티나무,ZS,127.084304976,37.461598821
"14369",10,31,5,양버즘나무,PTA,126.986882222,37.477499343
"14370",5,26,8,느티나무,ZS,126.989201894,37.4862392
"14371",11,26,7,양버즘나무,PTA,127.015180594,37.519283841
"14372",4,22,6,은행나무,GB,127.042335008,37.482970874
"14373",6,13,4,은행나무,GB,126.987756889,37.46118103
"14374",8,12,2,은행나무,GB,127.038570399,37.458604178
"14375",9,32,8,양버즘나무,PTA,127.030159052,37.492175889
"14376",10,12,1,은행나무,GB,126.998013644,37.481102381
"14377",5,15,3,느티나무,ZS,126.983817527,37.485668882
"14378",4,14,5,은행나무,GB,127.012629604,37.482053497
"14379",8,27,3,양버즘나무,PTA,127.038671082,37.471345637
"14380",8,18,6,은행나무,GB,126.992580302,37.493645685
"14381",9,17,3,느티나무,ZS,127.062370342,37.456250475
"14382",0,17,5,느티나무,ZS,127.038377092,37.477348603
"14383",8,26,8,양버즘나무,PTA,127.038433137,37.470885252
"14384",6,14,2,은행나무,GB,127.047479528,37.469113105
"14385",10,25,6,양버즘나무,PTA,127.010336305,37.486002936
"14386",10,19,6,양버즘나무,PTA,127.038457162,37.475258801
"14387",10,34,6,양버즘나무,PTA,127.019099996,37.510291043
"14388",8,30,6,양버즘나무,PTA,127.024133669,37.496754996
"14389",5,20,4,느티나무,ZS,126.98433481,37.476017572
"14390",7,26,5,양버즘나무,PTA,126.990304226,37.478965595
"14391",9,20,3,양버즘나무,PTA,127.00626832,37.479226705
"14392",10,25,10,양버즘나무,PTA,126.999382994,37.47866623
"14393",7,17,6,양버즘나무,PTA,127.033869935,37.468598793
"14394",13,47,12,양버즘나무,PTA,127.018937428,37.517379454
"14395",10,27,5,양버즘나무,PTA,126.987774834,37.489426078
"14396",11,27,6,양버즘나무,PTA,127.009399821,37.483587364
"14397",13,29,12,가중나무,AA,127.013354772,37.519407073
"14398",10,22,5,양버즘나무,PTA,126.997996909,37.481662635
"14399",8,17,4,양버즘나무,PTA,127.033016243,37.474939688
"14400",12,32,10,가중나무,AA,127.015374379,37.520464263
"14401",10,23,3,양버즘나무,PTA,127.006764695,37.477809193
"14402",6,17,6,양버즘나무,PTA,127.03888449,37.477154711
"14403",12,26,7,양버즘나무,PTA,127.005614654,37.491038439
"14404",9,30,10,느티나무,ZS,127.031763135,37.482578243
"14405",11,24,6,가중나무,AA,127.014427752,37.515139699
"14406",12,30,6,양버즘나무,PTA,126.989206627,37.494979612
"14407",10,28,8,양버즘나무,PTA,126.998460054,37.480457509
"14408",9,22,3,양버즘나무,PTA,127.013497522,37.514059254
"14409",12,35,8,양버즘나무,PTA,126.991122255,37.491596705
"14410",8,16,3,느티나무,ZS,127.021763522,37.502333387
"14411",5,10,2,메타세쿼이아,TB,126.998649923,37.473992893
"14412",4,28,12,양버즘나무,PTA,127.032157886,37.487988186
"14413",12,32,6,양버즘나무,PTA,127.021783861,37.496272824
"14414",13,36,10,양버즘나무,PTA,126.988580528,37.498104141
"14415",9,43,13,양버즘나무,PTA,127.023782087,37.505502199
"14416",9,21,6,양버즘나무,PTA,127.012755787,37.510299496
"14417",17,21,6,양버즘나무,PTA,127.037277256,37.480954893
"14418",10,44,13,양버즘나무,PTA,127.022906303,37.507344237
"14419",8,23,7,양버즘나무,PTA,127.038725899,37.470151461
"14420",10,26,10,양버즘나무,PTA,127.004461655,37.489303925
"14421",10,22,6,양버즘나무,PTA,126.991420847,37.491492519
"14422",4,10,2,메타세쿼이아,TB,126.994394105,37.473788785
"14423",12,35,8,양버즘나무,PTA,126.982592178,37.488795214
"14424",8,28,8,느티나무,ZS,127.081528032,37.460786048
"14425",8,25,6,느티나무,ZS,127.06011923,37.457219813
"14426",9,28,5,양버즘나무,PTA,126.986833619,37.477467285
"14427",11,27,5,느티나무,ZS,127.024683749,37.503542464
"14428",13,23,8,양버즘나무,PTA,127.023784074,37.4819468
"14429",11,29,4,양버즘나무,PTA,127.004515189,37.506212926
"14430",9,39,8,느티나무,ZS,127.084030281,37.461507676
"14431",9,28,7,양버즘나무,PTA,127.034528167,37.467402231
"14432",13,34,12,느티나무,ZS,127.086873259,37.462436336
"14433",6,28,9,느티나무,ZS,127.014024998,37.457576223
"14434",9,32,5,양버즘나무,PTA,127.025384963,37.494335328
"14435",9,17,4,양버즘나무,PTA,127.003995514,37.485766169
"14436",10,30,6,양버즘나무,PTA,127.033521611,37.468739581
"14437",8,32,8,양버즘나무,PTA,127.037308718,37.469074848
"14438",15,22,3,양버즘나무,PTA,127.000325544,37.50461021
"14439",11,41,6,양버즘나무,PTA,127.007174201,37.506560172
"14440",5,10,2,메타세쿼이아,TB,126.994245607,37.473528379
"14441",6,30,6,메타세쿼이아,TB,127.025619881,37.464849024
"14442",10,21,5,은행나무,GB,127.010372395,37.510484551
"14443",8,21,6,은행나무,GB,127.010348099,37.494041909
"14444",8,20,8,양버즘나무,PTA,127.036549111,37.468753535
"14445",6,11,2,은행나무,GB,127.046069489,37.468095155
"14446",10,31,4,양버즘나무,PTA,127.024132348,37.504210491
"14447",11,28,6,양버즘나무,PTA,126.998500625,37.480017161
"14448",6,20,6,느티나무,ZS,127.052986128,37.460092874
"14449",9,37,10,양버즘나무,PTA,127.010446566,37.487195214
"14450",7,11,2,은행나무,GB,127.03825719,37.459033933
"14451",8,23,5,양버즘나무,PTA,127.023175646,37.499328539
"14452",16,29,4,양버즘나무,PTA,127.038184602,37.479906997
"14453",8,32,5,느티나무,ZS,127.024560992,37.503803325
"14454",9,35,12,느티나무,ZS,127.008200647,37.47799075
"14455",11,29,6,양버즘나무,PTA,126.987142678,37.490481821
"14456",8,14,4,양버즘나무,PTA,127.033769612,37.475200621
"14457",7,22,5,양버즘나무,PTA,126.994201307,37.480250727
"14458",9,23,8,양버즘나무,PTA,126.997339919,37.482152674
"14459",6,16,4,은행나무,GB,127.040153736,37.468683728
"14460",9,19,5,양버즘나무,PTA,127.020920779,37.486389739
"14461",13,28,4,양버즘나무,PTA,127.041952913,37.480686167
"14462",11,32,6,양버즘나무,PTA,127.026123487,37.497615465
"14463",10,31,10,양버즘나무,PTA,126.991602008,37.491200235
"14464",10,22,5,양버즘나무,PTA,127.005472254,37.480484154
"14465",11,20,4,양버즘나무,PTA,127.015100664,37.509392038
"14466",12,29,6,양버즘나무,PTA,126.989465488,37.494223794
"14467",11,29,5,양버즘나무,PTA,127.019223958,37.510329345
"14468",9,19,5,양버즘나무,PTA,127.013405557,37.484548911
"14469",13,31,8,은행나무,GB,127.02255518,37.508105465
"14470",9,28,5,양버즘나무,PTA,127.012813262,37.484433031
"14471",9,28,4,양버즘나무,PTA,127.024069155,37.497480848
"14472",6,12,4,은행나무,GB,127.067702057,37.43302483
"14473",10,28,8,은행나무,GB,126.998279749,37.496359935
"14474",8,18,5,양버즘나무,PTA,127.026891153,37.492028941
"14475",8,30,6,느티나무,ZS,127.019796927,37.460406741
"14476",6,15,4,은행나무,GB,127.048733593,37.470017149
"14477",7,14,3,은행나무,GB,126.987274356,37.497628338
"14478",9,31,10,양버즘나무,PTA,127.024966988,37.503026237
"14479",9,21,3,양버즘나무,PTA,127.013956027,37.515535942
"14480",13,29,4,양버즘나무,PTA,127.036445469,37.477378002
"14481",13,44,12,양버즘나무,PTA,127.019675407,37.514920735
"14482",11,34,6,양버즘나무,PTA,126.983425536,37.490960459
"14483",12,30,7,양버즘나무,PTA,126.990558971,37.501964435
"14484",14,29,4,양버즘나무,PTA,127.042699609,37.481499609
"14485",9,32,6,느티나무,ZS,127.073152127,37.458152973
"14486",8,28,10,양버즘나무,PTA,127.008106588,37.503801045
"14487",0,9,0,느티나무,ZS,127.017294053,37.482079808
"14488",7,35,12,양버즘나무,PTA,126.996011152,37.48384662
"14489",11,25,5,양버즘나무,PTA,127.016513209,37.489031971
"14490",8,22,7,은행나무,GB,127.008838715,37.511660128
"14491",13,35,12,가중나무,AA,127.01081059,37.517646635
"14492",14,35,3,양버즘나무,PTA,127.038007218,37.480271621
"14493",8,26,5,느티나무,ZS,127.071609723,37.457069128
"14494",12,31,7,양버즘나무,PTA,127.015376803,37.519809421
"14495",6,26,8,느티나무,ZS,127.002853486,37.49271407
"14496",7,28,7,은행나무,GB,126.998056426,37.499680447
"14497",10,36,5,메타세쿼이아,TB,127.029347731,37.469440599
"14498",12,33,6,양버즘나무,PTA,127.003629319,37.500990179
"14499",10,25,4,양버즘나무,PTA,127.029653986,37.484473288
"14500",7,10,3,은행나무,GB,126.984841679,37.498406146
"14501",6,13,3,은행나무,GB,127.017437866,37.485108873
"14502",7,24,6,양버즘나무,PTA,127.033727767,37.4687486
"14503",9,21,4,양버즘나무,PTA,127.012258891,37.509653164
"14504",13,33,10,양버즘나무,PTA,126.989224186,37.498088808
"14505",8,30,5,양버즘나무,PTA,127.021691151,37.490602624
"14506",10,20,5,양버즘나무,PTA,127.001356075,37.481996724
"14507",10,24,6,양버즘나무,PTA,127.02502995,37.497022331
"14508",7,21,4,양버즘나무,PTA,127.041169707,37.467695186
"14509",12,43,6,양버즘나무,PTA,127.007609795,37.507150462
"14510",13,40,12,가중나무,AA,127.009403988,37.515952977
"14511",5,12,4,은행나무,GB,127.029794127,37.473339209
"14512",6,24,3,은행나무,GB,127.040367088,37.46888694
"14513",7,18,4,양버즘나무,PTA,127.018384164,37.485609821
"14514",12,32,5,양버즘나무,PTA,127.029416349,37.485557116
"14515",9,22,8,은행나무,GB,126.998139855,37.496169749
"14516",12,29,5,양버즘나무,PTA,127.028590891,37.487609849
"14517",10,37,3,양버즘나무,PTA,127.038677241,37.476365919
"14518",5,17,4,느티나무,ZS,126.985794735,37.485749435
"14519",10,21,4,양버즘나무,PTA,127.034340881,37.475404315
"14520",12,26,7,양버즘나무,PTA,126.982545238,37.488477896
"14521",8,26,5,양버즘나무,PTA,127.019657501,37.486001529
"14522",11,27,8,느티나무,ZS,127.033181138,37.484239222
"14523",12,36,6,양버즘나무,PTA,127.019718926,37.495392888
"14524",15,29,7,양버즘나무,PTA,127.004309126,37.49834374
"14525",7,28,10,양버즘나무,PTA,127.007961338,37.503743956
"14526",9,22,5,느티나무,ZS,127.077988771,37.459221998
"14527",7,25,7,메타세쿼이아,TB,127.043300718,37.477688424
"14528",9,19,5,양버즘나무,PTA,127.026921851,37.491516952
"14529",5,8,2,메타세쿼이아,TB,127.002499744,37.475590802
"14530",8,26,7,느티나무,ZS,127.060951341,37.456488051
"14531",6,18,4,은행나무,GB,126.987851602,37.46148934
"14532",6,24,6,느티나무,ZS,126.983589482,37.476496624
"14533",8,21,7,양버즘나무,PTA,127.038405242,37.475840234
"14534",6,16,4,은행나무,GB,127.046642413,37.460272172
"14535",6,20,4,느티나무,ZS,127.039704602,37.469361993
"14536",4,16,5,느티나무,ZS,126.985713547,37.485891368
"14537",5,11,2,메타세쿼이아,TB,126.996163961,37.473676985
"14538",7,29,5,양버즘나무,PTA,127.015088993,37.488447576
"14539",10,21,4,양버즘나무,PTA,127.015040365,37.509367242
"14540",11,28,10,양버즘나무,PTA,127.000426862,37.477059857
"14541",13,40,10,양버즘나무,PTA,127.025228743,37.502480714
"14564",6,24,5,메타세쿼이아,TB,127.02637532,37.465534435
"14542",10,27,5,양버즘나무,PTA,126.995527791,37.480912623
"14543",6,20,4,느티나무,ZS,127.031587655,37.472953117
"14544",9,22,6,양버즘나무,PTA,127.013773137,37.492583709
"14545",9,27,12,양버즘나무,PTA,127.004258361,37.487473422
"14546",17,21,8,양버즘나무,PTA,127.036674361,37.481751423
"14547",11,24,5,양버즘나무,PTA,126.990596553,37.485030352
"14548",3,16,2,은행나무,GB,127.029516134,37.493363041
"14549",9,27,6,양버즘나무,PTA,127.023540272,37.498208883
"14550",8,14,3,양버즘나무,PTA,127.014321196,37.489342027
"14551",7,21,4,느티나무,ZS,127.03932455,37.469007988
"14552",4,11,3,회화나무,STJ,127.016486489,37.520649555
"14553",13,36,10,양버즘나무,PTA,126.98995787,37.498072229
"14554",5,21,4,느티나무,ZS,127.045690368,37.462533014
"14555",5,31,7,느티나무,ZS,127.068187282,37.456049935
"14556",10,27,10,양버즘나무,PTA,126.998759215,37.479630778
"14557",10,25,5,양버즘나무,PTA,126.991014947,37.484374076
"14558",7,19,5,은행나무,GB,127.026310436,37.470969513
"14559",6,25,6,칠엽수,AC,127.013328088,37.495880525
"14560",8,25,7,양버즘나무,PTA,127.038364957,37.471425353
"14561",7,29,5,양버즘나무,PTA,127.013607031,37.488155817
"14562",6,13,10,은행나무,GB,127.025195204,37.502422197
"14563",10,24,3,양버즘나무,PTA,127.00937289,37.507685504
"14565",9,31,1,양버즘나무,PTA,127.03425238,37.466692506
"14566",7,17,6,양버즘나무,PTA,127.025369081,37.497143677
"14567",5,8,2,메타세쿼이아,TB,127.001043499,37.474563322
"14568",10,31,5,양버즘나무,PTA,126.987036265,37.491264571
"14569",7,24,4,양버즘나무,PTA,127.037615585,37.477449685
"14570",12,33,8,가중나무,AA,127.00332621,37.508149208
"14571",11,32,8,양버즘나무,PTA,127.027066958,37.498255583
"14572",11,29,12,양버즘나무,PTA,126.999189793,37.478969721
"14573",12,38,6,양버즘나무,PTA,126.988782559,37.487681013
"14574",4,25,10,느티나무,ZS,127.084561706,37.461464927
"14575",11,25,6,양버즘나무,PTA,126.988523136,37.492023304
"14576",13,31,4,양버즘나무,PTA,127.03815865,37.479968655
"14577",10,25,10,양버즘나무,PTA,127.008613118,37.511633949
"14578",8,32,5,양버즘나무,PTA,127.019570593,37.510689543
"14579",8,18,4,은행나무,GB,127.038439909,37.462684761
"14580",7,25,6,느티나무,ZS,127.051417446,37.46057889
"14581",7,30,5,양버즘나무,PTA,126.98898019,37.478328794
"14582",11,29,12,양버즘나무,PTA,127.009816945,37.498644539
"14583",11,28,7,양버즘나무,PTA,126.990003685,37.485782712
"14584",10,28,6,양버즘나무,PTA,127.033721255,37.468520547
"14585",4,19,4,느티나무,ZS,127.045069698,37.464042442
"14586",7,28,5,양버즘나무,PTA,126.990196704,37.479161051
"14587",6,38,6,느티나무,ZS,127.023547024,37.460420182
"14588",6,15,4,은행나무,GB,127.046594138,37.475532524
"14589",10,30,6,양버즘나무,PTA,127.014302612,37.509125945
"14590",6,18,5,은행나무,GB,127.04517842,37.466999897
"14591",7,24,5,은행나무,GB,127.042314968,37.474866046
"14592",4,14,5,칠엽수,AC,127.007305849,37.510225522
"14593",5,32,10,양버즘나무,PTA,127.014492697,37.489883271
"14594",5,22,4,느티나무,ZS,126.989898338,37.486459469
"14595",8,44,5,양버즘나무,PTA,127.030312843,37.489247803
"14596",7,16,5,은행나무,GB,127.011552465,37.512961637
"14597",9,19,4,양버즘나무,PTA,127.029689004,37.484311761
"14598",10,20,4,양버즘나무,PTA,127.021193721,37.486480025
"14599",5,22,6,느티나무,ZS,126.987582939,37.486102514
"14600",7,14,2,은행나무,GB,127.043377194,37.47107723
"14601",11,27,7,양버즘나무,PTA,126.989476287,37.492404242
"14602",10,26,8,양버즘나무,PTA,127.037723944,37.469400396
"14603",4,18,4,느티나무,ZS,127.044960777,37.464141942
"14604",8,18,4,느티나무,ZS,127.038653161,37.469542841
"14605",9,35,8,느티나무,ZS,127.01762447,37.485423608
"14606",13,24,5,양버즘나무,PTA,127.005427003,37.496078248
"14607",3,33,10,양버즘나무,PTA,127.026950286,37.498871571
"14608",11,27,10,양버즘나무,PTA,127.017747489,37.482485567
"14609",11,31,6,양버즘나무,PTA,126.988836327,37.49214914
"14610",12,34,10,가중나무,AA,127.012219303,37.516204974
"14611",8,21,7,양버즘나무,PTA,127.038453022,37.47343722
"14612",12,32,10,양버즘나무,PTA,126.985503173,37.504662727
"14613",10,29,6,양버즘나무,PTA,127.028941835,37.488830357
"14614",14,38,10,양버즘나무,PTA,127.032873423,37.486475538
"14615",12,36,7,양버즘나무,PTA,126.982803175,37.489801413
"14616",11,38,8,양버즘나무,PTA,127.010316938,37.492514122
"14617",13,23,10,양버즘나무,PTA,126.999325925,37.508293708
"14618",5,20,3,양버즘나무,PTA,127.017350173,37.48509253
"14619",11,33,6,양버즘나무,PTA,126.990039493,37.502086707
"14620",13,31,5,양버즘나무,PTA,127.004334594,37.499223188
"14621",11,35,7,양버즘나무,PTA,127.007803686,37.492202785
"14622",11,37,6,양버즘나무,PTA,126.988012628,37.48887036
"14623",10,38,4,양버즘나무,PTA,127.038681629,37.475946809
"14624",9,28,6,느티나무,ZS,127.059096818,37.457283558
"14625",8,21,5,느티나무,ZS,127.06057115,37.45702475
"14626",5,15,5,은행나무,GB,127.042218336,37.470309663
"14627",4,11,3,단풍나무,MP,126.994293017,37.487948295
"14628",5,27,6,느티나무,ZS,127.04428394,37.464219658
"14629",7,30,5,느티나무,ZS,127.051768603,37.460428447
"14630",11,45,10,양버즘나무,PTA,127.000892884,37.505912965
"14631",8,34,5,양버즘나무,PTA,127.026634818,37.491720124
"14632",10,29,9,양버즘나무,PTA,126.996709271,37.483132125
"14633",5,8,2,메타세쿼이아,TB,127.000199865,37.474193073
"14634",14,35,4,양버즘나무,PTA,127.03719084,37.481472402
"14635",12,19,4,양버즘나무,PTA,127.024857306,37.487593965
"14636",8,18,6,느티나무,ZS,127.078859915,37.459713425
"14637",12,35,12,양버즘나무,PTA,127.028820374,37.494965677
"14638",11,31,10,양버즘나무,PTA,127.007940479,37.511325347
"14639",9,31,8,양버즘나무,PTA,127.001100107,37.476471859
"14640",12,39,8,양버즘나무,PTA,127.011707138,37.492941394
"14641",0,11,2,은행나무,GB,127.037924775,37.479615164
"14642",9,28,6,양버즘나무,PTA,127.039153576,37.470195838
"14643",9,25,5,양버즘나무,PTA,127.027577621,37.489721913
"14644",8,18,3,양버즘나무,PTA,127.017249125,37.501115202
"14645",9,19,6,느티나무,ZS,127.074764646,37.458379172
"14646",7,19,5,양버즘나무,PTA,126.988759585,37.478218116
"14647",13,63,7,양버즘나무,PTA,127.004444433,37.505897293
"14648",8,21,6,메타세쿼이아,TB,127.034573611,37.47381946
"14649",7,39,5,양버즘나무,PTA,127.025260652,37.491520385
"14650",6,21,6,은행나무,GB,127.04394635,37.47651427
"14651",6,28,5,메타세쿼이아,TB,127.02650937,37.465656705
"14652",6,15,4,은행나무,GB,127.042824036,37.47069801
"14653",11,30,12,양버즘나무,PTA,127.009948185,37.498656509
"14654",6,29,5,메타세쿼이아,TB,127.022448508,37.462383102
"14655",4,13,4,은행나무,GB,127.024493337,37.471427793
"14656",8,18,4,은행나무,GB,127.009773654,37.483864225
"14657",11,32,6,양버즘나무,PTA,127.004996823,37.506023329
"14658",6,12,11,은행나무,GB,127.053782317,37.449032775
"14659",7,19,6,은행나무,GB,127.044206362,37.471492864
"14660",12,31,10,양버즘나무,PTA,127.007489702,37.511107344
"14661",7,36,9,메타세쿼이아,TB,127.043343827,37.477731986
"14662",7,11,4,은행나무,GB,127.045128442,37.467413288
"14663",6,29,6,메타세쿼이아,TB,127.025799601,37.465013225
"14664",4,25,5,느티나무,ZS,127.069273886,37.456758914
"14665",9,23,5,은행나무,GB,127.016376005,37.515038787
"14666",6,26,6,느티나무,ZS,127.048331098,37.462091224
"14667",4,14,4,느티나무,ZS,127.043526896,37.465766693
"14668",15,13,3,은행나무,GB,127.043358695,37.480701743
"14669",6,14,4,은행나무,GB,126.987776628,37.461240826
"14670",13,43,12,가중나무,AA,127.011908044,37.518395602
"14671",7,13,6,은행나무,GB,127.044841349,37.472432569
"14672",5,20,5,느티나무,ZS,127.0726494,37.457316642
"14673",10,31,10,양버즘나무,PTA,126.998373194,37.481487057
"14674",7,24,5,느티나무,ZS,127.082018495,37.461182484
"14675",5,20,3,느티나무,ZS,127.044661852,37.467113803
"14676",8,24,6,메타세쿼이아,TB,127.02242951,37.500530435
"14677",8,25,6,느티나무,ZS,127.066053798,37.455357657
"14678",9,25,6,칠엽수,AC,127.012198339,37.499623656
"14679",4,32,8,느티나무,ZS,127.087808786,37.462532027
"14680",8,27,7,느티나무,ZS,127.075588094,37.458648502
"14681",11,34,7,양버즘나무,PTA,127.011899281,37.493273375
"14682",5,19,4,느티나무,ZS,127.045537799,37.462962724
"14683",0,8,0,느티나무,ZS,127.038556314,37.485034031
"14684",15,22,6,양버즘나무,PTA,127.019866182,37.495438888
"14685",7,17,3,은행나무,GB,127.003555997,37.507991649
"14686",7,16,3,은행나무,GB,127.036199264,37.461033999
"14687",8,22,6,느티나무,ZS,127.060110636,37.457036945
"14688",11,27,5,양버즘나무,PTA,126.990331942,37.48544648
"14689",7,25,4,양버즘나무,PTA,127.032215116,37.474516683
"14690",12,28,5,양버즘나무,PTA,127.004737002,37.489367107
"14691",8,30,5,양버즘나무,PTA,127.031167679,37.489308652
"14692",6,25,6,느티나무,ZS,126.985371698,37.475814441
"14693",10,34,6,양버즘나무,PTA,127.02906968,37.488869938
"14694",9,31,3,양버즘나무,PTA,127.02648807,37.49241641
"14695",10,21,5,양버즘나무,PTA,127.020574099,37.486058997
"14696",7,26,5,양버즘나무,PTA,127.029575386,37.49285411
"14697",6,23,5,양버즘나무,PTA,127.002906134,37.482545735
"14698",8,24,8,양버즘나무,PTA,127.021467895,37.502978499
"14699",10,13,4,양버즘나무,PTA,127.022502585,37.486877577
"14700",11,31,6,양버즘나무,PTA,126.982845412,37.490617688
"14701",9,29,5,양버즘나무,PTA,127.024631742,37.495904036
"14702",8,26,6,양버즘나무,PTA,127.038452728,37.473009158
"14703",13,35,10,양버즘나무,PTA,127.019864386,37.514287535
"14704",9,32,6,양버즘나무,PTA,127.003734574,37.505656427
"14705",6,14,3,은행나무,GB,127.05280411,37.450494237
"14706",6,29,6,메타세쿼이아,TB,127.014279524,37.516809904
"14707",6,16,3,은행나무,GB,127.055939866,37.447013192
"14708",10,30,5,양버즘나무,PTA,127.022782903,37.490929935
"14709",6,11,3,은행나무,GB,127.044059109,37.476308627
"14710",5,8,3,단풍나무,MP,126.985523233,37.485900134
"14711",9,30,6,메타세쿼이아,TB,127.030613103,37.472199
"14712",10,16,3,양버즘나무,PTA,127.018129097,37.485313778
"14713",9,24,4,양버즘나무,PTA,127.01318187,37.513298494
"14714",9,24,8,양버즘나무,PTA,127.034171949,37.465664486
"14715",10,29,5,양버즘나무,PTA,127.014082716,37.509027013
"14716",10,30,9,양버즘나무,PTA,126.99897014,37.479707282
"14717",11,30,10,양버즘나무,PTA,127.009160538,37.511913041
"14718",9,20,4,양버즘나무,PTA,127.004224257,37.487259093
"14719",11,36,10,양버즘나무,PTA,127.00653952,37.483238389
"14720",7,16,4,은행나무,GB,126.995685543,37.494004002
"14721",7,14,4,은행나무,GB,127.0431383,37.47355476
"14722",7,13,2,양버즘나무,PTA,127.01194273,37.509342576
"14723",14,30,8,양버즘나무,PTA,127.027297994,37.497576984
"14724",9,19,2,양버즘나무,PTA,127.000978764,37.476657886
"14725",4,23,6,은행나무,GB,127.026869705,37.499037014
"14726",5,15,3,은행나무,GB,127.025010659,37.469991014
"14727",8,22,5,양버즘나무,PTA,127.014138202,37.49192785
"14728",7,22,6,느티나무,ZS,127.078470538,37.459835207
"14729",10,26,8,양버즘나무,PTA,127.032978262,37.46931495
"14730",6,24,9,느티나무,ZS,127.013748593,37.457563721
"14731",8,29,7,느티나무,ZS,127.070377868,37.456751133
"14732",12,24,6,가중나무,AA,127.0086538,37.515543691
"14733",9,27,6,느티나무,ZS,127.08075269,37.460570609
"14734",6,14,2,은행나무,GB,127.040652575,37.469209606
"14735",13,38,10,양버즘나무,PTA,126.991776467,37.498039672
"14736",6,11,1,메타세쿼이아,TB,126.995197556,37.473435073
"14737",9,23,7,양버즘나무,PTA,127.001752118,37.475459155
"14738",9,29,6,양버즘나무,PTA,127.023274394,37.498725185
"14739",7,22,7,양버즘나무,PTA,127.014029683,37.491030281
"14740",11,25,8,양버즘나무,PTA,127.024055753,37.482334648
"14741",13,31,3,양버즘나무,PTA,127.037384975,37.481230518
"14742",14,34,8,양버즘나무,PTA,127.034959513,37.484253489
"14811",4,26,5,느티나무,ZS,126.982742733,37.476276173
"14743",13,24,6,양버즘나무,PTA,127.036277893,37.4821322
"14744",5,32,8,느티나무,ZS,127.027547712,37.497353747
"14745",9,25,6,양버즘나무,PTA,127.014153918,37.490202589
"14746",8,26,7,느티나무,ZS,127.059503417,37.457111547
"14747",8,27,8,양버즘나무,PTA,127.025620294,37.497348925
"14748",10,22,6,가중나무,AA,127.01545258,37.52050718
"14749",8,16,5,양버즘나무,PTA,127.027458553,37.48998198
"14750",8,22,5,양버즘나무,PTA,126.991064183,37.479232702
"14751",10,22,6,양버즘나무,PTA,127.01873756,37.510429088
"14752",12,38,8,양버즘나무,PTA,127.015353031,37.494339242
"14753",7,11,3,메타세쿼이아,TB,127.042667714,37.479380657
"14754",5,18,3,느티나무,ZS,127.072288893,37.457244528
"14755",6,14,4,은행나무,GB,127.041079011,37.472198743
"14756",11,25,5,느티나무,ZS,127.024667086,37.503578696
"14757",4,37,12,느티나무,ZS,127.084495209,37.46144637
"14758",11,21,2,양버즘나무,PTA,127.016697174,37.501101668
"14759",12,30,12,양버즘나무,PTA,126.985928685,37.503355349
"14760",4,11,3,은행나무,GB,127.026155834,37.471043616
"14761",13,20,6,양버즘나무,PTA,127.027505264,37.497504565
"14762",6,14,1,은행나무,GB,127.04533747,37.476816808
"14763",10,28,7,은행나무,GB,127.042166249,37.483347182
"14764",10,27,8,은행나무,GB,126.998296954,37.496498005
"14765",9,23,6,양버즘나무,PTA,127.013799972,37.492418462
"14766",11,27,6,양버즘나무,PTA,127.009812772,37.483665237
"14767",5,10,3,왕벚나무,PS,127.035429281,37.478128782
"14768",10,35,5,양버즘나무,PTA,127.02875838,37.487273364
"14769",9,23,6,은행나무,GB,127.010538873,37.510175919
"14770",11,24,5,양버즘나무,PTA,127.005650593,37.496394258
"14771",9,19,5,느티나무,ZS,127.076959353,37.4588464
"14772",7,18,4,은행나무,GB,127.028626223,37.472456169
"14773",12,41,7,양버즘나무,PTA,127.008523262,37.490531398
"14774",8,32,8,양버즘나무,PTA,127.038400854,37.475608531
"14775",6,20,6,양버즘나무,PTA,127.013937962,37.491586226
"14776",10,26,4,양버즘나무,PTA,126.991611039,37.48344916
"14777",11,22,5,양버즘나무,PTA,127.009158353,37.483537773
"14778",5,10,2,메타세쿼이아,TB,126.992674217,37.47385693
"14779",6,13,2,은행나무,GB,127.052076098,37.451693378
"14780",8,28,6,메타세쿼이아,TB,127.030584998,37.472098237
"14781",8,21,7,느티나무,ZS,127.031372862,37.48358715
"14782",10,14,6,은행나무,GB,126.989064733,37.494839089
"14783",10,28,7,양버즘나무,PTA,127.016582189,37.509804283
"14784",10,23,7,양버즘나무,PTA,127.015473861,37.519663356
"14785",6,28,6,느티나무,ZS,127.01043016,37.456541907
"14786",8,14,3,은행나무,GB,127.03787993,37.461810264
"14787",6,16,3,은행나무,GB,127.052555948,37.450717586
"14788",6,10,1,은행나무,GB,127.057726111,37.444427958
"14789",11,33,7,양버즘나무,PTA,127.008623271,37.490327609
"14790",3,22,6,단풍나무,MP,127.010377784,37.494347736
"14791",11,41,6,양버즘나무,PTA,126.990426636,37.485114835
"14792",5,10,2,메타세쿼이아,TB,127.006933419,37.477393012
"14793",7,20,4,은행나무,GB,127.003756571,37.507587854
"14794",12,25,8,양버즘나무,PTA,126.990789855,37.49213349
"14795",5,19,4,양버즘나무,PTA,127.017170767,37.483825007
"14796",8,29,7,양버즘나무,PTA,127.038458946,37.475805995
"14797",8,23,6,느티나무,ZS,127.076338124,37.458890066
"14798",8,19,6,양버즘나무,PTA,127.038448098,37.472582124
"14799",9,28,7,양버즘나무,PTA,127.038405302,37.47577771
"14800",5,23,6,느티나무,ZS,127.044971029,37.463604693
"14801",11,28,6,은행나무,GB,127.018762589,37.510214918
"14802",12,36,10,양버즘나무,PTA,127.020324489,37.512835001
"14803",11,27,7,양버즘나무,PTA,127.019284002,37.49526002
"14804",8,26,8,양버즘나무,PTA,127.038404828,37.471048344
"14805",10,23,5,양버즘나무,PTA,127.019962885,37.485875625
"14806",14,24,6,느티나무,ZS,127.029108132,37.483668642
"14807",8,29,5,양버즘나무,PTA,127.027055213,37.490836038
"14808",11,39,13,양버즘나무,PTA,127.022840097,37.507483933
"14809",11,50,8,양버즘나무,PTA,127.006369579,37.494935124
"14810",9,24,6,양버즘나무,PTA,127.034216018,37.466319372
"14812",8,20,4,느티나무,ZS,127.039278048,37.468995197
"14813",8,21,7,양버즘나무,PTA,127.038460645,37.47689303
"14814",4,13,4,은행나무,GB,127.024106604,37.471622944
"14815",6,14,2,은행나무,GB,127.041388784,37.469716253
"14816",4,26,10,양버즘나무,PTA,126.998573236,37.47990915
"14817",10,30,10,양버즘나무,PTA,126.994251937,37.486564497
"14818",11,26,12,양버즘나무,PTA,126.997118385,37.481409931
"14819",8,25,8,양버즘나무,PTA,127.034135502,37.464650949
"14820",8,26,8,양버즘나무,PTA,127.038576786,37.470573983
"14821",9,28,5,양버즘나무,PTA,127.025421375,37.494651071
"14822",7,24,5,양버즘나무,PTA,126.988644359,37.478167192
"14823",7,15,3,은행나무,GB,126.992289092,37.489711568
"14824",10,26,3,양버즘나무,PTA,127.03692223,37.482077459
"14825",10,22,10,양버즘나무,PTA,127.009397878,37.512359372
"14826",11,27,4,양버즘나무,PTA,127.00355766,37.50114676
"14827",13,43,12,양버즘나무,PTA,127.028851076,37.494914113
"14828",9,17,2,양버즘나무,PTA,127.005862363,37.479672819
"14829",9,18,5,양버즘나무,PTA,127.027416116,37.490065588
"14830",10,35,8,양버즘나무,PTA,127.01990786,37.514154293
"14831",5,16,4,느티나무,ZS,127.041375059,37.466873639
"14832",10,29,8,양버즘나무,PTA,127.041691486,37.466524316
"14833",13,41,7,양버즘나무,PTA,127.020693081,37.51200203
"14834",13,29,6,양버즘나무,PTA,127.00475021,37.498219872
"14835",9,29,4,양버즘나무,PTA,127.024302544,37.504222917
"14836",10,31,12,양버즘나무,PTA,127.011862237,37.512968376
"14837",10,30,4,양버즘나무,PTA,127.023981127,37.50499872
"14838",12,31,6,양버즘나무,PTA,127.005455195,37.490927605
"14839",8,29,5,양버즘나무,PTA,127.026126017,37.491937923
"14840",12,20,4,양버즘나무,PTA,127.022299904,37.486595379
"14841",14,30,3,양버즘나무,PTA,127.038128596,37.480032091
"14842",13,32,8,양버즘나무,PTA,127.02258398,37.482787892
"14843",8,26,5,양버즘나무,PTA,127.022213193,37.500984622
"14844",10,34,5,양버즘나무,PTA,127.005346531,37.480750826
"14845",11,40,5,양버즘나무,PTA,127.005823161,37.496041327
"14846",7,25,5,양버즘나무,PTA,126.989308159,37.478741469
"14847",7,29,5,양버즘나무,PTA,126.987739116,37.477701972
"14848",15,25,4,양버즘나무,PTA,127.035252732,37.48299734
"14849",12,34,12,양버즘나무,PTA,126.986394933,37.501948663
"14850",12,35,10,양버즘나무,PTA,126.999123731,37.508701309
"14851",4,28,2,양버즘나무,PTA,126.993055761,37.481206872
"14852",6,12,3,칠엽수,AC,127.010878183,37.503567098
"14853",6,19,4,양버즘나무,PTA,127.030901439,37.473994153
"14854",10,44,12,양버즘나무,PTA,127.021891436,37.509487989
"14855",12,28,12,가중나무,AA,127.009233056,37.515782859
"14856",8,39,10,양버즘나무,PTA,127.03079821,37.490844676
"14857",9,22,4,양버즘나무,PTA,127.013323908,37.510903098
"14858",10,26,5,양버즘나무,PTA,127.029063269,37.486636446
"14859",11,24,4,양버즘나무,PTA,127.001214289,37.475842756
"14860",10,30,4,은행나무,GB,127.005835801,37.480119711
"14861",10,26,12,양버즘나무,PTA,126.999989989,37.481862411
"14862",9,26,3,양버즘나무,PTA,127.036959376,37.482042307
"14863",11,18,8,양버즘나무,PTA,127.035083891,37.484429966
"14864",10,32,6,양버즘나무,PTA,127.007216005,37.49221196
"14865",11,28,6,양버즘나무,PTA,126.99063136,37.502204953
"14866",12,29,9,양버즘나무,PTA,126.995955605,37.484296885
"14867",8,15,4,느티나무,ZS,127.077782261,37.459654243
"14868",7,23,4,양버즘나무,PTA,127.037077416,37.477043651
"14869",9,29,5,양버즘나무,PTA,127.021018168,37.49039173
"14870",13,33,12,양버즘나무,PTA,127.018917815,37.517438814
"14871",13,24,5,양버즘나무,PTA,127.004300964,37.499360599
"14872",9,37,3,양버즘나무,PTA,127.038655063,37.471955142
"14873",6,6,4,회화나무,STJ,127.010514733,37.503565502
"14874",3,8,2,단풍나무,MP,126.984001598,37.485725573
"14875",0,9,0,느티나무,ZS,127.018481216,37.482128697
"14876",6,28,7,느티나무,ZS,127.015227618,37.481122602
"14877",10,16,4,은행나무,GB,127.018386735,37.500470979
"14878",12,35,8,양버즘나무,PTA,127.005098044,37.482961626
"14879",13,34,7,양버즘나무,PTA,127.032625924,37.486999573
"14880",8,19,3,양버즘나무,PTA,127.001728322,37.482092181
"14881",8,16,3,양버즘나무,PTA,127.02408286,37.504799381
"14882",11,21,4,양버즘나무,PTA,127.021222994,37.486485104
"14883",12,34,6,양버즘나무,PTA,127.020230772,37.513073403
"14884",7,22,5,느티나무,ZS,127.057761704,37.458233436
"14885",11,28,4,양버즘나무,PTA,126.984932529,37.490840537
"14886",7,28,5,양버즘나무,PTA,127.013599004,37.488001731
"14887",11,17,5,양버즘나무,PTA,127.00916664,37.512651088
"14888",12,27,6,양버즘나무,PTA,126.986144062,37.500662037
"14889",11,32,4,양버즘나무,PTA,127.038676973,37.476193174
"14890",13,33,12,느티나무,ZS,127.087045827,37.462495377
"14891",8,15,3,느티나무,ZS,127.046155677,37.462769634
"14892",9,37,12,양버즘나무,PTA,126.999325138,37.481780072
"14893",10,24,8,양버즘나무,PTA,127.041904118,37.466321868
"14894",11,39,6,양버즘나무,PTA,126.990764509,37.50223991
"14895",6,18,3,은행나무,GB,126.997135621,37.482105502
"14896",4,10,4,은행나무,GB,127.046915035,37.475294591
"14897",8,26,5,양버즘나무,PTA,127.029458217,37.488783369
"14898",12,25,10,양버즘나무,PTA,127.038127606,37.479019853
"14899",11,25,7,양버즘나무,PTA,127.001442601,37.475486674
"14900",6,14,3,메타세쿼이아,TB,127.011013695,37.508102834
"14901",5,16,4,은행나무,GB,127.025148657,37.470147153
"14902",12,32,12,양버즘나무,PTA,126.986159845,37.502672327
"14903",14,23,6,양버즘나무,PTA,127.004206247,37.49982234
"14904",5,10,2,메타세쿼이아,TB,126.985639762,37.476072717
"14905",8,23,5,양버즘나무,PTA,126.99210666,37.482685002
"14906",8,19,5,은행나무,GB,127.038612809,37.462582928
"14907",6,35,5,느티나무,ZS,127.050241876,37.461085527
"14908",13,21,8,은행나무,GB,127.042071334,37.483553787
"14909",11,25,5,양버즘나무,PTA,127.003496709,37.501456226
"14910",13,15,8,은행나무,GB,127.012280505,37.513223473
"14911",12,35,12,느티나무,ZS,127.085055794,37.46184079
"14912",14,32,5,양버즘나무,PTA,127.004375872,37.499091761
"14913",11,34,5,양버즘나무,PTA,127.016271753,37.488959275
"14914",8,20,6,메타세쿼이아,TB,127.022387156,37.500639633
"14915",7,18,4,양버즘나무,PTA,127.031827767,37.474518636
"14916",11,27,4,가중나무,AA,127.012635138,37.515795525
"14917",6,25,7,느티나무,ZS,127.014459345,37.457594969
"14918",4,33,6,양버즘나무,PTA,127.026894065,37.498986737
"14919",7,36,10,느티나무,ZS,127.012112719,37.457032834
"14920",10,19,6,양버즘나무,PTA,127.013440607,37.514377192
"14921",13,27,10,양버즘나무,PTA,126.994933652,37.503475544
"14922",10,20,5,은행나무,GB,126.998000067,37.495521292
"14923",9,22,4,양버즘나무,PTA,127.003807521,37.48469278
"14924",12,32,10,양버즘나무,PTA,126.999656302,37.507613026
"14925",12,19,5,양버즘나무,PTA,127.015676323,37.501619581
"14926",12,22,6,은행나무,GB,127.042210598,37.48324389
"14927",7,19,4,은행나무,GB,127.042498353,37.474702388
"14928",7,10,3,은행나무,GB,127.046186232,37.468180895
"14929",6,18,5,은행나무,GB,127.053372007,37.449434009
"14930",9,22,7,느티나무,ZS,127.075011595,37.458458817
"14931",8,21,7,은행나무,GB,127.011070919,37.493305188
"14932",12,19,7,양버즘나무,PTA,126.997485051,37.488932445
"14933",5,8,3,왕벚나무,PS,127.049361228,37.456041807
"14934",6,18,5,은행나무,GB,127.042895517,37.470626712
"14935",5,13,2,메타세쿼이아,TB,126.997585918,37.473760594
"14936",18,23,4,양버즘나무,PTA,127.04097923,37.479629681
"14937",5,15,3,느티나무,ZS,127.044093269,37.464349345
"14938",9,20,4,느티나무,ZS,127.061732041,37.456339375
"14939",6,19,4,느티나무,ZS,127.031935062,37.472577425
"14940",12,36,11,양버즘나무,PTA,126.996892068,37.488623293
"14941",5,15,3,느티나무,ZS,127.072190204,37.457220482
"14942",9,20,5,느티나무,ZS,127.076945967,37.459291142
"14943",14,49,8,양버즘나무,PTA,127.001436491,37.504271546
"14944",10,27,4,양버즘나무,PTA,127.005877092,37.480033358
"14945",10,25,7,양버즘나무,PTA,126.999104474,37.47910042
"14946",10,19,6,양버즘나무,PTA,126.998036125,37.481067191
"14947",10,24,4,양버즘나무,PTA,127.035029402,37.475739999
"14948",5,10,2,메타세쿼이아,TB,126.988767472,37.474913461
"14949",7,20,3,은행나무,GB,127.044894039,37.474805593
"14950",8,28,5,양버즘나무,PTA,127.027791451,37.489688143
"14951",0,9,0,느티나무,ZS,127.024847855,37.483438452
"14952",7,16,4,은행나무,GB,127.02865828,37.472473566
"14953",8,24,6,메타세쿼이아,TB,127.022461774,37.500469339
"14954",9,23,6,느티나무,ZS,127.031535626,37.483615467
"14955",7,12,3,은행나무,GB,127.011746281,37.513179598
"14956",6,11,2,메타세쿼이아,TB,126.996046039,37.473396967
"14957",8,29,7,느티나무,ZS,127.011425868,37.493164921
"14958",10,15,1,은행나무,GB,126.998194932,37.480470168
"14959",6,28,8,양버즘나무,PTA,127.014556121,37.48950781
"14960",10,33,10,양버즘나무,PTA,127.009121948,37.511698704
"14961",8,21,8,양버즘나무,PTA,127.038870545,37.472993888
"14962",10,25,10,양버즘나무,PTA,127.037168659,37.477302016
"14963",8,31,8,느티나무,ZS,127.081677076,37.460881672
"14964",7,27,5,양버즘나무,PTA,127.002750074,37.482514729
"14965",6,31,8,양버즘나무,PTA,127.014669241,37.488862551
"14966",4,30,8,느티나무,ZS,127.085990744,37.461932731
"14967",12,35,7,양버즘나무,PTA,126.987068146,37.491553558
"14968",10,31,5,양버즘나무,PTA,126.9886222,37.488109041
"14969",13,26,5,양버즘나무,PTA,127.04186253,37.480588985
"14970",8,30,6,양버즘나무,PTA,127.012919197,37.510450101
"14971",10,29,10,양버즘나무,PTA,126.991566298,37.491257844
"14972",12,38,10,양버즘나무,PTA,127.018689784,37.518108652
"14973",9,25,6,양버즘나무,PTA,127.014458568,37.509193148
"14974",13,42,12,가중나무,AA,127.007521631,37.51411436
"14975",8,21,5,양버즘나무,PTA,127.020380921,37.490203264
"14976",10,31,5,양버즘나무,PTA,127.016844342,37.509614418
"14977",10,29,8,양버즘나무,PTA,127.037476685,37.469316297
"14978",9,14,4,은행나무,GB,127.018352894,37.510309347
"14979",6,11,3,은행나무,GB,127.064932232,37.435757285
"14980",8,30,7,느티나무,ZS,127.047808225,37.462129793
"14981",5,20,3,느티나무,ZS,127.045538925,37.467753864
"14982",6,25,7,느티나무,ZS,127.011539746,37.493203835
"14983",8,20,2,은행나무,GB,127.03729346,37.459712783
"14984",9,27,8,메타세쿼이아,TB,127.036279766,37.47423705
"14985",7,20,2,양버즘나무,PTA,127.034117877,37.475170047
"14986",5,16,3,느티나무,ZS,126.994805852,37.487884132
"14987",5,16,4,느티나무,ZS,127.044020784,37.466659741
"14988",12,19,4,양버즘나무,PTA,127.038359736,37.47819479
"14989",6,34,5,양버즘나무,PTA,127.014384074,37.49050557
"14990",8,19,5,은행나무,GB,126.993068245,37.493712299
"14991",8,29,12,양버즘나무,PTA,126.996755539,37.481075878
"14992",12,23,6,양버즘나무,PTA,126.989185005,37.494654464
"14993",9,10,3,은행나무,GB,127.003552592,37.501411211
"14994",7,14,3,은행나무,GB,127.010833672,37.512561214
"14995",10,21,5,양버즘나무,PTA,127.010728688,37.49886447
"14996",4,6,2,왕벚나무,PS,127.053037862,37.449819922
"14997",9,31,10,양버즘나무,PTA,127.00048781,37.481994618
"14998",10,28,6,양버즘나무,PTA,127.028400132,37.488667135
"14999",9,16,4,메타세쿼이아,TB,127.020544228,37.510759094
"15000",7,17,8,은행나무,GB,126.998193209,37.499428844
"15001",7,19,2,양버즘나무,PTA,127.03202646,37.474443995
"15002",9,20,2,은행나무,GB,127.011016701,37.509660905
"15003",6,16,3,느티나무,ZS,126.984496636,37.476343063
"15004",14,31,10,양버즘나무,PTA,127.037935031,37.479578486
"15005",11,32,10,양버즘나무,PTA,126.991906904,37.490340203
"15006",7,26,5,느티나무,ZS,127.051920339,37.460362839
"15007",7,30,8,은행나무,GB,126.998172748,37.499466333
"15008",9,26,5,양버즘나무,PTA,127.027262085,37.490793967
"15009",4,20,5,느티나무,ZS,126.987353384,37.479591618
"15010",5,10,2,메타세쿼이아,TB,126.986441795,37.475564805
"15011",12,38,10,양버즘나무,PTA,127.020343277,37.5127758
"15012",7,19,4,양버즘나무,PTA,127.036470813,37.476598654
"15013",12,37,12,가중나무,AA,127.010810198,37.517005782
"15014",3,27,7,양버즘나무,PTA,127.026866661,37.497891023
"15015",10,40,12,양버즘나무,PTA,127.031606536,37.489144078
"15016",9,26,8,양버즘나무,PTA,127.012788652,37.513435321
"15017",12,35,6,양버즘나무,PTA,127.007443198,37.491536763
"15018",9,18,4,양버즘나무,PTA,127.004105462,37.486471924
"15019",0,30,4,느티나무,ZS,127.038954043,37.473369211
"15020",13,39,12,양버즘나무,PTA,127.01913189,37.516727512
"15021",9,29,7,양버즘나무,PTA,127.038396088,37.476476324
"15022",11,33,5,양버즘나무,PTA,127.029194112,37.48675117
"15023",7,23,5,양버즘나무,PTA,127.013670336,37.488175264
"15024",4,28,5,느티나무,ZS,126.98333245,37.47616098
"15025",11,27,5,양버즘나무,PTA,127.018336715,37.510081165
"15026",4,29,6,느티나무,ZS,127.068707085,37.456575659
"15027",8,26,5,양버즘나무,PTA,127.02792597,37.489402183
"15028",10,36,8,양버즘나무,PTA,127.017277478,37.51000412
"15029",10,29,6,양버즘나무,PTA,127.023080244,37.499140533
"15030",6,19,5,은행나무,GB,127.048751375,37.456462652
"15031",12,30,5,양버즘나무,PTA,126.98886193,37.487739365
"15032",5,10,2,메타세쿼이아,TB,126.990447908,37.474732981
"15033",6,11,3,은행나무,GB,127.066514137,37.434201494
"15034",12,28,1,양버즘나무,PTA,127.004609172,37.497737806
"15035",6,17,4,양버즘나무,PTA,127.034121238,37.468325967
"15036",14,37,12,가중나무,AA,127.014579753,37.520288383
"15037",10,19,8,양버즘나무,PTA,127.040433514,37.467688094
"15038",11,14,4,양버즘나무,PTA,127.013514022,37.510941312
"15039",13,27,4,양버즘나무,PTA,127.029716204,37.485007568
"15040",10,30,9,양버즘나무,PTA,126.996283272,37.483786732
"15041",14,18,8,양버즘나무,PTA,127.023674343,37.481825238
"15042",12,41,7,양버즘나무,PTA,127.008311463,37.492172697
"15043",9,23,8,회화나무,STJ,127.010760607,37.502787402
"15044",8,26,7,느티나무,ZS,127.058981512,37.457521413
"15045",10,34,5,양버즘나무,PTA,127.00987201,37.486951086
"15046",13,31,6,양버즘나무,PTA,126.997404174,37.503973813
"15047",10,22,4,양버즘나무,PTA,127.005497872,37.480821672
"15048",10,31,8,양버즘나무,PTA,127.041658858,37.466556957
"15049",9,40,8,양버즘나무,PTA,127.010772689,37.485106994
"15050",0,17,4,느티나무,ZS,127.036325318,37.482641931
"15051",5,15,4,느티나무,ZS,127.045141711,37.463431766
"15052",9,25,6,양버즘나무,PTA,127.006216664,37.494463288
"15053",15,19,4,양버즘나무,PTA,127.022932682,37.486791679
"15054",9,20,3,양버즘나무,PTA,127.013205869,37.513402483
"15055",13,28,7,양버즘나무,PTA,127.038751782,37.478963113
"15056",16,19,1,양버즘나무,PTA,127.038764957,37.47879245
"15057",12,20,4,양버즘나무,PTA,127.023417254,37.487161017
"15058",11,24,7,양버즘나무,PTA,126.998535972,37.479964956
"15059",10,26,5,양버즘나무,PTA,126.99254616,37.481820542
"15060",8,24,6,메타세쿼이아,TB,127.022671453,37.500048089
"15061",10,22,7,양버즘나무,PTA,127.038931268,37.475347999
"15062",8,39,10,양버즘나무,PTA,127.029906406,37.492707743
"15063",7,16,2,양버즘나무,PTA,127.03418231,37.475192628
"15064",10,33,4,가중나무,AA,127.011733641,37.516309355
"15065",5,10,2,메타세쿼이아,TB,126.987596309,37.475539715
"15066",15,32,5,양버즘나무,PTA,127.000477737,37.50465636
"15067",11,38,10,양버즘나무,PTA,127.000004766,37.478127941
"15068",10,8,1,은행나무,GB,127.007150207,37.492398608
"15069",6,33,9,느티나무,ZS,127.057345368,37.458224289
"15070",14,20,7,양버즘나무,PTA,127.03837171,37.480106375
"15071",7,27,5,양버즘나무,PTA,126.988831046,37.478253659
"15072",9,26,6,양버즘나무,PTA,127.02738572,37.488358021
"15073",14,27,7,양버즘나무,PTA,127.038162445,37.480419079
"15074",8,21,4,양버즘나무,PTA,127.034296911,37.464686935
"15075",12,32,12,가중나무,AA,127.005124819,37.511769756
"15076",7,15,5,양버즘나무,PTA,127.028953198,37.49266464
"15077",13,36,6,양버즘나무,PTA,127.019793853,37.495415572
"15078",8,20,5,느티나무,ZS,127.039026812,37.469472015
"15079",14,45,12,가중나무,AA,127.014431984,37.520210577
"15080",9,14,2,은행나무,GB,127.020142391,37.513249121
"15081",10,14,5,은행나무,GB,127.009575933,37.51187476
"15082",9,19,2,양버즘나무,PTA,127.005784525,37.479842818
"15083",13,20,12,가중나무,AA,127.009630024,37.516174276
"15084",8,22,5,양버즘나무,PTA,127.026250844,37.492906901
"15085",13,34,12,가중나무,AA,127.010879885,37.517714619
"15086",8,22,4,느티나무,ZS,127.064941892,37.455524888
"15087",9,34,6,양버즘나무,PTA,127.003791061,37.499882635
"15088",9,23,5,양버즘나무,PTA,127.011815445,37.484238386
"15089",5,10,2,메타세쿼이아,TB,126.99881195,37.474040282
"15090",6,16,4,양버즘나무,PTA,127.040669479,37.468161172
"15091",9,25,5,양버즘나무,PTA,127.01601245,37.485705421
"15158",5,10,2,메타세쿼이아,TB,126.989163865,37.475095318
"15092",10,29,4,양버즘나무,PTA,127.038681697,37.47587693
"15093",5,17,5,느티나무,ZS,126.985139293,37.475860391
"15094",12,35,12,양버즘나무,PTA,127.029135028,37.494322165
"15095",10,19,3,양버즘나무,PTA,127.006558005,37.478252712
"15096",12,25,8,양버즘나무,PTA,127.022832986,37.482749962
"15097",5,10,2,메타세쿼이아,TB,126.990144054,37.474527851
"15098",7,19,10,양버즘나무,PTA,126.98617562,37.476583849
"15099",14,20,3,은행나무,GB,127.035387394,37.482860438
"15100",12,39,12,가중나무,AA,127.00642533,37.512386302
"15101",15,34,7,양버즘나무,PTA,127.004522955,37.497907837
"15102",13,31,12,느티나무,ZS,127.088247909,37.46288411
"15103",11,41,10,양버즘나무,PTA,127.007450611,37.483414289
"15104",12,30,6,양버즘나무,PTA,126.986393684,37.504963355
"15105",10,44,5,양버즘나무,PTA,127.026368365,37.497439687
"15106",9,19,4,양버즘나무,PTA,126.992910153,37.489080982
"15107",12,35,6,양버즘나무,PTA,127.020128186,37.495794838
"15108",12,27,8,양버즘나무,PTA,126.982901558,37.492062426
"15109",9,19,5,은행나무,GB,127.010765257,37.510129486
"15110",8,28,10,양버즘나무,PTA,127.00932948,37.504273622
"15111",8,19,3,양버즘나무,PTA,127.014523194,37.484553905
"15112",7,12,2,은행나무,GB,127.036776452,37.460309594
"15113",8,25,6,양버즘나무,PTA,127.027635406,37.48843462
"15114",13,24,3,양버즘나무,PTA,127.037272137,37.481717897
"15115",8,22,4,양버즘나무,PTA,127.01327897,37.513909604
"15116",6,15,4,은행나무,GB,127.044722621,37.474593441
"15117",5,12,3,왕벚나무,PS,127.035675594,37.47802808
"15118",10,34,6,양버즘나무,PTA,127.007193733,37.492271172
"15119",11,21,7,양버즘나무,PTA,127.038097926,37.480650489
"15120",7,23,5,은행나무,GB,127.042754287,37.473395242
"15121",8,10,3,은행나무,GB,126.998833348,37.504402429
"15122",8,12,3,은행나무,GB,127.03749457,37.459543428
"15123",7,20,3,양버즘나무,PTA,127.012025479,37.513339633
"15124",13,36,5,양버즘나무,PTA,126.994281566,37.502850036
"15125",9,22,6,느티나무,ZS,127.060358158,37.457181941
"15126",6,14,4,은행나무,GB,127.048798946,37.456552604
"15127",5,10,2,메타세쿼이아,TB,126.988557982,37.474972007
"15128",11,28,6,양버즘나무,PTA,126.987484784,37.489525207
"15129",6,41,8,느티나무,ZS,127.0219428,37.460480924
"15130",5,10,2,메타세쿼이아,TB,126.994010008,37.473563477
"15131",8,23,4,양버즘나무,PTA,127.031947402,37.474572074
"15132",9,22,5,느티나무,ZS,127.077196871,37.458944936
"15133",0,18,5,느티나무,ZS,127.03888982,37.478593068
"15134",8,15,6,가중나무,AA,127.015114373,37.520323161
"15135",13,20,8,양버즘나무,PTA,127.015218907,37.501838791
"15159",9,13,7,은행나무,GB,127.012247122,37.513194283
"15136",10,23,8,양버즘나무,PTA,127.032563855,37.469760512
"15137",14,39,12,가중나무,AA,127.011528854,37.518347026
"15138",12,38,7,메타세쿼이아,TB,127.042110854,37.476316601
"15139",8,25,6,칠엽수,AC,127.010799565,37.504522572
"15140",8,33,5,양버즘나무,PTA,127.025757173,37.493947546
"15141",8,20,6,은행나무,GB,127.010587998,37.49354568
"15142",13,31,10,양버즘나무,PTA,126.990042397,37.498070287
"15143",10,25,10,양버즘나무,PTA,127.000032576,37.478085924
"15144",12,37,12,양버즘나무,PTA,127.029360746,37.493834573
"15145",3,21,4,느티나무,ZS,127.026306748,37.500093672
"15146",12,40,10,양버즘나무,PTA,126.99140681,37.491136553
"15147",9,26,5,양버즘나무,PTA,127.012428965,37.484358265
"15148",11,29,8,양버즘나무,PTA,127.016397938,37.494654439
"15149",8,23,8,양버즘나무,PTA,127.039172276,37.470277672
"15150",7,18,3,양버즘나무,PTA,127.014455113,37.488595437
"15151",8,37,5,양버즘나무,PTA,127.014183504,37.488327211
"15152",11,32,5,양버즘나무,PTA,127.008467777,37.483611859
"15153",0,9,0,느티나무,ZS,127.00745947,37.478005578
"15154",11,32,6,양버즘나무,PTA,127.011384194,37.483818112
"15155",14,29,6,양버즘나무,PTA,127.022125937,37.496378352
"15156",7,23,6,칠엽수,AC,127.013588446,37.494792865
"15157",9,32,6,메타세쿼이아,TB,127.030410134,37.472274698
"15230",9,19,4,느티나무,ZS,127.059890301,37.456943397
"15160",11,27,5,양버즘나무,PTA,127.028642364,37.48751478
"15161",6,22,5,느티나무,ZS,126.987636716,37.485960568
"15162",4,23,4,양버즘나무,PTA,126.993125956,37.481097334
"15163",4,20,6,느티나무,ZS,126.989062418,37.479338983
"15164",12,32,10,양버즘나무,PTA,127.007248625,37.483374955
"15165",5,10,2,메타세쿼이아,TB,127.004855351,37.476385715
"15166",6,31,6,메타세쿼이아,TB,127.026310284,37.465478399
"15167",9,15,2,메타세쿼이아,TB,127.035864841,37.462757003
"15168",7,16,2,은행나무,GB,127.043716489,37.466387884
"15169",12,32,7,메타세쿼이아,TB,127.030294669,37.470682155
"15170",8,20,4,양버즘나무,PTA,127.017316159,37.501091056
"15171",10,19,4,양버즘나무,PTA,127.035496608,37.476058243
"15172",6,18,5,은행나무,GB,127.043298816,37.476872769
"15173",6,17,4,은행나무,GB,127.046485257,37.475705754
"15174",0,9,0,느티나무,ZS,127.018961041,37.482264696
"15175",7,14,3,은행나무,GB,126.991285479,37.493114741
"15176",6,26,8,양버즘나무,PTA,127.014647942,37.488977858
"15177",10,29,4,가중나무,AA,127.014096882,37.515226788
"15178",7,22,7,칠엽수,AC,127.011259491,37.502866068
"15179",6,43,8,느티나무,ZS,127.023911111,37.460405622
"15180",11,20,6,양버즘나무,PTA,127.010343378,37.483769108
"15181",6,11,3,은행나무,GB,127.064994266,37.435695285
"15182",11,38,7,양버즘나무,PTA,127.01030049,37.492781384
"15183",12,31,7,양버즘나무,PTA,127.009760767,37.492615676
"15184",5,10,2,메타세쿼이아,TB,126.99986454,37.474379285
"15185",9,20,6,느티나무,ZS,127.077431481,37.459247881
"15186",13,30,8,양버즘나무,PTA,127.037956143,37.479919262
"15187",6,28,7,느티나무,ZS,127.011083645,37.456563698
"15188",5,15,3,느티나무,ZS,126.986510459,37.485828631
"15189",10,21,4,메타세쿼이아,TB,127.039269731,37.473803527
"15190",9,15,3,은행나무,GB,127.00633254,37.478711788
"15191",5,13,2,은행나무,GB,127.05129682,37.453525
"15192",9,23,4,양버즘나무,PTA,127.016135463,37.485505166
"15193",10,17,7,양버즘나무,PTA,126.992814421,37.489241411
"15194",10,30,5,양버즘나무,PTA,127.000726035,37.481835951
"15195",8,25,5,양버즘나무,PTA,127.027548456,37.488201263
"15196",7,25,5,느티나무,ZS,127.05495852,37.459430496
"15197",10,27,4,양버즘나무,PTA,126.987277172,37.490385843
"15198",4,12,2,메타세쿼이아,TB,127.018313999,37.482383163
"15199",10,20,4,양버즘나무,PTA,127.022257852,37.486581861
"15200",11,29,7,양버즘나무,PTA,126.982968731,37.494331044
"15201",7,19,5,양버즘나무,PTA,127.028714813,37.492588308
"15202",6,15,3,메타세쿼이아,TB,126.996780155,37.473407631
"15203",9,25,6,느티나무,ZS,127.060332857,37.457129283
"15204",6,12,3,은행나무,GB,127.049078865,37.456302723
"15205",7,11,2,은행나무,GB,127.037927081,37.459309711
"15206",9,35,12,양버즘나무,PTA,126.998145919,37.4816769
"15207",12,39,12,가중나무,AA,127.011834266,37.516418968
"15208",8,18,6,칠엽수,AC,127.011483266,37.502403444
"15209",7,13,1,은행나무,GB,127.035488236,37.460577545
"15210",11,37,7,양버즘나무,PTA,126.982961091,37.494208456
"15211",8,34,8,양버즘나무,PTA,127.037722404,37.469252775
"15212",8,27,10,양버즘나무,PTA,127.013091874,37.502847953
"15213",0,20,7,양버즘나무,PTA,127.038404016,37.477703878
"15214",8,21,5,양버즘나무,PTA,127.026086846,37.492860695
"15215",5,11,3,느티나무,ZS,127.04613094,37.468179468
"15216",6,19,5,은행나무,GB,127.046895965,37.46824235
"15217",12,38,12,양버즘나무,PTA,127.020545789,37.512318544
"15218",12,31,6,양버즘나무,PTA,126.985877117,37.500441858
"15219",8,22,6,느티나무,ZS,127.082404886,37.463513779
"15220",9,18,4,양버즘나무,PTA,127.006924427,37.477870323
"15221",8,26,7,은행나무,GB,127.010836888,37.493775274
"15222",8,43,10,느티나무,ZS,127.010819701,37.479299238
"15223",7,31,7,느티나무,ZS,127.052158069,37.46026187
"15224",5,10,2,메타세쿼이아,TB,126.999210745,37.473862352
"15225",10,24,5,양버즘나무,PTA,127.005212375,37.482779077
"15226",10,30,6,양버즘나무,PTA,126.990315381,37.485288499
"15227",12,51,12,가중나무,AA,127.007474004,37.510423307
"15228",7,28,6,느티나무,ZS,127.046291209,37.463213899
"15229",6,29,5,메타세쿼이아,TB,127.025891133,37.465305859
"15231",7,30,7,은행나무,GB,127.043679827,37.474004692
"15232",8,29,5,양버즘나무,PTA,127.025515506,37.494455947
"15233",8,27,7,느티나무,ZS,127.082088372,37.462051954
"15234",10,31,8,양버즘나무,PTA,127.03187702,37.470493268
"15235",11,44,8,양버즘나무,PTA,127.014524305,37.49408145
"15236",8,24,7,느티나무,ZS,127.059904215,37.457125261
"15237",7,18,4,은행나무,GB,127.00394419,37.507177076
"15238",6,17,4,느티나무,ZS,127.039757937,37.46923613
"15239",8,21,7,양버즘나무,PTA,127.03845778,37.476188311
"15240",8,15,3,은행나무,GB,127.011515104,37.513008257
"15241",6,28,7,느티나무,ZS,127.082099687,37.462211743
"15242",7,26,5,은행나무,GB,127.047189326,37.473412415
"15243",11,21,7,양버즘나무,PTA,127.01619355,37.50135424
"15244",7,10,2,은행나무,GB,127.046596782,37.468020494
"15245",7,16,3,은행나무,GB,126.982895806,37.472660477
"15246",8,14,3,은행나무,GB,127.011445535,37.512974354
"15247",9,33,8,양버즘나무,PTA,127.016065407,37.494418761
"15248",7,29,5,느티나무,ZS,127.046998376,37.46285073
"15249",13,40,12,가중나무,AA,127.005976389,37.512926116
"15250",15,30,4,양버즘나무,PTA,126.99396487,37.503043731
"15251",6,23,6,양버즘나무,PTA,127.012088528,37.484133721
"15252",8,13,2,은행나무,GB,127.010702151,37.512447441
"15253",8,14,1,메타세쿼이아,TB,127.030037575,37.470131513
"15254",14,22,4,양버즘나무,PTA,127.022750549,37.486952789
"15255",12,31,10,양버즘나무,PTA,127.008052441,37.511378129
"15256",9,28,5,양버즘나무,PTA,127.020054982,37.490104225
"15257",8,28,5,칠엽수,AC,127.011911641,37.501987557
"15258",4,8,1,은행나무,GB,127.021509195,37.502896935
"15259",10,26,4,가중나무,AA,127.012562909,37.515837089
"15260",7,27,6,은행나무,GB,127.045648373,37.471899199
"15261",8,15,8,양버즘나무,PTA,127.011001313,37.498798653
"15262",6,27,8,느티나무,ZS,127.015015114,37.457363483
"15263",5,11,4,단풍나무,MP,126.991697998,37.487199899
"15264",5,10,2,메타세쿼이아,TB,126.999712927,37.474015038
"15265",5,12,3,은행나무,GB,127.056417066,37.446730808
"15266",9,40,12,느티나무,ZS,127.084169244,37.461552311
"15267",11,26,6,메타세쿼이아,TB,127.039482919,37.473808932
"15268",4,12,2,은행나무,GB,127.024151904,37.471583378
"15269",8,15,4,양버즘나무,PTA,127.019315232,37.510608274
"15270",10,40,13,양버즘나무,PTA,127.023687411,37.505703034
"15271",11,31,10,양버즘나무,PTA,126.986047189,37.503611716
"15272",9,22,4,양버즘나무,PTA,127.003880065,37.485048429
"15273",9,37,8,양버즘나무,PTA,127.035475584,37.463093767
"15274",6,22,7,느티나무,ZS,127.0166985,37.458094737
"15275",8,26,7,양버즘나무,PTA,127.038869039,37.472048337
"15276",5,17,3,느티나무,ZS,127.027039393,37.498689257
"15277",5,16,6,느티나무,ZS,126.986592726,37.475527387
"15278",10,26,10,양버즘나무,PTA,126.994696508,37.486252812
"15279",6,15,4,은행나무,GB,127.011571289,37.49321303
"15280",10,22,6,양버즘나무,PTA,127.004955199,37.497807432
"15281",10,20,5,양버즘나무,PTA,127.020379792,37.486003383
"15282",11,40,10,양버즘나무,PTA,127.025430755,37.50203552
"15283",10,25,3,양버즘나무,PTA,127.004799097,37.482267404
"15284",10,30,8,양버즘나무,PTA,127.008165557,37.511432498
"15285",8,21,8,양버즘나무,PTA,127.021087202,37.495952331
"15286",9,25,4,양버즘나무,PTA,127.013220062,37.513462435
"15287",12,27,8,가중나무,AA,127.003398849,37.508329092
"15288",5,10,2,메타세쿼이아,TB,126.992848824,37.473810833
"15289",10,19,5,양버즘나무,PTA,126.987348912,37.490123905
"15290",9,20,6,양버즘나무,PTA,127.039061991,37.470456819
"15291",10,29,6,양버즘나무,PTA,126.995651502,37.484402737
"15292",4,17,5,느티나무,ZS,126.984212047,37.47599245
"15293",11,26,8,양버즘나무,PTA,127.013725778,37.502508317
"15294",13,29,5,양버즘나무,PTA,127.004003678,37.501149997
"15295",12,28,6,양버즘나무,PTA,126.989496953,37.494528495
"15296",9,28,10,느티나무,ZS,127.031522515,37.482882816
"15297",4,40,8,느티나무,ZS,127.086057246,37.46195469
"15298",8,34,6,양버즘나무,PTA,127.02920184,37.488908184
"15299",10,31,12,양버즘나무,PTA,127.000054126,37.481880149
"15300",9,34,5,양버즘나무,PTA,127.031386356,37.48936641
"15301",8,21,5,느티나무,ZS,127.002314092,37.503731469
"15302",3,17,2,은행나무,GB,127.029567987,37.493257373
"15303",8,25,8,양버즘나무,PTA,127.038870517,37.472960861
"15304",8,19,6,양버즘나무,PTA,127.038960705,37.477696545
"15305",4,32,5,양버즘나무,PTA,126.993091816,37.481150518
"15306",11,21,7,양버즘나무,PTA,127.012596367,37.49348816
"15307",5,13,4,은행나무,GB,127.055589601,37.447511966
"15308",14,23,6,느티나무,ZS,127.044579695,37.477845216
"15309",10,30,7,양버즘나무,PTA,127.038880499,37.475486701
"15310",8,38,8,양버즘나무,PTA,127.039300944,37.469954563
"15311",8,30,2,양버즘나무,PTA,127.027133861,37.488078358
"15312",6,26,5,느티나무,ZS,127.050432589,37.461003263
"15313",15,20,4,양버즘나무,PTA,127.038036733,37.480214401
"15314",13,29,8,양버즘나무,PTA,127.038056122,37.480618148
"15315",12,31,12,가중나무,AA,127.009618374,37.51648306
"15316",12,31,6,양버즘나무,PTA,126.983006611,37.49534489
"15317",6,16,5,은행나무,GB,126.988362367,37.463517163
"15318",10,21,3,양버즘나무,PTA,127.013911493,37.515412103
"15319",10,34,5,양버즘나무,PTA,127.029584866,37.488820614
"15320",10,26,12,양버즘나무,PTA,126.994751544,37.485802687
"15321",8,19,5,양버즘나무,PTA,127.038448583,37.472414377
"15322",7,26,4,양버즘나무,PTA,127.037772957,37.477564057
"15323",13,37,6,양버즘나무,PTA,127.001519583,37.505302464
"15324",10,23,7,양버즘나무,PTA,127.040625546,37.467575576
"15325",9,32,8,양버즘나무,PTA,127.009703043,37.487312344
"15326",7,19,5,양버즘나무,PTA,127.002789994,37.482522549
"15327",9,27,10,양버즘나무,PTA,126.99201198,37.490534942
"15328",13,31,10,가중나무,AA,127.007731385,37.50994939
"15329",10,18,5,양버즘나무,PTA,127.038939645,37.475990865
"15330",10,21,5,양버즘나무,PTA,127.00569309,37.482872263
"15331",10,31,5,양버즘나무,PTA,127.010215774,37.512478402
"15332",12,42,12,양버즘나무,PTA,126.98559268,37.498893326
"15333",8,18,4,양버즘나무,PTA,127.024161118,37.504635333
"15334",6,34,12,양버즘나무,PTA,127.032083973,37.488133327
"15335",11,30,6,양버즘나무,PTA,127.025798235,37.497507018
"15336",11,29,10,양버즘나무,PTA,127.012205135,37.498960962
"15337",8,19,3,양버즘나무,PTA,127.014272286,37.484505936
"15338",11,30,6,양버즘나무,PTA,126.985053494,37.490836078
"15339",8,22,5,양버즘나무,PTA,126.986348966,37.476311022
"15340",7,29,8,양버즘나무,PTA,127.033623465,37.468860066
"15387",12,35,12,가중나무,AA,127.010193906,37.517048355
"15341",12,44,8,양버즘나무,PTA,127.009050332,37.488660625
"15342",6,13,10,은행나무,GB,127.025252828,37.502303848
"15343",7,12,4,은행나무,GB,127.052497184,37.45082279
"15344",12,29,6,양버즘나무,PTA,127.007573274,37.506849167
"15345",6,33,8,느티나무,ZS,127.024906847,37.460368644
"15346",8,26,5,느티나무,ZS,127.060846088,37.456969255
"15347",10,40,8,은행나무,GB,126.998040466,37.495188206
"15348",7,42,8,느티나무,ZS,127.010288401,37.479042782
"15349",0,9,0,느티나무,ZS,127.036195095,37.484705508
"15350",12,33,7,메타세쿼이아,TB,127.043887804,37.478071025
"15351",9,20,5,양버즘나무,PTA,127.012246186,37.484321382
"15352",7,22,5,은행나무,GB,127.043816732,37.471237886
"15353",14,39,6,양버즘나무,PTA,127.002157756,37.503402187
"15354",4,6,2,왕벚나무,PS,127.052633642,37.450804573
"15355",7,29,8,양버즘나무,PTA,127.01270061,37.502691171
"15356",8,20,5,양버즘나무,PTA,127.026979558,37.492055717
"15357",8,30,7,메타세쿼이아,TB,127.030650537,37.471044703
"15358",12,31,4,양버즘나무,PTA,127.025368174,37.502193224
"15359",10,26,4,양버즘나무,PTA,126.984930253,37.498419871
"15360",8,23,5,양버즘나무,PTA,126.988250364,37.478210306
"15361",11,30,8,양버즘나무,PTA,126.992010634,37.490165956
"15362",12,41,8,양버즘나무,PTA,126.982508074,37.487942828
"15363",8,35,5,양버즘나무,PTA,127.024361769,37.491416733
"15364",6,32,12,양버즘나무,PTA,127.012258778,37.484168137
"15365",7,15,4,양버즘나무,PTA,127.012161206,37.513377301
"15366",10,33,3,양버즘나무,PTA,127.004961355,37.491140621
"15367",12,40,8,양버즘나무,PTA,126.985885763,37.491075089
"15368",10,23,5,양버즘나무,PTA,127.015432067,37.48870314
"15369",6,34,7,느티나무,ZS,127.081845362,37.461304704
"15370",10,30,5,양버즘나무,PTA,127.023502209,37.498627389
"15371",6,20,4,느티나무,ZS,127.039428555,37.468864138
"15372",11,37,10,양버즘나무,PTA,127.008747641,37.511716468
"15373",5,10,2,메타세쿼이아,TB,126.989749354,37.474928257
"15374",12,36,7,양버즘나무,PTA,127.012827404,37.510201617
"15375",9,21,5,느티나무,ZS,127.080832631,37.460082706
"15376",5,18,5,은행나무,GB,127.024826272,37.471181303
"15377",8,20,5,양버즘나무,PTA,126.987501663,37.477820867
"15378",7,19,4,은행나무,GB,127.049591013,37.470645793
"15379",6,23,5,양버즘나무,PTA,127.014072196,37.492317907
"15380",7,31,6,은행나무,GB,127.041120992,37.472324113
"15381",5,13,4,은행나무,GB,127.025627127,37.470682897
"15382",0,8,0,느티나무,ZS,127.036625238,37.484772121
"15383",8,12,3,은행나무,GB,126.994036787,37.493851959
"15384",13,38,10,양버즘나무,PTA,126.992599358,37.498034442
"15385",10,27,8,양버즘나무,PTA,127.040522074,37.467621148
"15386",14,34,12,느티나무,ZS,127.086702661,37.462379186
"15388",13,22,7,양버즘나무,PTA,127.038729351,37.479293851
"15389",6,13,5,은행나무,GB,127.04364933,37.473724343
"15390",6,24,6,느티나무,ZS,127.012714353,37.457494503
"15391",6,29,8,느티나무,ZS,127.024176644,37.460135527
"15392",13,47,10,느티나무,ZS,127.09166773,37.46401098
"15393",10,30,8,양버즘나무,PTA,127.03248307,37.469845397
"15394",9,25,7,양버즘나무,PTA,127.038930481,37.473037929
"15395",10,32,10,양버즘나무,PTA,127.008807547,37.511537936
"15396",12,28,6,양버즘나무,PTA,126.989753775,37.493769342
"15397",12,30,6,양버즘나무,PTA,126.989713043,37.493832746
"15398",7,14,5,은행나무,GB,127.019318116,37.510388865
"15399",6,14,3,메타세쿼이아,TB,127.010846744,37.508053034
"15400",10,18,6,양버즘나무,PTA,127.037472561,37.481434018
"15401",7,17,2,은행나무,GB,127.011117121,37.509101527
"15402",7,28,6,느티나무,ZS,127.053004703,37.46027274
"15403",10,25,6,은행나무,GB,127.019080699,37.515899202
"15404",4,16,3,은행나무,GB,126.995442186,37.480625622
"15405",9,29,6,양버즘나무,PTA,127.026511542,37.488098256
"15406",7,17,4,느티나무,ZS,127.083021598,37.461243235
"15407",8,21,7,양버즘나무,PTA,127.038400578,37.47589908
"15408",11,41,8,가중나무,AA,127.012114636,37.51609354
"15409",8,21,5,은행나무,GB,127.038897634,37.462796705
"15410",0,17,3,양버즘나무,PTA,127.035070686,37.483170728
"15411",11,35,7,양버즘나무,PTA,127.013447769,37.512129671
"15412",12,29,8,양버즘나무,PTA,127.000157624,37.507494383
"15413",12,36,7,양버즘나무,PTA,127.011597644,37.493180433
"15414",8,32,5,양버즘나무,PTA,127.012020236,37.487672148
"15415",4,6,2,왕벚나무,PS,127.052566804,37.450671992
"15416",12,34,7,양버즘나무,PTA,126.996605862,37.48863395
"15417",11,42,8,양버즘나무,PTA,127.008143404,37.491759818
"15418",6,14,5,은행나무,GB,127.056921721,37.446255654
"15419",7,28,8,은행나무,GB,127.046679595,37.473906153
"15420",11,37,4,양버즘나무,PTA,127.001962711,37.505147932
"15421",7,10,2,은행나무,GB,127.052647584,37.450775913
"15422",4,12,2,메타세쿼이아,TB,127.018748114,37.48250163
"15423",5,18,4,느티나무,ZS,127.069430603,37.456819376
"15424",8,21,7,양버즘나무,PTA,127.038868218,37.4721549
"15425",0,9,0,느티나무,ZS,127.025109865,37.48318129
"15426",9,41,7,양버즘나무,PTA,127.011031553,37.484573579
"15427",8,22,7,은행나무,GB,126.992358076,37.489976837
"15428",6,18,2,은행나무,GB,127.053163176,37.449658006
"15429",7,16,5,은행나무,GB,127.050571295,37.454915707
"15430",5,21,4,느티나무,ZS,126.990090557,37.486518468
"15431",5,10,2,메타세쿼이아,TB,126.994962086,37.473453048
"15432",8,26,3,양버즘나무,PTA,127.026530547,37.492325252
"15433",12,25,10,양버즘나무,PTA,126.999967718,37.506936271
"15434",6,30,5,느티나무,ZS,126.984804888,37.476285941
"15435",6,13,2,은행나무,GB,127.042638197,37.470569454
"15436",6,18,3,은행나무,GB,127.046852503,37.468748239
"15437",12,47,12,가중나무,AA,127.009321624,37.516196175
"15438",12,34,8,양버즘나무,PTA,127.017595235,37.494769718
"15439",12,38,6,양버즘나무,PTA,126.987555347,37.497184638
"15440",9,27,5,양버즘나무,PTA,127.027283583,37.490751322
"15441",13,20,4,양버즘나무,PTA,127.022137132,37.486767816
"15442",6,13,10,은행나무,GB,127.025221406,37.50236406
"15443",6,11,4,은행나무,GB,127.05577723,37.447166038
"15444",7,31,12,느티나무,ZS,127.030222562,37.483829769
"15445",7,24,5,양버즘나무,PTA,126.9882057,37.478189341
"15446",0,9,0,느티나무,ZS,127.024474922,37.483098088
"15447",6,17,4,느티나무,ZS,127.031773649,37.472756854
"15448",9,33,5,양버즘나무,PTA,127.019323655,37.489733234
"15449",6,30,7,은행나무,GB,127.045044498,37.474903187
"15450",12,46,8,메타세쿼이아,TB,127.041031807,37.474819352
"15451",9,21,3,양버즘나무,PTA,127.03474533,37.467700319
"15452",7,13,2,은행나무,GB,127.036676035,37.460262575
"15453",13,35,10,가중나무,AA,127.012286346,37.518990085
"15454",8,26,6,느티나무,ZS,127.054914758,37.459077185
"15455",8,28,7,느티나무,ZS,127.08207555,37.46188678
"15456",9,26,8,메타세쿼이아,TB,127.03647436,37.474361222
"15457",5,10,2,메타세쿼이아,TB,126.989944568,37.474584852
"15458",0,18,4,느티나무,ZS,127.038379517,37.477265882
"15459",0,18,6,느티나무,ZS,127.038971747,37.473279547
"15460",13,17,5,양버즘나무,PTA,127.038812424,37.47890335
"15461",11,28,8,양버즘나무,PTA,127.037989488,37.479789189
"15462",9,26,5,양버즘나무,PTA,127.027087671,37.490766499
"15463",16,29,10,양버즘나무,PTA,127.037875952,37.479948583
"15464",13,36,12,가중나무,AA,127.008302511,37.51487773
"15465",15,41,5,양버즘나무,PTA,126.998264683,37.504265747
"15466",7,23,4,양버즘나무,PTA,127.031842485,37.474364178
"15467",12,30,5,양버즘나무,PTA,127.028922726,37.486924111
"15468",12,45,13,은행나무,GB,127.022227195,37.508781624
"15469",13,35,6,양버즘나무,PTA,126.981951821,37.478157604
"15470",7,27,4,양버즘나무,PTA,127.010607268,37.512669191
"15471",11,18,10,양버즘나무,PTA,126.999671379,37.478224243
"15472",11,39,6,양버즘나무,PTA,126.988318097,37.488394035
"15473",10,31,10,양버즘나무,PTA,127.008920752,37.511597601
"15474",7,25,4,양버즘나무,PTA,127.013042173,37.513822874
"15475",5,21,5,양버즘나무,PTA,127.017882857,37.485211561
"15476",13,26,8,양버즘나무,PTA,127.027098207,37.497484601
"15500",6,26,6,느티나무,ZS,127.048435192,37.462047287
"15477",8,20,8,양버즘나무,PTA,127.039195258,37.470226268
"15478",12,24,5,양버즘나무,PTA,127.004665613,37.488903013
"15479",10,30,4,양버즘나무,PTA,126.987292074,37.49033099
"15480",7,28,4,양버즘나무,PTA,126.993924242,37.480159523
"15481",12,23,5,양버즘나무,PTA,127.028959405,37.487244396
"15482",7,26,2,양버즘나무,PTA,127.034548854,37.475334206
"15483",9,32,3,양버즘나무,PTA,127.020153911,37.513190678
"15484",7,17,4,은행나무,GB,126.984277295,37.470335398
"15485",6,12,3,은행나무,GB,127.05652466,37.4466309
"15486",0,19,4,느티나무,ZS,127.038342209,37.477349298
"15487",13,30,8,양버즘나무,PTA,126.99107107,37.49805114
"15488",10,24,6,양버즘나무,PTA,127.03628568,37.482651064
"15489",14,28,12,가중나무,AA,127.006940884,37.513545596
"15490",4,28,12,느티나무,ZS,127.088856707,37.462875106
"15491",12,38,10,양버즘나무,PTA,126.997264754,37.499509663
"15492",7,8,3,메타세쿼이아,TB,127.043254317,37.48007226
"15493",8,23,4,메타세쿼이아,TB,127.030287197,37.47044962
"15494",5,30,10,양버즘나무,PTA,127.014511287,37.489778324
"15495",5,18,4,느티나무,ZS,126.982402837,37.485740065
"15496",12,17,6,은행나무,GB,127.041510143,37.484783217
"15497",10,16,3,은행나무,GB,127.001369921,37.481972711
"15498",10,24,4,양버즘나무,PTA,127.003771195,37.484535035
"15499",12,40,8,양버즘나무,PTA,127.009190612,37.489156685
"15501",7,18,3,은행나무,GB,126.982832219,37.472802275
"15502",9,24,7,양버즘나무,PTA,127.038405891,37.476871703
"15503",11,31,6,양버즘나무,PTA,126.987811062,37.489175626
"15504",6,15,2,은행나무,GB,127.046804904,37.459472959
"15505",6,28,5,양버즘나무,PTA,126.990768256,37.479356406
"15506",8,47,12,양버즘나무,PTA,127.030600151,37.491231087
"15507",10,17,8,양버즘나무,PTA,127.040400884,37.467721563
"15508",6,26,5,양버즘나무,PTA,127.013822138,37.488068757
"15509",15,42,7,양버즘나무,PTA,127.007897314,37.491035073
"15510",8,29,5,양버즘나무,PTA,127.014268982,37.488355255
"15511",8,33,4,양버즘나무,PTA,127.011594541,37.513127884
"15512",7,22,7,은행나무,GB,127.045042572,37.471683568
"15513",0,9,0,느티나무,ZS,127.019077519,37.482603569
"15514",15,24,8,양버즘나무,PTA,127.036838186,37.481578751
"15515",9,25,4,느티나무,ZS,127.075109052,37.458801352
"15516",6,16,5,은행나무,GB,126.988407111,37.463723413
"15517",7,15,3,은행나무,GB,127.052594777,37.450891675
"15518",8,23,4,메타세쿼이아,TB,127.035656059,37.463154986
"15519",0,9,0,느티나무,ZS,127.014340688,37.48121241
"15520",12,25,8,양버즘나무,PTA,127.03691705,37.481488783
"15521",5,16,5,은행나무,GB,127.051216046,37.453671664
"15522",10,20,4,은행나무,GB,127.016957013,37.51522212
"15523",7,20,6,은행나무,GB,127.050686989,37.47144698
"15524",6,28,7,느티나무,ZS,127.016888093,37.4582394
"15525",9,33,5,양버즘나무,PTA,127.022712804,37.490908754
"15526",8,28,8,느티나무,ZS,127.013611304,37.480445263
"15527",5,10,2,메타세쿼이아,TB,127.005009804,37.476789807
"15528",9,22,5,양버즘나무,PTA,127.015620776,37.484973833
"15529",9,25,8,양버즘나무,PTA,127.038462947,37.477489181
"15530",8,24,8,양버즘나무,PTA,127.038873244,37.472580477
"15531",9,22,6,느티나무,ZS,127.069943801,37.456782498
"15532",5,16,3,느티나무,ZS,126.984918871,37.475905092
"15533",9,29,5,양버즘나무,PTA,127.001250061,37.482188332
"15534",9,20,5,양버즘나무,PTA,127.001653329,37.482072602
"15535",8,21,7,양버즘나무,PTA,127.040274298,37.467902565
"15536",11,22,8,양버즘나무,PTA,127.034996948,37.484226869
"15537",13,34,6,가중나무,AA,127.002842927,37.509152996
"15538",15,33,6,양버즘나무,PTA,127.00793848,37.490956332
"15539",11,14,2,메타세쿼이아,TB,127.002389294,37.505566663
"15540",9,24,5,양버즘나무,PTA,127.027353995,37.49059835
"15541",12,30,10,양버즘나무,PTA,126.985537353,37.504550585
"15542",7,27,5,양버즘나무,PTA,126.988629041,37.47840116
"15543",10,39,8,양버즘나무,PTA,127.036600793,37.468786019
"15544",12,25,10,양버즘나무,PTA,126.993313597,37.488433214
"15545",8,22,5,양버즘나무,PTA,127.021499998,37.502502299
"15546",10,22,5,양버즘나무,PTA,126.990909284,37.484548708
"15547",9,28,12,양버즘나무,PTA,127.004240798,37.487362695
"15548",9,29,10,양버즘나무,PTA,127.000141199,37.477499771
"15549",6,35,7,메타세쿼이아,TB,127.026683925,37.465815867
"15550",0,20,5,느티나무,ZS,127.038381882,37.477145192
"15551",8,18,6,은행나무,GB,126.993470835,37.493770392
"15552",13,44,10,가중나무,AA,127.008926642,37.507816421
"15553",9,35,8,느티나무,ZS,127.018132718,37.458832715
"15554",4,14,2,느티나무,ZS,126.992571911,37.487227869
"15555",8,27,6,은행나무,GB,126.998351503,37.498873769
"15556",7,13,3,은행나무,GB,126.982959833,37.472527911
"15557",8,27,6,느티나무,ZS,127.079953797,37.460338684
"15558",8,16,5,느티나무,ZS,127.011874444,37.512973738
"15559",9,27,10,느티나무,ZS,127.031572643,37.482655431
"15560",9,38,7,양버즘나무,PTA,127.006686511,37.493510478
"15561",6,16,4,은행나무,GB,126.985190772,37.469409777
"15562",11,38,7,양버즘나무,PTA,127.00862975,37.491994464
"15563",9,20,6,은행나무,GB,126.998031874,37.495658735
"15564",8,31,10,느티나무,ZS,127.013994221,37.480555977
"15565",10,27,3,양버즘나무,PTA,127.00581273,37.479783148
"15566",10,29,12,느티나무,ZS,127.031068514,37.483948855
"15567",9,26,8,느티나무,ZS,127.031620655,37.482436752
"15568",5,16,3,느티나무,ZS,127.043484987,37.4662577
"15569",8,21,8,양버즘나무,PTA,127.038870212,37.472527532
"15570",12,18,3,은행나무,GB,126.998124225,37.495550694
"15571",6,14,1,느티나무,ZS,126.993412956,37.488273716
"15572",9,21,12,양버즘나무,PTA,126.998198942,37.481681655
"15573",12,39,7,양버즘나무,PTA,127.008491697,37.490597048
"15574",7,23,5,은행나무,GB,127.045102379,37.472182264
"15575",6,12,2,은행나무,GB,127.058470187,37.443603302
"15576",12,38,6,메타세쿼이아,TB,127.04064918,37.474622776
"15577",8,29,3,양버즘나무,PTA,127.03866035,37.472456459
"15578",11,18,6,은행나무,GB,127.042094507,37.483497471
"15579",13,28,6,양버즘나무,PTA,127.020062298,37.495775215
"15580",8,31,10,양버즘나무,PTA,127.00724182,37.503460078
"15581",12,26,12,가중나무,AA,127.007353205,37.514267302
"15582",8,25,5,느티나무,ZS,127.053824114,37.459544219
"15583",6,13,4,은행나무,GB,127.011640986,37.493241488
"15584",6,17,4,은행나무,GB,127.035377242,37.475787577
"15585",8,27,5,양버즘나무,PTA,127.029392683,37.48876133
"15586",8,39,7,메타세쿼이아,TB,127.02773095,37.467072732
"15587",11,25,6,양버즘나무,PTA,126.988914059,37.492180622
"15588",9,27,6,느티나무,ZS,127.073494053,37.458264892
"15589",7,30,7,은행나무,GB,127.045966779,37.474477968
"15590",11,31,6,양버즘나무,PTA,126.990570953,37.502197828
"15591",4,17,2,은행나무,GB,127.038174401,37.477769085
"15592",8,28,10,양버즘나무,PTA,126.986542266,37.502101051
"15593",15,44,12,가중나무,AA,127.007286376,37.513883911
"15594",8,36,10,느티나무,ZS,127.072036006,37.457702556
"15595",4,12,4,은행나무,GB,127.026450987,37.471230209
"15596",11,37,6,양버즘나무,PTA,126.983825692,37.490956834
"15597",8,26,4,은행나무,GB,127.015865074,37.515062644
"15598",5,14,3,느티나무,ZS,126.984436768,37.475999132
"15599",6,14,3,은행나무,GB,126.9943017,37.486858717
"15600",6,26,5,칠엽수,AC,127.011550511,37.502835419
"15601",8,27,4,양버즘나무,PTA,127.032606296,37.474799346
"15602",9,27,5,양버즘나무,PTA,127.029519796,37.48880165
"15603",12,38,12,양버즘나무,PTA,126.985905591,37.50343747
"15604",6,16,4,은행나무,GB,126.987839739,37.460193006
"15605",9,31,10,칠엽수,AC,127.012421754,37.49865205
"15606",12,22,6,양버즘나무,PTA,127.003357738,37.505544671
"15607",7,16,4,은행나무,GB,126.996706555,37.494154217
"15608",8,23,5,양버즘나무,PTA,127.027727205,37.48825906
"15609",4,13,3,은행나무,GB,127.026502108,37.471264823
"15610",7,20,4,은행나무,GB,127.041550205,37.472511438
"15611",5,26,6,칠엽수,AC,127.012977547,37.497371304
"15612",10,29,6,양버즘나무,PTA,127.036209646,37.477568629
"15613",5,10,2,메타세쿼이아,TB,127.005627056,37.47675361
"15614",8,23,4,느티나무,ZS,127.076668686,37.459203321
"15615",6,22,4,양버즘나무,PTA,127.039807746,37.469087405
"15616",12,22,8,양버즘나무,PTA,126.998214694,37.489148385
"15617",6,16,4,은행나무,GB,127.023844644,37.471852001
"15618",11,38,12,양버즘나무,PTA,127.021764094,37.509740597
"15619",8,15,2,은행나무,GB,126.99152715,37.502173324
"15620",11,24,6,양버즘나무,PTA,127.013272779,37.510658909
"15621",10,38,10,양버즘나무,PTA,127.000304549,37.477249204
"15622",5,10,2,메타세쿼이아,TB,126.994360457,37.473793561
"15623",10,32,6,양버즘나무,PTA,126.993023655,37.488899813
"15624",8,31,12,양버즘나무,PTA,126.99654984,37.483016898
"15625",9,22,5,은행나무,GB,127.010669999,37.509929166
"15626",13,43,13,은행나무,GB,127.022652567,37.507904454
"15627",9,27,4,양버즘나무,PTA,127.011583757,37.509147989
"15628",11,20,4,양버즘나무,PTA,127.021762027,37.486647885
"15629",6,18,4,느티나무,ZS,127.014781501,37.480987013
"15630",8,24,5,양버즘나무,PTA,127.014963223,37.484844133
"15631",10,31,8,양버즘나무,PTA,127.032522649,37.469802271
"15632",4,13,3,은행나무,GB,127.012114131,37.482338526
"15633",9,20,4,은행나무,GB,127.011096353,37.509513547
"15634",9,28,12,양버즘나무,PTA,127.004289745,37.48767684
"15635",12,28,9,양버즘나무,PTA,126.991322236,37.491274041
"15636",4,6,2,왕벚나무,PS,127.057280219,37.445606499
"15637",6,15,3,은행나무,GB,127.044033444,37.479189972
"15638",8,16,5,칠엽수,AC,127.012102795,37.500028071
"15639",8,12,5,은행나무,GB,127.011954433,37.51305467
"15640",10,26,8,양버즘나무,PTA,126.999370676,37.479087205
"15641",13,24,4,양버즘나무,PTA,127.042150738,37.481212515
"15642",4,18,3,느티나무,ZS,127.044160031,37.464884744
"15643",5,15,3,느티나무,ZS,127.044350075,37.464115808
"15644",8,19,7,양버즘나무,PTA,127.038869285,37.471995885
"15645",12,39,12,가중나무,AA,127.011216259,37.517725634
"15646",16,23,8,양버즘나무,PTA,127.036630781,37.481795383
"15647",6,24,6,칠엽수,AC,127.013103412,37.495714808
"15648",8,24,5,양버즘나무,PTA,127.014885808,37.484829037
"15649",7,11,4,칠엽수,AC,127.013175034,37.495419248
"15650",12,29,8,양버즘나무,PTA,126.982246113,37.483434029
"15651",10,22,5,은행나무,GB,127.00090986,37.481854231
"15652",13,29,10,양버즘나무,PTA,126.987686126,37.498119051
"15653",13,22,7,양버즘나무,PTA,127.019006143,37.495201535
"15654",12,36,8,양버즘나무,PTA,127.017010182,37.494833822
"15655",12,37,8,양버즘나무,PTA,127.00563235,37.483064537
"15656",6,45,8,느티나무,ZS,127.024456523,37.460384966
"15657",11,35,5,양버즘나무,PTA,127.005720028,37.496252761
"15658",9,23,5,양버즘나무,PTA,127.015009542,37.487435615
"15659",6,21,5,은행나무,GB,126.998461982,37.498798591
"15660",10,35,4,양버즘나무,PTA,127.038686898,37.476645244
"15661",9,34,8,느티나무,ZS,127.034805684,37.484261375
"15662",12,35,7,양버즘나무,PTA,127.021707459,37.509864894
"15663",10,26,10,양버즘나무,PTA,127.037311589,37.477404805
"15664",8,18,5,양버즘나무,PTA,127.014776193,37.487315966
"15665",8,28,8,느티나무,ZS,127.062048191,37.45620425
"15666",9,21,7,양버즘나무,PTA,127.038920481,37.472160904
"15667",9,19,4,양버즘나무,PTA,127.00424449,37.486230163
"15668",6,12,3,은행나무,GB,127.051154938,37.453806007
"15669",7,12,2,메타세쿼이아,TB,126.994676621,37.473757501
"15670",10,40,10,메타세쿼이아,TB,127.009308107,37.512481092
"15671",7,21,5,메타세쿼이아,TB,127.042917973,37.477249801
"15672",7,23,3,양버즘나무,PTA,127.035303214,37.475737417
"15673",13,25,5,양버즘나무,PTA,127.041770088,37.480485635
"15674",11,40,8,양버즘나무,PTA,127.006469542,37.494730899
"15675",11,32,5,양버즘나무,PTA,127.009148679,37.483744289
"15676",12,42,12,가중나무,AA,127.006965722,37.511384059
"15677",14,32,6,양버즘나무,PTA,127.002504385,37.502977466
"15678",8,15,2,양버즘나무,PTA,127.009957134,37.512301133
"15679",14,35,6,양버즘나무,PTA,127.004179811,37.500217738
"15680",6,19,7,양버즘나무,PTA,127.008050573,37.511197611
"15681",4,31,6,느티나무,ZS,127.090902651,37.463544396
"15682",12,25,6,양버즘나무,PTA,127.020874909,37.495751006
"15683",6,15,4,은행나무,GB,127.025052574,37.470803406
"15684",11,50,12,양버즘나무,PTA,126.995370643,37.4987551
"15685",10,30,5,양버즘나무,PTA,126.995727792,37.480974317
"15686",10,26,6,양버즘나무,PTA,127.013365052,37.512742571
"15687",6,12,2,은행나무,GB,127.05268953,37.45043932
"15688",5,12,2,단풍나무,MP,126.985429929,37.485887905
"15689",5,10,2,메타세쿼이아,TB,126.989473059,37.475004178
"15690",7,28,5,양버즘나무,PTA,127.012839885,37.487773504
"15691",7,27,3,은행나무,GB,127.041287661,37.469522022
"15692",5,15,3,은행나무,GB,127.035596218,37.460141351
"15693",2,12,3,은행나무,GB,127.028643108,37.495208072
"15694",7,28,5,양버즘나무,PTA,127.015177976,37.488474088
"15695",9,27,5,양버즘나무,PTA,127.02789637,37.489057702
"15696",13,40,12,가중나무,AA,127.005017221,37.511664118
"15697",7,13,4,은행나무,GB,127.010958786,37.512621345
"15698",11,32,6,양버즘나무,PTA,126.986419194,37.491196526
"15699",8,20,3,은행나무,GB,127.01764918,37.500968517
"15700",5,13,2,메타세쿼이아,TB,126.997968007,37.473820015
"15701",10,31,4,양버즘나무,PTA,127.041460395,37.480463944
"15702",7,11,2,은행나무,GB,127.035891036,37.460251835
"15703",6,18,4,은행나무,GB,127.050117497,37.455194784
"15704",9,23,5,양버즘나무,PTA,127.015051475,37.487331235
"15705",8,26,5,양버즘나무,PTA,127.027059355,37.49208124
"15706",11,22,5,양버즘나무,PTA,126.99057018,37.485065969
"15707",7,18,2,은행나무,GB,127.037724682,37.459485912
"15708",5,10,2,메타세쿼이아,TB,126.988979834,37.474853598
"15709",8,25,5,느티나무,ZS,127.054573365,37.45922378
"15710",8,17,6,은행나무,GB,126.990989675,37.493102374
"15711",7,33,4,느티나무,ZS,127.052646516,37.460050592
"15712",10,21,5,양버즘나무,PTA,126.987800752,37.489385905
"15713",11,32,6,메타세쿼이아,TB,127.041449898,37.475548534
"15714",15,23,7,은행나무,GB,127.042973213,37.481547667
"15715",9,14,4,가중나무,AA,127.015684356,37.520850426
"15716",5,8,3,왕벚나무,PS,127.052200308,37.451417936
"15717",9,45,8,느티나무,ZS,127.017842754,37.485479137
"15718",5,10,2,메타세쿼이아,TB,127.001763175,37.47490916
"15719",6,22,5,메타세쿼이아,TB,127.021330199,37.461544106
"15720",12,40,6,양버즘나무,PTA,126.994476831,37.503188819
"15721",7,18,5,양버즘나무,PTA,127.017617011,37.489217745
"15722",8,29,6,양버즘나무,PTA,127.029262099,37.488926699
"15723",7,20,3,은행나무,GB,126.98215654,37.480830344
"15724",7,28,6,양버즘나무,PTA,127.012791684,37.484264377
"15725",5,25,6,느티나무,ZS,127.067484856,37.455818435
"15726",8,18,4,느티나무,ZS,127.03949919,37.4687737
"15727",9,24,8,양버즘나무,PTA,127.039075769,37.470598035
"15728",7,26,5,양버즘나무,PTA,127.002340701,37.482437446
"15729",10,10,3,은행나무,GB,127.025493686,37.48757877
"15730",9,22,5,양버즘나무,PTA,127.016028768,37.485212669
"15731",9,22,5,양버즘나무,PTA,127.026224677,37.492962294
"15732",6,15,10,은행나무,GB,127.025305225,37.502191726
"15733",11,35,6,양버즘나무,PTA,127.024660652,37.496912353
"15734",8,34,10,양버즘나무,PTA,127.029924935,37.492665758
"15735",5,25,5,느티나무,ZS,127.030070737,37.492204821
"15736",4,6,2,왕벚나무,PS,127.053515309,37.449296775
"15737",13,33,12,가중나무,AA,127.007077824,37.511177577
"15738",13,21,5,양버즘나무,PTA,127.004974993,37.497000409
"15739",10,26,8,양버즘나무,PTA,127.003934228,37.484304097
"15740",6,13,3,은행나무,GB,127.024413024,37.469329051
"15741",7,30,5,양버즘나무,PTA,127.014351063,37.488382943
"15742",9,20,4,은행나무,GB,127.011158943,37.509398474
"15743",5,10,2,메타세쿼이아,TB,126.98703912,37.475693963
"15744",5,10,2,메타세쿼이아,TB,126.990856939,37.474620544
"15745",10,25,4,양버즘나무,PTA,127.00592306,37.479527508
"15746",8,32,10,양버즘나무,PTA,127.009036655,37.506928074
"15747",8,26,8,양버즘나무,PTA,127.02549745,37.497312005
"15748",6,25,6,양버즘나무,PTA,127.016578936,37.484339915
"15749",9,34,8,양버즘나무,PTA,127.038872653,37.472690897
"15750",8,15,4,양버즘나무,PTA,127.03412057,37.464981786
"15751",9,31,6,은행나무,GB,127.017485631,37.515388711
"15752",9,23,4,양버즘나무,PTA,127.00374562,37.484421498
"15753",8,15,5,양버즘나무,PTA,127.026022522,37.487948424
"15754",10,17,4,양버즘나무,PTA,127.000024037,37.481662265
"15755",6,33,6,메타세쿼이아,TB,127.024640945,37.463943599
"15756",6,18,5,메타세쿼이아,TB,127.030023216,37.472418322
"15757",8,29,3,양버즘나무,PTA,127.038826021,37.470515398
"15758",11,29,12,양버즘나무,PTA,127.010346478,37.498707091
"15759",7,21,2,양버즘나무,PTA,127.033234876,37.474865967
"15760",5,11,3,은행나무,GB,127.04423168,37.476270909
"15761",5,20,4,느티나무,ZS,127.043475459,37.464968942
"15762",8,23,5,느티나무,ZS,127.06920389,37.456382777
"15763",9,28,8,양버즘나무,PTA,127.034957474,37.467708599
"15764",10,18,6,양버즘나무,PTA,127.038391927,37.475306949
"15765",5,10,2,메타세쿼이아,TB,127.002307028,37.475495906
"15766",9,38,13,양버즘나무,PTA,127.023248948,37.506624161
"15767",4,45,12,느티나무,ZS,127.091215278,37.463648187
"15768",4,13,3,은행나무,GB,127.012722869,37.480969146
"15769",8,18,4,양버즘나무,PTA,127.036909258,37.477109175
"15770",6,10,1,은행나무,GB,126.987971584,37.466503512
"15794",5,25,7,느티나무,ZS,126.989347411,37.479243417
"15771",12,34,12,양버즘나무,PTA,127.020038579,37.513682051
"15772",6,21,6,은행나무,GB,127.041589381,37.469735459
"15773",8,22,6,느티나무,ZS,127.078947832,37.459740339
"15774",14,33,6,양버즘나무,PTA,127.004164615,37.500296567
"15775",6,13,2,은행나무,GB,126.988035031,37.489022125
"15776",8,31,7,은행나무,GB,127.046052908,37.474396348
"15777",6,13,3,은행나무,GB,127.044243605,37.466267714
"15778",8,33,8,양버즘나무,PTA,127.01475433,37.49401538
"15779",11,22,6,양버즘나무,PTA,126.987900927,37.48903718
"15780",12,15,6,양버즘나무,PTA,127.038877315,37.478562851
"15781",12,26,4,양버즘나무,PTA,127.039797903,37.478426155
"15782",15,24,8,느티나무,ZS,127.044561122,37.477878514
"15783",12,34,10,양버즘나무,PTA,127.000374048,37.506042626
"15784",8,21,6,양버즘나무,PTA,127.034135355,37.465169237
"15785",13,33,12,가중나무,AA,127.011334316,37.518161558
"15786",9,11,4,은행나무,GB,127.002823136,37.482294797
"15787",7,30,8,은행나무,GB,127.046363764,37.47408325
"15788",8,10,3,은행나무,GB,127.025684822,37.494176338
"15789",6,25,5,은행나무,GB,127.046717645,37.472434482
"15790",11,35,10,양버즘나무,PTA,126.996147661,37.499065664
"15791",10,21,5,양버즘나무,PTA,126.99819149,37.48085856
"15792",11,34,6,양버즘나무,PTA,127.008372336,37.507381266
"15793",9,20,5,양버즘나무,PTA,127.027104982,37.490729703
"15795",8,13,4,은행나무,GB,127.010554548,37.512325208
"15796",0,9,0,느티나무,ZS,127.017644001,37.482184853
"15797",14,25,5,양버즘나무,PTA,127.004024955,37.499046797
"15798",7,12,4,느티나무,ZS,127.039172065,37.469131244
"15799",12,44,8,양버즘나무,PTA,126.986061361,37.491145144
"15800",12,23,7,양버즘나무,PTA,127.038213944,37.48044695
"15801",9,25,7,양버즘나무,PTA,127.038400797,37.476538803
"15802",12,51,12,가중나무,AA,127.006269453,37.512177445
"15803",6,21,5,은행나무,GB,127.04759735,37.474638857
"15804",8,19,8,양버즘나무,PTA,127.017386515,37.494820412
"15805",6,13,4,은행나무,GB,127.023883161,37.471818682
"15806",8,24,7,양버즘나무,PTA,127.038405733,37.4767483
"15807",13,14,3,양버즘나무,PTA,127.03738868,37.480803219
"15808",10,27,5,양버즘나무,PTA,127.002872854,37.48232856
"15809",8,23,8,양버즘나무,PTA,127.01062097,37.498746719
"15810",12,25,8,양버즘나무,PTA,127.037189521,37.481165186
"15811",6,26,5,칠엽수,AC,127.012901569,37.497703042
"15812",9,28,8,양버즘나무,PTA,127.012161597,37.484307173
"15813",12,30,10,양버즘나무,PTA,126.993372829,37.488338381
"15814",5,14,3,은행나무,GB,127.057301454,37.445551717
"15815",10,28,10,양버즘나무,PTA,126.999418038,37.478613754
"15816",8,32,5,양버즘나무,PTA,127.027628068,37.49002893
"15817",14,54,12,가중나무,AA,127.006996743,37.513600235
"15818",6,30,5,메타세쿼이아,TB,127.0257989,37.46521751
"15819",6,27,6,메타세쿼이아,TB,127.027043729,37.466147152
"15820",6,10,3,은행나무,GB,127.046486999,37.460312887
"15821",10,20,5,은행나무,GB,127.003374555,37.482403138
"15822",8,22,4,양버즘나무,PTA,127.034374622,37.464460163
"15823",14,30,4,양버즘나무,PTA,127.037679054,37.481219104
"15824",12,31,5,양버즘나무,PTA,126.988821758,37.487625781
"15825",6,22,4,느티나무,ZS,127.031710473,37.472818542
"15826",11,35,12,양버즘나무,PTA,127.017585424,37.482752312
"15827",7,20,7,은행나무,GB,127.044787922,37.474734496
"15828",6,20,8,회화나무,STJ,127.010977239,37.485464735
"15829",12,27,6,양버즘나무,PTA,127.004919733,37.497876168
"15830",10,21,4,가중나무,AA,127.013757853,37.515059115
"15831",9,14,3,느티나무,ZS,127.06271967,37.456096154
"15832",13,25,3,양버즘나무,PTA,127.041812995,37.480535185
"15833",5,15,4,은행나무,GB,127.025866873,37.470843733
"15834",7,17,4,은행나무,GB,126.988453294,37.464630356
"15835",9,28,5,느티나무,ZS,127.06295646,37.455625383
"15836",7,17,5,은행나무,GB,127.042884876,37.474327455
"15837",5,24,4,느티나무,ZS,127.039109401,37.469345441
"15838",8,25,6,느티나무,ZS,127.062253891,37.45611491
"15839",9,29,6,느티나무,ZS,127.074742229,37.458675255
"15840",6,15,2,은행나무,GB,127.020513731,37.486042462
"15841",5,10,2,메타세쿼이아,TB,126.989184882,37.474796678
"15842",4,17,4,느티나무,ZS,127.045012079,37.464096014
"15843",5,15,2,느티나무,ZS,126.98239501,37.486197741
"15844",11,23,5,양버즘나무,PTA,127.029035161,37.487084081
"15845",3,18,3,느티나무,ZS,127.010412941,37.487026538
"15846",5,17,3,느티나무,ZS,127.068819559,37.456253784
"15847",4,29,5,양버즘나무,PTA,127.027933681,37.48832333
"15848",13,28,10,가중나무,AA,127.012401654,37.519076555
"15849",8,35,7,느티나무,ZS,127.046344624,37.462709256
"15850",4,13,4,은행나무,GB,127.012247265,37.482837567
"15851",5,10,2,메타세쿼이아,TB,126.986426383,37.475858285
"15852",10,20,3,양버즘나무,PTA,127.01848436,37.485419954
"15853",13,39,10,가중나무,AA,127.013647845,37.51512037
"15854",8,28,6,양버즘나무,PTA,126.988414856,37.491983699
"15855",12,37,6,양버즘나무,PTA,126.989468485,37.49249559
"15856",5,15,2,은행나무,GB,127.03393158,37.475107418
"15857",8,33,10,느티나무,ZS,127.012413306,37.498501219
"15858",13,23,8,양버즘나무,PTA,127.02396835,37.482159269
"15859",7,21,6,은행나무,GB,126.994298491,37.480254922
"15860",9,20,5,은행나무,GB,127.010862947,37.50994488
"15861",13,35,12,가중나무,AA,127.010660228,37.516925255
"15862",11,27,10,가중나무,AA,127.015303112,37.52043049
"15863",6,36,10,느티나무,ZS,127.030153651,37.484150181
"15864",9,20,5,은행나무,GB,127.01132398,37.509096091
"15865",7,12,4,은행나무,GB,127.047830006,37.468916486
"15866",10,32,5,양버즘나무,PTA,127.004584218,37.482330136
"15867",8,12,4,은행나무,GB,127.011927402,37.513035632
"15868",6,23,5,은행나무,GB,127.043808611,37.476503692
"15869",6,14,3,은행나무,GB,127.05692444,37.446095156
"15870",5,31,8,느티나무,ZS,127.015678937,37.481256662
"15871",7,22,3,양버즘나무,PTA,127.032724793,37.474692243
"15872",14,21,8,양버즘나무,PTA,127.023969568,37.482631162
"15873",6,37,7,느티나무,ZS,127.022201927,37.460473315
"15874",6,17,3,메타세쿼이아,TB,127.022283864,37.462069174
"15875",9,27,5,양버즘나무,PTA,127.007099802,37.483141006
"15876",8,30,5,양버즘나무,PTA,127.01622699,37.488795535
"15877",8,22,3,양버즘나무,PTA,127.036331819,37.476495121
"15878",9,14,2,메타세쿼이아,TB,127.020980076,37.511391417
"15879",12,33,12,가중나무,AA,127.013895209,37.519698211
"15880",6,16,3,은행나무,GB,127.052352396,37.45139138
"15881",9,30,5,느티나무,ZS,127.082021911,37.460451958
"15882",12,36,6,양버즘나무,PTA,126.990332289,37.501917003
"15883",10,35,8,메타세쿼이아,TB,127.03630844,37.474342882
"15884",8,14,3,양버즘나무,PTA,127.02405938,37.504861686
"15885",6,27,7,느티나무,ZS,127.047913232,37.462271874
"15886",9,26,8,양버즘나무,PTA,126.995609976,37.484832393
"15887",8,27,9,칠엽수,AC,127.012375439,37.498866199
"15888",9,19,7,가중나무,AA,127.005935339,37.512538313
"15889",10,32,10,양버즘나무,PTA,126.991799948,37.490877208
"15890",9,23,6,양버즘나무,PTA,127.03872733,37.469705668
"15891",4,44,12,느티나무,ZS,127.084654697,37.46149855
"15892",11,35,6,양버즘나무,PTA,126.990201033,37.502120508
"15893",8,28,6,양버즘나무,PTA,127.027856727,37.488502342
"15894",8,19,4,느티나무,ZS,127.076166361,37.459039022
"15895",9,25,5,양버즘나무,PTA,127.012604817,37.484390537
"15896",11,48,8,양버즘나무,PTA,127.006670487,37.494323982
"15897",5,10,2,메타세쿼이아,TB,127.005289109,37.476923542
"15898",5,10,2,메타세쿼이아,TB,127.00025371,37.47453059
"15899",10,39,6,양버즘나무,PTA,126.988687396,37.487820757
"15900",8,18,4,느티나무,ZS,127.038466447,37.469482265
"15901",9,27,5,양버즘나무,PTA,127.025055542,37.491610297
"15902",8,20,5,양버즘나무,PTA,127.028169897,37.488901543
"15903",7,19,4,칠엽수,AC,127.011036203,37.503792216
"15904",11,27,8,양버즘나무,PTA,127.034919918,37.484143396
"15905",10,26,10,양버즘나무,PTA,127.000335637,37.477201055
"15906",10,24,10,양버즘나무,PTA,127.004464893,37.489143784
"15907",8,39,8,양버즘나무,PTA,127.036080341,37.468442777
"15908",8,33,5,양버즘나무,PTA,126.988988961,37.478570226
"15909",0,9,0,느티나무,ZS,127.021205146,37.482618716
"15910",13,23,5,양버즘나무,PTA,127.038374031,37.479430016
"15911",12,31,10,양버즘나무,PTA,126.985519335,37.504611057
"15912",13,23,3,양버즘나무,PTA,127.03751192,37.481429968
"15913",4,15,3,느티나무,ZS,126.993367147,37.487468399
"15914",9,24,4,양버즘나무,PTA,127.005339551,37.481147554
"15915",12,34,12,양버즘나무,PTA,127.01873524,37.51794219
"15916",6,15,4,은행나무,GB,126.98802525,37.459850002
"15917",8,22,5,느티나무,ZS,127.059504372,37.457484999
"15918",8,24,6,느티나무,ZS,127.055391054,37.458872067
"15919",8,24,4,양버즘나무,PTA,126.991534791,37.483574438
"15920",8,31,5,양버즘나무,PTA,126.986707918,37.477037677
"15921",7,11,3,은행나무,GB,126.983471818,37.497042302
"15922",12,22,8,은행나무,GB,127.04412026,37.479012201
"15923",11,20,5,양버즘나무,PTA,127.018865815,37.510245329
"15924",6,15,3,은행나무,GB,126.992332049,37.489643304
"15925",9,23,5,양버즘나무,PTA,127.013424731,37.511289846
"15926",7,10,1,은행나무,GB,126.99243399,37.493534934
"15927",9,15,3,은행나무,GB,127.010117478,37.512216433
"15928",7,17,4,은행나무,GB,127.049634394,37.472668196
"15929",10,29,10,양버즘나무,PTA,127.040650229,37.468120761
"15930",9,30,9,양버즘나무,PTA,127.012337816,37.513220943
"15931",9,33,5,양버즘나무,PTA,127.018039902,37.489344397
"15932",5,12,3,은행나무,GB,127.057062531,37.445949836
"15933",6,29,5,메타세쿼이아,TB,127.022973443,37.462777829
"15934",6,12,3,은행나무,GB,127.066945273,37.433777895
"15935",16,23,7,은행나무,GB,127.04262097,37.482333114
"15936",11,28,6,양버즘나무,PTA,126.988323773,37.491948156
"15937",5,21,4,느티나무,ZS,126.983739522,37.476472904
"15938",8,20,4,양버즘나무,PTA,127.036357604,37.476698323
"15939",9,28,5,양버즘나무,PTA,127.00440775,37.48261233
"15940",6,28,7,느티나무,ZS,127.012871508,37.457223604
"15941",5,10,2,메타세쿼이아,TB,127.001124319,37.474937144
"15942",9,36,8,느티나무,ZS,127.072261661,37.457803115
"15943",7,18,6,은행나무,GB,127.043888294,37.471375592
"15944",10,31,8,느티나무,ZS,127.032693196,37.484501733
"15945",9,31,5,양버즘나무,PTA,127.020582035,37.490268476
"15946",10,32,10,양버즘나무,PTA,126.996987414,37.482701171
"15947",8,44,8,느티나무,ZS,127.011867816,37.479845374
"15948",6,10,2,은행나무,GB,127.013724326,37.51496389
"15949",4,6,2,왕벚나무,PS,127.056168725,37.446800956
"15950",6,13,10,느티나무,ZS,127.008496397,37.511574525
"15951",13,33,10,가중나무,AA,127.006410348,37.511898023
"15952",8,28,6,느티나무,ZS,127.06170249,37.456164911
"15953",6,30,6,느티나무,ZS,127.021280389,37.460499957
"15954",7,23,7,은행나무,GB,127.043026086,37.474335395
"15955",9,14,2,메타세쿼이아,TB,127.021231573,37.510846779
"15956",5,8,3,왕벚나무,PS,127.049251804,37.456145255
"15957",8,29,5,양버즘나무,PTA,127.027387831,37.488153409
"15958",9,32,5,느티나무,ZS,127.024400596,37.504143678
"15959",7,17,4,양버즘나무,PTA,127.032737393,37.474847004
"15960",10,25,8,양버즘나무,PTA,127.037850157,37.477825074
"15961",10,30,4,양버즘나무,PTA,127.036687999,37.477054789
"15962",5,21,4,메타세쿼이아,TB,127.028684571,37.468675758
"15963",6,11,3,은행나무,GB,127.04469575,37.466647832
"15964",5,10,2,메타세쿼이아,TB,127.002841131,37.475422962
"15965",5,28,5,메타세쿼이아,TB,127.0144239,37.517211365
"15966",8,35,9,느티나무,ZS,127.081819907,37.461085606
"15967",6,17,3,양버즘나무,PTA,126.995386514,37.480639162
"15968",6,30,7,메타세쿼이아,TB,127.027667951,37.466762067
"15969",7,26,5,양버즘나무,PTA,126.987065865,37.477352084
"15970",6,14,3,은행나무,GB,127.051617467,37.452883781
"15971",13,28,7,양버즘나무,PTA,127.038775224,37.478756287
"15972",5,24,4,양버즘나무,PTA,127.014164022,37.516115561
"15973",10,20,3,양버즘나무,PTA,127.013580861,37.514435089
"15974",0,10,0,느티나무,ZS,127.024837428,37.483437593
"15975",6,22,5,은행나무,GB,127.046792186,37.468714317
"15976",6,15,4,칠엽수,AC,127.011192401,37.503498554
"15977",8,17,5,양버즘나무,PTA,127.026865251,37.49163395
"15978",8,24,5,양버즘나무,PTA,127.025690918,37.493686887
"15979",8,37,6,양버즘나무,PTA,127.034997186,37.463547301
"15980",5,21,5,느티나무,ZS,126.98942529,37.479158644
"15981",7,31,12,양버즘나무,PTA,126.995933275,37.483967874
"15982",4,42,12,느티나무,ZS,127.084778297,37.461536257
"15983",11,36,7,양버즘나무,PTA,126.991351519,37.502363367
"15984",6,19,5,은행나무,GB,126.99545444,37.494054968
"15985",7,30,5,메타세쿼이아,TB,127.021750221,37.46166587
"15986",6,23,3,느티나무,ZS,126.983895286,37.476445968
"15987",10,26,6,은행나무,GB,126.998371157,37.497466728
"15988",8,25,5,양버즘나무,PTA,127.028777813,37.488579007
"15989",10,40,8,메타세쿼이아,TB,127.029618979,37.47290772
"15990",7,17,5,은행나무,GB,127.010422869,37.512423669
"15991",6,13,4,은행나무,GB,127.058413212,37.443679137
"15992",12,23,10,양버즘나무,PTA,127.038361877,37.478390206
"15993",9,15,3,은행나무,GB,127.025730762,37.494081879
"15994",15,22,6,양버즘나무,PTA,127.037991183,37.480813211
"15995",10,28,6,양버즘나무,PTA,126.985798467,37.504847139
"15996",12,30,10,양버즘나무,PTA,127.000548652,37.505667706
"15997",8,15,4,은행나무,GB,127.010486936,37.512306641
"15998",7,10,3,은행나무,GB,127.025769044,37.493996206
"15999",8,31,8,양버즘나무,PTA,127.034114263,37.464855321
"16000",5,23,4,느티나무,ZS,127.045101999,37.463506803
"16001",6,13,2,은행나무,GB,127.05211802,37.451864317
"16002",8,30,5,양버즘나무,PTA,127.024069936,37.491177878
"16003",9,21,5,느티나무,ZS,127.060721377,37.45696076
"16004",7,16,4,느티나무,ZS,127.010042666,37.505111244
"16005",7,24,5,양버즘나무,PTA,126.987968995,37.477808865
"16006",13,36,12,가중나무,AA,127.008018674,37.509416338
"16007",9,30,8,느티나무,ZS,127.073320484,37.458210579
"16008",12,39,8,양버즘나무,PTA,126.982510317,37.488013913
"16009",14,36,5,양버즘나무,PTA,127.00444297,37.498897808
"16010",13,23,8,양버즘나무,PTA,127.038039455,37.47948555
"16011",15,36,5,양버즘나무,PTA,127.001983857,37.503614807
"16012",9,24,5,양버즘나무,PTA,127.022675658,37.500399862
"16013",8,20,2,느티나무,ZS,127.039199265,37.469198706
"16014",10,22,4,양버즘나무,PTA,127.00429297,37.486529127
"16015",12,31,6,양버즘나무,PTA,126.990823915,37.484496744
"16016",4,14,2,메타세쿼이아,TB,127.018220005,37.48236138
"16017",11,29,8,양버즘나무,PTA,126.982039167,37.47986848
"16018",11,36,8,양버즘나무,PTA,126.986034842,37.500894693
"16019",10,31,7,양버즘나무,PTA,127.013355225,37.513437305
"16020",12,36,7,양버즘나무,PTA,127.011670337,37.493203151
"16021",7,13,3,메타세쿼이아,TB,127.042156747,37.478781808
"16022",12,35,5,양버즘나무,PTA,126.982830471,37.490232046
"16023",10,48,7,양버즘나무,PTA,127.010875987,37.48489406
"16024",14,46,12,가중나무,AA,127.013408424,37.5142299
"16025",8,15,4,양버즘나무,PTA,127.034152974,37.475332049
"16026",10,27,8,은행나무,GB,126.998258695,37.496192301
"16027",15,39,5,양버즘나무,PTA,126.998519808,37.504342626
"16028",6,35,8,느티나무,ZS,127.026255443,37.46004527
"16029",10,23,6,양버즘나무,PTA,127.036248608,37.48268943
"16030",6,12,3,은행나무,GB,127.048557066,37.456782037
"16031",7,28,9,느티나무,ZS,127.081824979,37.46115111
"16032",7,13,2,은행나무,GB,127.038488304,37.458832586
"16033",10,22,8,은행나무,GB,126.997901144,37.495091299
"16034",11,30,6,양버즘나무,PTA,126.985917548,37.504875402
"16035",11,36,7,양버즘나무,PTA,127.010664492,37.492895458
"16036",11,30,7,양버즘나무,PTA,127.022803632,37.496585975
"16037",6,17,3,은행나무,GB,127.040950969,37.469293449
"16038",10,27,7,양버즘나무,PTA,127.018672851,37.510408662
"16039",7,10,2,은행나무,GB,126.997059518,37.503908101
"16040",4,6,2,왕벚나무,PS,127.052434512,37.45094253
"16041",10,31,6,메타세쿼이아,TB,127.029133099,37.469197439
"16042",9,21,4,양버즘나무,PTA,127.004338849,37.48681269
"16043",13,44,12,가중나무,AA,127.014845341,37.520184046
"16044",9,24,7,은행나무,GB,126.998239288,37.497102473
"16045",7,27,5,양버즘나무,PTA,127.015304192,37.488511627
"16046",7,15,3,회화나무,STJ,127.011207913,37.502765676
"16047",5,10,2,메타세쿼이아,TB,126.99216467,37.473976835
"16048",11,33,10,양버즘나무,PTA,126.992923245,37.488682455
"16049",6,33,8,느티나무,ZS,127.016428837,37.484522933
"16050",12,22,7,양버즘나무,PTA,127.038213252,37.480320055
"16051",12,33,13,양버즘나무,PTA,126.98585945,37.503578874
"16052",10,30,9,양버즘나무,PTA,127.006540469,37.478288983
"16053",6,27,3,느티나무,ZS,127.049129076,37.461938895
"16054",4,10,2,메타세쿼이아,TB,127.018105527,37.482408386
"16055",6,13,1,은행나무,GB,127.045005083,37.47241859
"16056",8,24,7,양버즘나무,PTA,127.038405758,37.476785897
"16057",11,31,6,양버즘나무,PTA,127.013698409,37.493030709
"16058",12,24,5,메타세쿼이아,TB,127.039763758,37.473861227
"16059",5,19,4,메타세쿼이아,TB,127.024153729,37.463721462
"16060",10,33,10,가중나무,AA,127.003534257,37.507704379
"16061",8,11,1,은행나무,GB,127.025435935,37.494690477
"16062",12,17,3,은행나무,GB,126.98991862,37.493512668
"16063",11,35,5,양버즘나무,PTA,127.018646481,37.510154392
"16064",16,25,8,양버즘나무,PTA,127.036878397,37.48153311
"16065",7,16,3,은행나무,GB,127.048216604,37.469417471
"16066",6,16,3,은행나무,GB,126.988447243,37.464206945
"16067",19,17,6,은행나무,GB,127.043244394,37.480952106
"16068",10,38,12,양버즘나무,PTA,126.996464117,37.481208683
"16069",6,35,5,느티나무,ZS,127.023183544,37.460434145
"16070",6,20,3,양버즘나무,PTA,126.993608984,37.48034158
"16071",7,11,1,은행나무,GB,126.984908871,37.498419234
"16072",7,26,3,양버즘나무,PTA,127.029780221,37.484707803
"16073",8,18,6,양버즘나무,PTA,127.034131518,37.465128586
"16074",5,10,2,메타세쿼이아,TB,126.990090874,37.474832193
"16075",13,21,7,양버즘나무,PTA,127.038311389,37.480235942
"16076",9,28,12,양버즘나무,PTA,126.998346821,37.48169529
"16077",7,16,4,은행나무,GB,127.048235924,37.469657281
"16078",5,28,5,메타세쿼이아,TB,127.024527017,37.464059356
"16079",10,30,10,양버즘나무,PTA,126.991011022,37.492151555
"16080",9,33,6,느티나무,ZS,127.058721806,37.457445629
"16081",9,15,5,양버즘나무,PTA,127.034115045,37.466050241
"16082",6,16,3,은행나무,GB,127.029251004,37.473006337
"16083",7,11,2,은행나무,GB,127.044950523,37.467285781
"16084",9,18,3,양버즘나무,PTA,127.001800487,37.482110225
"16085",10,32,10,양버즘나무,PTA,127.041004041,37.467791192
"16086",13,25,8,양버즘나무,PTA,127.037810698,37.480210937
"16087",6,29,6,느티나무,ZS,127.048747812,37.461912643
"16088",8,25,2,양버즘나무,PTA,127.027042346,37.488048836
"16089",8,18,3,양버즘나무,PTA,127.018518478,37.500655863
"16090",11,28,8,양버즘나무,PTA,126.992481196,37.502593878
"16091",10,35,9,양버즘나무,PTA,127.006261985,37.478855393
"16092",9,32,6,느티나무,ZS,127.074659171,37.458646493
"16093",11,31,7,양버즘나무,PTA,126.988864189,37.501840733
"16094",9,14,4,은행나무,GB,127.00256993,37.482241251
"16095",7,19,4,은행나무,GB,127.048549,37.456650433
"16096",5,24,5,느티나무,ZS,126.987690573,37.480114541
"16097",8,24,5,양버즘나무,PTA,127.014657462,37.487649592
"16098",9,21,5,양버즘나무,PTA,127.010274436,37.49880324
"16099",7,20,6,은행나무,GB,127.045188446,37.472099472
"16100",9,28,6,은행나무,GB,127.017539487,37.515405715
"16101",13,28,6,양버즘나무,PTA,127.003969983,37.501345944
"16102",12,29,10,가중나무,AA,127.003309171,37.508511319
"16103",13,43,12,양버즘나무,PTA,127.027754835,37.497214348
"16104",7,23,7,은행나무,GB,127.042178322,37.475088072
"16105",7,22,4,은행나무,GB,127.031069892,37.473923102
"16106",11,40,8,양버즘나무,PTA,127.015864341,37.494492758
"16107",6,16,4,느티나무,ZS,126.993542745,37.487479286
"16108",9,25,6,은행나무,GB,127.0182322,37.515623769
"16109",10,30,9,양버즘나무,PTA,126.996664738,37.483201716
"16110",9,30,4,양버즘나무,PTA,127.042363246,37.481133276
"16111",13,24,10,양버즘나무,PTA,127.03793511,37.479811616
"16112",7,17,4,은행나무,GB,127.048651974,37.469958496
"16113",9,22,5,양버즘나무,PTA,127.010336274,37.498813899
"16114",6,12,3,느티나무,ZS,127.048019821,37.462225261
"16115",11,26,10,양버즘나무,PTA,126.999220317,37.478922565
"16116",7,19,5,칠엽수,AC,126.995072605,37.480512907
"16117",8,32,8,양버즘나무,PTA,127.008750949,37.504054746
"16118",6,27,7,은행나무,GB,127.043744206,37.474046585
"16119",7,26,6,메타세쿼이아,TB,127.029915041,37.472592937
"16120",8,15,4,은행나무,GB,126.993139584,37.493722615
"16121",13,45,12,느티나무,ZS,127.089872421,37.463421358
"16122",6,13,5,은행나무,GB,127.043906015,37.476540143
"16123",7,17,3,은행나무,GB,127.037066496,37.461865654
"16124",8,37,8,느티나무,ZS,127.057870837,37.457812333
"16125",12,49,12,가중나무,AA,127.008994634,37.515542557
"16126",6,12,2,은행나무,GB,127.057184626,37.445998927
"16127",7,13,2,은행나무,GB,127.038692957,37.458639443
"16128",10,19,6,양버즘나무,PTA,127.038960012,37.477295651
"16129",8,17,6,메타세쿼이아,TB,127.035013745,37.473826776
"16130",13,35,8,양버즘나무,PTA,126.982258444,37.483652957
"16131",9,29,5,양버즘나무,PTA,127.028484085,37.488238563
"16132",7,21,7,은행나무,GB,127.045986192,37.47457333
"16133",8,17,4,은행나무,GB,127.005457258,37.510007921
"16134",6,35,10,양버즘나무,PTA,127.014463517,37.490055958
"16135",10,22,5,양버즘나무,PTA,127.001074883,37.481924815
"16136",12,29,12,가중나무,AA,127.009263542,37.5161402
"16137",10,28,6,양버즘나무,PTA,127.033313489,37.468966279
"16138",12,34,9,양버즘나무,PTA,126.996602125,37.488538464
"16139",9,14,2,메타세쿼이아,TB,127.001917435,37.505423324
"16140",0,9,0,느티나무,ZS,127.010286756,37.479436103
"16141",6,13,3,은행나무,GB,127.052156039,37.451784967
"16142",12,31,5,양버즘나무,PTA,126.98752654,37.49172194
"16143",5,22,4,느티나무,ZS,127.04514787,37.463471168
"16144",11,27,6,양버즘나무,PTA,126.98723991,37.490128375
"16145",13,17,4,양버즘나무,PTA,127.037342254,37.48085501
"16146",6,23,6,메타세쿼이아,TB,127.025002764,37.464278508
"16147",7,32,6,느티나무,ZS,127.051582682,37.460507116
"16148",9,20,5,양버즘나무,PTA,127.020848265,37.486369115
"16149",8,22,6,칠엽수,AC,127.01185236,37.501119969
"16150",11,19,4,양버즘나무,PTA,127.01359843,37.511041128
"16151",10,41,7,양버즘나무,PTA,127.031828129,37.470783224
"16152",10,8,2,은행나무,GB,127.007130084,37.492460341
"16153",6,28,8,칠엽수,AC,127.013405375,37.495577914
"16154",6,17,4,느티나무,ZS,126.993331649,37.48802583
"16155",7,17,2,양버즘나무,PTA,127.03787422,37.477638598
"16156",7,17,4,은행나무,GB,127.045235163,37.475176945
"16157",13,26,4,양버즘나무,PTA,127.04123878,37.479910093
"16158",13,30,5,양버즘나무,PTA,127.028568466,37.487662552
"16159",10,25,6,양버즘나무,PTA,127.024032193,37.497184576
"16160",7,14,4,은행나무,GB,126.9858427,37.468907811
"16161",10,25,5,양버즘나무,PTA,126.988146401,37.488847067
"16162",10,29,5,양버즘나무,PTA,126.988234682,37.488710061
"16163",6,23,7,은행나무,GB,127.045030717,37.475499442
"16164",9,12,3,은행나무,GB,127.013988688,37.502689896
"16165",7,34,8,은행나무,GB,127.046218645,37.474235471
"16166",6,24,8,은행나무,GB,126.998279137,37.497893003
"16167",13,21,6,양버즘나무,PTA,127.026198467,37.4877941
"16168",12,24,6,양버즘나무,PTA,126.986625664,37.505008939
"16169",7,21,5,느티나무,ZS,127.052020299,37.46069517
"16170",6,15,3,은행나무,GB,127.052875068,37.450376574
"16171",8,28,5,양버즘나무,PTA,127.021983724,37.490692148
"16172",6,28,6,은행나무,GB,127.045319731,37.475215391
"16173",7,23,6,느티나무,ZS,127.054048339,37.459823178
"16174",8,15,5,은행나무,GB,127.010211012,37.512320322
"16175",9,31,5,양버즘나무,PTA,127.025483155,37.49413057
"16176",0,9,0,느티나무,ZS,127.00786951,37.478212682
"16177",5,12,3,은행나무,GB,127.057038504,37.446147892
"16178",12,30,7,양버즘나무,PTA,126.996807888,37.488694972
"16179",13,33,7,메타세쿼이아,TB,127.043822898,37.478043979
"16180",6,33,10,느티나무,ZS,127.012369434,37.457110892
"16181",7,17,5,은행나무,GB,127.010065329,37.512250534
"16182",7,27,6,칠엽수,AC,127.013656753,37.494511039
"16183",8,24,4,양버즘나무,PTA,127.036113298,37.47633217
"16184",6,11,2,메타세쿼이아,TB,126.998611767,37.473680698
"16185",13,35,12,가중나무,AA,127.010252314,37.517105843
"16186",13,30,8,가중나무,AA,127.00674304,37.511279515
"16187",10,31,10,양버즘나무,PTA,126.991529566,37.491317527
"16188",7,33,5,양버즘나무,PTA,127.024193261,37.49136539
"16189",7,17,4,느티나무,ZS,127.039360279,37.468960029
"16190",5,11,2,메타세쿼이아,TB,127.003688208,37.476162156
"16191",7,27,4,은행나무,GB,127.04441263,37.472989042
"16192",10,15,3,은행나무,GB,127.001300212,37.481946772
"16193",15,40,9,튤립나무,LT,126.998316203,37.504246593
"16194",9,26,6,은행나무,GB,127.018830762,37.515819707
"16195",9,24,5,양버즘나무,PTA,127.025410045,37.494282695
"16196",7,19,3,은행나무,GB,127.044441338,37.472818893
"16197",8,18,5,은행나무,GB,126.987912276,37.466588054
"16198",10,35,12,양버즘나무,PTA,127.021957483,37.509346827
"16199",4,13,2,메타세쿼이아,TB,127.018145017,37.482384739
"16200",10,39,6,양버즘나무,PTA,127.025288505,37.49711991
"16201",7,14,3,은행나무,GB,127.005924348,37.495063974
"16202",6,16,4,은행나무,GB,127.04657656,37.460075598
"16203",8,33,8,양버즘나무,PTA,127.03886863,37.472361657
"16204",6,21,4,은행나무,GB,126.987914796,37.461716042
"16205",6,11,2,은행나무,GB,127.066346658,37.434374892
"16206",8,34,10,느티나무,ZS,127.031810513,37.484377441
"16207",11,29,7,양버즘나무,PTA,127.015195173,37.519327294
"16208",5,27,6,느티나무,ZS,127.044349397,37.464158835
"16209",5,22,4,메타세쿼이아,TB,127.023802501,37.463438316
"16210",6,25,5,느티나무,ZS,127.011095416,37.456909388
"16211",6,26,8,느티나무,ZS,127.003444922,37.492175736
"16212",9,14,2,메타세쿼이아,TB,127.021250241,37.510809054
"16213",6,15,5,은행나무,GB,127.044127023,37.476369018
"16214",9,18,5,양버즘나무,PTA,127.00967557,37.498733346
"16215",7,26,10,양버즘나무,PTA,127.008032174,37.503772176
"16216",11,30,5,양버즘나무,PTA,127.005450318,37.496801625
"16217",6,12,4,은행나무,GB,127.048050325,37.469064605
"16218",9,34,6,양버즘나무,PTA,127.031026984,37.489466186
"16219",8,33,3,양버즘나무,PTA,127.038661317,37.472528207
"16220",10,29,6,메타세쿼이아,TB,127.040212792,37.473922445
"16221",9,21,8,양버즘나무,PTA,127.039218238,37.470171193
"16222",4,31,5,느티나무,ZS,127.015844554,37.484837562
"16223",9,25,6,양버즘나무,PTA,127.014138597,37.490282124
"16224",7,16,4,은행나무,GB,127.047821403,37.469356257
"16225",0,9,0,느티나무,ZS,127.014791035,37.481342172
"16226",6,16,4,은행나무,GB,127.048489209,37.473665075
"16227",8,26,5,양버즘나무,PTA,127.016140135,37.488769683
"16228",8,13,5,은행나무,GB,127.012485173,37.513315555
"16229",15,38,6,양버즘나무,PTA,126.993782994,37.502993475
"16230",13,49,10,양버즘나무,PTA,127.023977887,37.505092776
"16231",12,14,4,은행나무,GB,127.003682287,37.500706303
"16232",8,18,5,느티나무,ZS,127.076500691,37.458948024
"16233",6,15,3,은행나무,GB,127.046674755,37.460196321
"16234",9,28,6,양버즘나무,PTA,127.013945549,37.491535144
"16235",7,16,5,양버즘나무,PTA,126.993233347,37.480931204
"16236",8,28,5,양버즘나무,PTA,127.012102621,37.487696647
"16237",8,15,4,느티나무,ZS,127.046285379,37.462710242
"16238",6,27,8,느티나무,ZS,127.013701206,37.457308941
"16239",9,31,6,느티나무,ZS,127.014723822,37.484076809
"16240",12,34,8,튤립나무,LT,126.992731884,37.502662975
"16241",6,36,8,은행나무,GB,126.998214685,37.499388202
"16242",5,10,2,메타세쿼이아,TB,127.005155781,37.476530168
"16243",13,33,8,양버즘나무,PTA,127.038100791,37.480528107
"16244",6,22,5,양버즘나무,PTA,127.003734137,37.482706545
"16245",10,21,5,양버즘나무,PTA,126.987165188,37.490795936
"16246",7,14,2,은행나무,GB,127.003388747,37.508015591
"16247",14,31,6,양버즘나무,PTA,127.020607777,37.495670421
"16248",8,12,4,칠엽수,AC,127.011572173,37.50216324
"16249",7,28,6,칠엽수,AC,127.010886947,37.504068932
"16250",8,22,5,양버즘나무,PTA,127.034396439,37.466264711
"16251",5,8,3,왕벚나무,PS,127.048675545,37.456666704
"16252",6,16,2,은행나무,GB,127.046440958,37.460434451
"16253",4,11,3,회화나무,STJ,127.015750282,37.520420183
"16254",9,37,8,양버즘나무,PTA,127.035462404,37.463123692
"16255",7,26,8,양버즘나무,PTA,127.008818339,37.504080202
"16256",9,18,4,느티나무,ZS,127.07865791,37.459444561
"16257",6,17,3,양버즘나무,PTA,127.012650874,37.513556575
"16258",12,39,6,양버즘나무,PTA,126.983011682,37.49544917
"16259",7,23,5,양버즘나무,PTA,126.988865478,37.478519036
"16260",12,24,5,양버즘나무,PTA,127.024921419,37.48761486
"16261",9,29,8,느티나무,ZS,127.068041682,37.456140214
"16262",11,27,8,양버즘나무,PTA,127.036956698,37.481445301
"16263",12,26,7,양버즘나무,PTA,127.01218263,37.493229394
"16264",10,27,4,양버즘나무,PTA,127.02903181,37.492832471
"16265",8,31,8,느티나무,ZS,127.082118957,37.462917974
"16266",8,32,6,느티나무,ZS,127.046111021,37.462824021
"16267",7,17,4,은행나무,GB,127.046718016,37.468112788
"16268",12,31,6,양버즘나무,PTA,126.986497812,37.49131726
"16269",8,35,10,양버즘나무,PTA,127.009171609,37.504215855
"16270",6,29,7,느티나무,ZS,127.018223046,37.459314922
"16271",8,20,8,양버즘나무,PTA,127.038408061,37.477175161
"16272",10,24,5,양버즘나무,PTA,127.000866753,37.481871695
"16273",11,35,10,양버즘나무,PTA,126.986016256,37.503694402
"16274",8,17,4,양버즘나무,PTA,126.993780728,37.480112332
"16275",12,37,6,메타세쿼이아,TB,127.030976103,37.471682838
"16276",10,38,7,메타세쿼이아,TB,127.044019458,37.47812365
"16277",7,27,7,느티나무,ZS,127.011506537,37.493195547
"16278",10,29,10,양버즘나무,PTA,127.04087453,37.467910577
"16279",6,11,2,메타세쿼이아,TB,126.997294611,37.473438811
"16280",11,25,10,양버즘나무,PTA,126.993143783,37.488331405
"16281",6,36,7,메타세쿼이아,TB,127.027585898,37.466682594
"16282",8,35,5,양버즘나무,PTA,126.987403163,37.477532387
"16283",7,22,5,은행나무,GB,127.02638624,37.471021236
"16284",10,10,2,은행나무,GB,127.041567585,37.484660671
"16285",8,18,5,느티나무,ZS,127.062887418,37.455842575
"16286",13,47,12,가중나무,AA,127.005574906,37.512211647
"16287",6,27,4,느티나무,ZS,127.045816598,37.463486449
"16288",12,28,7,양버즘나무,PTA,127.007253923,37.506711339
"16289",11,19,3,양버즘나무,PTA,127.008351016,37.483587865
"16290",3,8,2,단풍나무,MP,126.985288943,37.485871169
"16291",7,25,5,양버즘나무,PTA,126.989196668,37.478688114
"16292",6,22,6,은행나무,GB,127.045415957,37.471820587
"16293",9,21,4,느티나무,ZS,127.076299341,37.458599001
"16294",9,21,5,양버즘나무,PTA,127.014464143,37.484589715
"16295",15,39,10,튤립나무,LT,126.997578489,37.504025106
"16296",13,22,8,양버즘나무,PTA,127.037456355,37.48080283
"16297",4,18,3,느티나무,ZS,126.987328109,37.479769417
"16298",9,23,7,은행나무,GB,126.998220906,37.496818017
"16299",8,12,1,은행나무,GB,127.009231183,37.51256463
"16300",7,31,6,메타세쿼이아,TB,127.020777436,37.460933986
"16301",6,27,5,양버즘나무,PTA,127.029441854,37.485456561
"16302",10,29,6,메타세쿼이아,TB,127.039930845,37.473766173
"16303",15,23,5,느티나무,ZS,127.021699457,37.482689319
"16304",4,22,6,느티나무,ZS,126.988976834,37.479342912
"16305",7,15,3,은행나무,GB,127.045540619,37.467710651
"16306",8,27,8,양버즘나무,PTA,127.038460327,37.476240965
"16307",6,26,5,메타세쿼이아,TB,127.026752466,37.465883352
"16308",8,27,3,은행나무,GB,126.986867338,37.501488677
"16309",14,14,3,메타세쿼이아,TB,127.017923972,37.481963655
"16310",11,32,12,양버즘나무,PTA,126.995162227,37.485169097
"16311",6,32,6,느티나무,ZS,127.014909367,37.481026705
"16312",13,35,8,양버즘나무,PTA,126.982030554,37.479242887
"16313",5,15,3,느티나무,ZS,126.986923098,37.485880856
"16314",13,18,7,양버즘나무,PTA,127.038260343,37.480339598
"16315",5,8,3,왕벚나무,PS,127.052320776,37.451183447
"16316",9,26,8,양버즘나무,PTA,127.034814674,37.467698922
"16317",6,14,2,메타세쿼이아,TB,126.997133337,37.473424305
"16318",10,23,5,느티나무,ZS,127.029177059,37.484022838
"16319",6,13,2,은행나무,GB,127.049147699,37.45610273
"16320",8,29,4,양버즘나무,PTA,127.011848497,37.513254904
"16321",4,13,3,은행나무,GB,127.027864659,37.472164714
"16322",6,14,4,은행나무,GB,127.048754307,37.456594805
"16323",0,9,0,느티나무,ZS,127.019156283,37.482617855
"16324",6,25,5,느티나무,ZS,127.048329744,37.462280151
"16325",12,32,6,양버즘나무,PTA,126.98283777,37.490418516
"16326",13,35,6,메타세쿼이아,TB,127.013801748,37.515476381
"16327",3,8,3,꽃사과,PRS,126.984991916,37.485627026
"16328",8,28,6,은행나무,GB,127.017429052,37.515511715
"16329",12,38,12,양버즘나무,PTA,126.985146675,37.498813234
"16330",8,24,7,양버즘나무,PTA,127.038880061,37.476117433
"16331",8,25,5,메타세쿼이아,TB,127.029363972,37.469218287
"16332",12,38,7,양버즘나무,PTA,126.988511145,37.492114199
"16333",10,26,10,양버즘나무,PTA,127.040695402,37.468077661
"16334",13,33,6,양버즘나무,PTA,127.005169052,37.496603406
"16335",7,35,7,느티나무,ZS,127.054638013,37.459569609
"16336",7,21,6,칠엽수,AC,127.013006194,37.496113961
"16337",7,24,6,은행나무,GB,126.993155343,37.479867112
"16338",11,20,10,양버즘나무,PTA,127.000651139,37.47671101
"16339",10,42,10,가중나무,AA,127.014987073,37.515055068
"16340",6,18,4,느티나무,ZS,127.016410244,37.484624283
"16341",10,30,10,양버즘나무,PTA,126.999630918,37.478699856
"16342",7,16,3,은행나무,GB,127.048698888,37.456508814
"16343",8,15,3,은행나무,GB,127.010388256,37.512346944
"16344",9,26,5,양버즘나무,PTA,127.004948418,37.481950462
"16345",0,9,0,느티나무,ZS,127.019057785,37.482599664
"16346",9,23,4,양버즘나무,PTA,127.004179046,37.486955498
"16347",12,32,8,양버즘나무,PTA,127.01580075,37.494197818
"16348",6,29,9,느티나무,ZS,127.013018275,37.457516563
"16349",15,33,7,양버즘나무,PTA,127.019750474,37.49568483
"16350",10,33,7,메타세쿼이아,TB,127.030627503,37.471830006
"16351",7,27,6,칠엽수,AC,127.012792852,37.498200555
"16352",9,34,5,양버즘나무,PTA,127.019409728,37.489759085
"16353",6,17,4,은행나무,GB,127.046532371,37.475660696
"16354",7,16,3,은행나무,GB,127.004548268,37.509251111
"16355",5,24,7,느티나무,ZS,126.9892665,37.479302809
"16356",9,29,7,양버즘나무,PTA,126.986427879,37.477066461
"16357",11,19,6,양버즘나무,PTA,126.986105312,37.504908968
"16358",10,10,2,칠엽수,AC,127.012586822,37.497927932
"16359",9,35,8,느티나무,ZS,127.034793858,37.484325897
"16360",11,22,8,양버즘나무,PTA,127.008961091,37.48884588
"16361",10,37,8,양버즘나무,PTA,126.998767618,37.480006478
"16362",10,29,10,양버즘나무,PTA,126.991739409,37.49097719
"16363",11,37,8,양버즘나무,PTA,127.013067754,37.493361093
"16364",13,34,12,양버즘나무,PTA,127.033188736,37.485826543
"16365",8,28,5,양버즘나무,PTA,126.994081966,37.480431323
"16366",4,23,4,느티나무,ZS,127.044701991,37.46438491
"16367",8,23,5,양버즘나무,PTA,127.015169912,37.48488584
"16368",8,21,4,양버즘나무,PTA,127.032936878,37.47491071
"16369",6,13,2,은행나무,GB,127.051884879,37.452100427
"16370",7,17,4,은행나무,GB,127.014931125,37.502239683
"16371",7,25,5,은행나무,GB,127.050093218,37.472226956
"16372",7,18,5,양버즘나무,PTA,126.992416355,37.482202794
"16373",4,10,2,칠엽수,AC,127.011316344,37.503268742
"16374",13,23,6,느티나무,ZS,127.029304653,37.483695376
"16375",12,30,3,양버즘나무,PTA,127.001634879,37.505006237
"16376",15,34,9,튤립나무,LT,126.998246024,37.504226409
"16377",7,23,6,은행나무,GB,127.050552222,37.471789442
"16378",13,30,6,양버즘나무,PTA,126.991225855,37.498331003
"16379",4,12,2,은행나무,GB,127.026182704,37.471065469
"16380",14,28,4,양버즘나무,PTA,127.040948586,37.47959512
"16381",7,30,5,은행나무,GB,127.044172322,37.473219982
"16382",7,28,5,느티나무,ZS,127.057701771,37.458259833
"16383",5,10,2,메타세쿼이아,TB,126.992689359,37.474135063
"16384",5,28,2,메타세쿼이아,TB,127.028601093,37.468582155
"16385",0,9,0,느티나무,ZS,127.010106681,37.479344345
"16386",5,14,4,은행나무,GB,127.024453769,37.471461539
"16387",11,39,8,양버즘나무,PTA,127.009280402,37.488191009
"16388",9,17,3,양버즘나무,PTA,127.017824102,37.48544167
"16389",9,32,5,양버즘나무,PTA,127.024429332,37.496728699
"16390",7,18,6,은행나무,GB,127.043683762,37.471277816
"16391",12,33,10,양버즘나무,PTA,127.004463407,37.489082379
"16392",9,11,3,은행나무,GB,127.00990031,37.51211254
"16393",6,18,6,양버즘나무,PTA,127.01475984,37.517715794
"16394",7,23,6,은행나무,GB,127.050499252,37.471838597
"16395",8,15,4,은행나무,GB,127.005260086,37.496413875
"16396",12,36,7,튤립나무,LT,127.019443678,37.510428435
"16397",5,27,8,느티나무,ZS,127.002539387,37.492996358
"16398",7,20,5,은행나무,GB,126.998412854,37.498126931
"16399",5,10,2,메타세쿼이아,TB,126.989407665,37.475022745
"16400",13,23,4,양버즘나무,PTA,127.023283716,37.486900164
"16401",13,26,4,양버즘나무,PTA,127.03940156,37.47824958
"16402",10,31,8,양버즘나무,PTA,126.998617309,37.480225918
"16403",7,12,2,은행나무,GB,127.036897974,37.461553995
"16404",9,29,5,양버즘나무,PTA,127.00466935,37.482633046
"16405",3,16,5,단풍나무,MP,127.010768311,37.493553159
"16406",7,26,5,양버즘나무,PTA,126.996426916,37.480974708
"16407",13,24,10,양버즘나무,PTA,127.038114161,37.479065288
"16408",9,27,7,양버즘나무,PTA,127.038880795,37.47621877
"16409",4,6,2,왕벚나무,PS,127.055569454,37.447524244
"16410",12,35,13,은행나무,GB,127.022163283,37.508918663
"16411",10,18,5,양버즘나무,PTA,127.013421349,37.514285687
"16412",12,26,8,양버즘나무,PTA,127.03585207,37.477773806
"16413",8,28,4,양버즘나무,PTA,127.035470899,37.463374842
"16414",0,9,0,느티나무,ZS,127.020854614,37.482569159
"16415",15,44,10,튤립나무,LT,126.994364827,37.503125182
"16416",5,28,6,느티나무,ZS,127.067829422,37.455933846
"16417",10,27,10,양버즘나무,PTA,127.040605438,37.468161121
"16418",8,27,8,양버즘나무,PTA,127.038868271,37.472213702
"16419",7,29,5,양버즘나무,PTA,126.995055379,37.480752082
"16420",10,30,6,은행나무,GB,127.016512856,37.51508175
"16421",12,26,7,양버즘나무,PTA,127.036367187,37.481976066
"16422",5,18,3,왕벚나무,PS,127.051882275,37.452344135
"16423",11,10,1,은행나무,GB,126.99398859,37.498264071
"16424",12,28,5,양버즘나무,PTA,127.005154642,37.497404825
"16425",8,18,6,양버즘나무,PTA,127.033385429,37.46888716
"16426",10,23,5,양버즘나무,PTA,127.008541168,37.483420314
"16427",3,22,3,느티나무,ZS,127.026418205,37.49985615
"16428",10,27,8,양버즘나무,PTA,126.994133935,37.498301752
"16429",9,24,6,느티나무,ZS,127.081184154,37.460689233
"16430",12,40,7,양버즘나무,PTA,127.011818784,37.493249036
"16431",13,34,5,양버즘나무,PTA,127.02776618,37.492445583
"16432",12,36,6,양버즘나무,PTA,126.985219712,37.490920273
"16433",10,24,5,양버즘나무,PTA,126.998360482,37.480224268
"16434",12,32,8,양버즘나무,PTA,127.009484076,37.492257134
"16435",3,24,3,느티나무,ZS,127.026503733,37.499670715
"16436",12,40,8,양버즘나무,PTA,127.009174213,37.492161349
"16437",5,10,2,메타세쿼이아,TB,127.00660702,37.477564948
"16438",11,40,6,양버즘나무,PTA,126.985424871,37.490835854
"16439",9,21,5,은행나무,GB,127.017090347,37.51526416
"16440",5,27,6,양버즘나무,PTA,127.014503394,37.489812648
"16441",13,26,5,양버즘나무,PTA,127.004892822,37.490070018
"16442",5,10,2,메타세쿼이아,TB,127.002658679,37.475336817
"16443",6,16,4,은행나무,GB,127.025350224,37.470204354
"16444",12,33,7,양버즘나무,PTA,127.00822162,37.492142058
"16445",10,25,8,양버즘나무,PTA,127.038067752,37.477971837
"16446",7,13,2,양버즘나무,PTA,127.012105157,37.509502482
"16447",6,22,6,느티나무,ZS,127.051758752,37.460619654
"16448",8,26,8,느티나무,ZS,127.031616573,37.484023359
"16449",10,20,6,양버즘나무,PTA,127.033271058,37.469011376
"16450",7,28,2,양버즘나무,PTA,127.018181836,37.500776424
"16451",7,25,4,느티나무,ZS,127.05712828,37.458512883
"16452",11,22,1,양버즘나무,PTA,127.016787001,37.501066927
"16453",7,12,3,은행나무,GB,127.036949775,37.460159264
"16454",12,18,8,양버즘나무,PTA,126.987342564,37.491648866
"16455",9,26,4,양버즘나무,PTA,127.00374448,37.484373144
"16456",12,37,12,가중나무,AA,127.01041369,37.517260918
"16480",15,26,7,양버즘나무,PTA,127.022387477,37.496458444
"16457",11,25,6,양버즘나무,PTA,126.990370154,37.502155923
"16458",12,32,8,양버즘나무,PTA,127.011453793,37.49286255
"16459",8,19,4,양버즘나무,PTA,127.035783279,37.476275935
"16460",13,26,5,양버즘나무,PTA,127.001756266,37.503894377
"16461",6,23,6,느티나무,ZS,127.053699816,37.459786496
"16462",8,19,6,느티나무,ZS,127.059958888,37.457348858
"16463",6,10,3,은행나무,GB,127.052963178,37.449910873
"16464",6,20,7,회화나무,STJ,127.011044865,37.485329518
"16465",6,19,5,은행나무,GB,127.041867395,37.4700427
"16466",7,13,3,은행나무,GB,127.050952436,37.453926756
"16467",7,30,2,양버즘나무,PTA,127.011952717,37.513306681
"16468",6,14,4,은행나무,GB,127.06805255,37.432687924
"16469",14,33,12,느티나무,ZS,127.087812068,37.462743292
"16470",4,42,12,느티나무,ZS,127.090720665,37.463485526
"16471",10,25,5,양버즘나무,PTA,126.990704056,37.484860312
"16472",14,13,1,은행나무,GB,127.021789365,37.486439135
"16473",10,31,5,양버즘나무,PTA,127.004734147,37.482402517
"16474",7,14,5,은행나무,GB,126.995835196,37.494112445
"16475",5,10,2,메타세쿼이아,TB,127.002368718,37.47519574
"16476",9,17,3,양버즘나무,PTA,127.02681569,37.491736029
"16477",8,19,3,양버즘나무,PTA,127.01866712,37.500597904
"16478",12,34,6,양버즘나무,PTA,126.989669722,37.494260022
"16479",7,19,4,은행나무,GB,127.009829246,37.483877074
"16481",14,32,6,양버즘나무,PTA,126.99055034,37.484921153
"16482",8,12,1,은행나무,GB,127.010193914,37.512208857
"16483",5,10,2,메타세쿼이아,TB,126.986811191,37.475466116
"16484",11,37,8,양버즘나무,PTA,127.010402145,37.492539172
"16485",7,17,4,은행나무,GB,127.044714573,37.471671954
"16486",10,18,5,은행나무,GB,126.998374195,37.497530136
"16487",8,30,7,양버즘나무,PTA,127.038879439,37.476008591
"16488",6,10,3,은행나무,GB,127.067404321,37.433329519
"16489",7,27,6,은행나무,GB,127.042624305,37.474577742
"16490",12,37,12,가중나무,AA,127.011520309,37.516599287
"16491",7,15,5,은행나무,GB,127.044535292,37.466985651
"16492",0,22,6,느티나무,ZS,127.038969807,37.473333034
"16493",10,39,7,양버즘나무,PTA,126.992591832,37.481750363
"16494",8,23,5,양버즘나무,PTA,127.026607476,37.491768369
"16495",10,28,5,양버즘나무,PTA,127.017177335,37.509956972
"16496",6,18,4,은행나무,GB,127.045723128,37.467387345
"16497",8,19,4,양버즘나무,PTA,127.034783955,37.463963536
"16498",5,17,3,느티나무,ZS,126.994255583,37.487916961
"16499",5,15,4,느티나무,ZS,127.044620591,37.463861742
"16500",0,15,5,느티나무,ZS,127.03888095,37.478631617
"16501",12,30,4,양버즘나무,PTA,127.036681864,37.476985916
"16502",13,15,4,양버즘나무,PTA,127.023009663,37.487035511
"16525",8,36,9,메타세쿼이아,TB,127.028196158,37.467666319
"16503",12,35,7,양버즘나무,PTA,127.020802716,37.511766409
"16504",14,39,6,양버즘나무,PTA,127.00404787,37.500672708
"16505",8,25,7,양버즘나무,PTA,127.038395748,37.476255799
"16506",8,26,6,느티나무,ZS,127.053730788,37.459586088
"16507",7,21,8,양버즘나무,PTA,127.038447669,37.471971421
"16508",8,10,3,칠엽수,AC,127.011594512,37.502105616
"16509",5,25,4,메타세쿼이아,TB,127.023881422,37.463504383
"16510",5,26,8,느티나무,ZS,126.988040419,37.486003015
"16511",12,31,6,양버즘나무,PTA,126.989694953,37.501783412
"16512",10,29,8,양버즘나무,PTA,126.998248434,37.480773957
"16513",7,24,6,양버즘나무,PTA,127.033752135,37.468723265
"16514",5,27,7,느티나무,ZS,126.988317159,37.479311625
"16515",11,32,8,양버즘나무,PTA,126.991524149,37.502398421
"16516",12,36,4,양버즘나무,PTA,127.007431382,37.492776697
"16517",7,15,2,양버즘나무,PTA,127.01323149,37.513511399
"16518",3,22,4,은행나무,GB,127.029276204,37.493888403
"16519",14,41,12,가중나무,AA,127.01169356,37.518505622
"16520",5,14,3,은행나무,GB,127.056769121,37.446404639
"16521",8,29,7,칠엽수,AC,127.010772067,37.503770724
"16522",9,12,6,은행나무,GB,126.986418131,37.468409418
"16523",9,27,5,느티나무,ZS,127.024821445,37.503332047
"16524",8,23,7,양버즘나무,PTA,127.012281476,37.513159736
"16526",7,22,4,양버즘나무,PTA,127.013469269,37.484398173
"16527",11,36,7,양버즘나무,PTA,127.007957092,37.492149662
"16528",16,19,6,양버즘나무,PTA,127.035299165,37.482945542
"16529",8,30,7,느티나무,ZS,127.065509612,37.45524312
"16530",13,30,4,양버즘나무,PTA,127.022569328,37.486898233
"16531",6,21,5,양버즘나무,PTA,127.002987442,37.482560293
"16532",8,27,5,양버즘나무,PTA,127.037929721,37.477679137
"16533",10,25,8,느티나무,ZS,127.031605537,37.482520796
"16534",12,33,5,양버즘나무,PTA,127.019884821,37.514219905
"16535",8,26,5,양버즘나무,PTA,127.021541248,37.502417226
"16536",9,23,7,느티나무,ZS,127.058470236,37.457740373
"16537",5,24,6,느티나무,ZS,126.98712481,37.486053904
"16538",8,24,4,양버즘나무,PTA,127.034578817,37.46415426
"16539",7,26,5,은행나무,GB,127.046445902,37.474135803
"16540",9,28,7,메타세쿼이아,TB,127.038055751,37.475341635
"16541",26,39,13,양버즘나무,PTA,127.033503922,37.485158575
"16542",17,23,10,양버즘나무,PTA,127.037999991,37.479430412
"16543",10,28,8,양버즘나무,PTA,127.041619099,37.466592863
"16544",12,37,10,양버즘나무,PTA,126.99962459,37.508628342
"16545",9,33,7,양버즘나무,PTA,127.038880346,37.475780799
"16546",8,25,2,양버즘나무,PTA,127.027226776,37.488105964
"16547",12,28,4,양버즘나무,PTA,127.042226737,37.48129901
"16548",4,20,4,느티나무,ZS,126.987337201,37.479637543
"16549",8,30,6,양버즘나무,PTA,127.030898604,37.48942713
"16550",8,24,5,느티나무,ZS,127.076167659,37.45883677
"16551",8,20,3,은행나무,GB,127.017785401,37.500921662
"16552",6,18,3,은행나무,GB,127.049049669,37.456193216
"16553",0,9,0,느티나무,ZS,127.01752543,37.481847075
"16554",14,33,7,양버즘나무,PTA,127.018593693,37.495324707
"16555",7,17,4,은행나무,GB,127.004192072,37.506658175
"16556",5,16,4,메타세쿼이아,TB,127.030561827,37.47095315
"16557",10,34,8,메타세쿼이아,TB,127.035232845,37.473865088
"16558",6,40,8,느티나무,ZS,127.025453172,37.460348839
"16559",5,10,2,메타세쿼이아,TB,127.005445551,37.476666807
"16560",9,26,5,양버즘나무,PTA,127.025110461,37.491627306
"16561",7,22,5,은행나무,GB,127.045049812,37.47707496
"16562",7,23,4,은행나무,GB,127.031113744,37.473953459
"16563",10,32,5,양버즘나무,PTA,127.005222406,37.497267624
"16564",7,18,4,은행나무,GB,127.049050496,37.473235965
"16565",8,24,5,은행나무,GB,127.038114836,37.458997634
"16566",9,18,4,느티나무,ZS,127.076550612,37.458677305
"16567",10,15,4,은행나무,GB,127.014097574,37.50266284
"16568",9,28,4,양버즘나무,PTA,127.024043633,37.504181104
"16569",11,36,13,양버즘나무,PTA,127.023184276,37.506760089
"16570",12,29,12,느티나무,ZS,127.08838644,37.462934165
"16571",7,23,8,칠엽수,AC,127.01230888,37.500294704
"16572",5,36,10,은행나무,GB,127.026794112,37.499194152
"16573",7,15,5,은행나무,GB,127.045481441,37.467667753
"16574",9,30,8,양버즘나무,PTA,127.01438001,37.502525094
"16575",10,25,5,양버즘나무,PTA,127.004617879,37.482262265
"16576",5,24,5,느티나무,ZS,126.987360518,37.475316139
"16577",7,30,5,은행나무,GB,127.044568809,37.472834074
"16578",11,25,6,양버즘나무,PTA,126.986055868,37.504900093
"16579",10,31,6,양버즘나무,PTA,127.005088124,37.497538159
"16580",8,30,6,양버즘나무,PTA,127.002764102,37.502662114
"16581",8,25,8,양버즘나무,PTA,127.038871663,37.473195235
"16582",9,24,5,양버즘나무,PTA,127.001829074,37.482334677
"16583",10,25,5,양버즘나무,PTA,127.028831777,37.487118727
"16584",14,17,4,느티나무,ZS,127.086018903,37.462155842
"16585",6,22,8,느티나무,ZS,127.004127859,37.491402558
